freq	unit	iccs	geo	1993 	1994 	1995 	1996 	1997 	1998 	1999 	2000 	2001 	2002 	2003 	2004 	2005 	2006 	2007 
A	NR	ICCS0101	Austria		88.0	78.0	99.0	66.0	77.0	60.0	82.0	70.0	65.0	50.0	59.0	54.0	60.0	45.0
A	NR	ICCS0101	Belgium								216.0	282.0	320.0	229.0	267.0	221.0	223.0	211.0
A	NR	ICCS0101	Bulgaria			461.0	404.0	369.0	381.0	327.0	332.0	308.0	255.0	247.0	240.0	196.0	183.0	169.0
A	NR	ICCS0101	Switzerland		80.0	82.0	83.0	87.0	76.0	89.0	69.0	86.0	86.0	73.0	79.0	75.0	60.0	51.0
A	NR	ICCS0101	Cyprus	9.0	8.0	10.0	10.0	7.0	7.0	10.0	8.0	7.0	3.0	15.0	15.0	15.0	12.0	11.0
A	NR	ICCS0101	Czechia		207.0		181.0	186.0	183.0	175.0	179.0	157.0	147.0	161.0	134.0	108.0	130.0	126.0
A	NR	ICCS0101	Germany	1250.0	1343.0	1406.0	1382.0	1265.0	998.0	1020.0	1015.0	925.0	955.0	859.0	868.0	869.0	808.0	757.0
A	NR	ICCS0101	Denmark	78.0	89.0	70.0	82.0	123.0	60.0	68.0	79.0	62.0	58.0	82.0	60.0	70.0	45.0	76.0
A	NR	ICCS0101	Estonia		302.0	246.0	214.0	178.0	196.0	157.0	143.0	137.0	142.0	147.0	91.0	113.0	91.0	93.0
A	NR	ICCS0101	Greece	150.0	133.0	151.0	169.0	203.0	176.0	155.0	146.0	132.0	94.0	116.0	111.0	132.0	110.0	128.0
A	NR	ICCS0101	Spain		429.0	411.0	397.0	463.0	522.0	486.0	553.0	577.0	564.0	587.0	520.0	518.0	476.0	482.0
A	NR	ICCS0101	Finland	130.0	147.0	146.0	156.0	139.0	113.0	143.0	148.0	156.0	132.0	103.0	144.0	113.0	112.0	128.0
A	NR	ICCS0101	France		1406.0	1336.0	1171.0	963.0	961.0	953.0	1051.0	1046.0	1119.0	987.0	990.0	976.0	879.0	826.0
A	NR	ICCS0101	Metropolitan France		1406.0	1336.0	1171.0	963.0	961.0	953.0	1051.0	1046.0	1119.0	987.0	990.0	976.0	879.0	826.0
A	NR	ICCS0101	Croatia	243.0	161.0	188.0	133.0	137.0	131.0	121.0	111.0	86.0	88.0	76.0	89.0	76.0	75.0	66.0
A	NR	ICCS0101	Hungary	298.0	313.0	296.0	271.0	289.0	289.0	253.0	205.0	254.0	203.0	228.0	209.0	164.0	175.0	137.0
A	NR	ICCS0101	Ireland		32.0	53.0	46.0	53.0	51.0	47.0	56.0	58.0	59.0	52.0	45.0	65.0	70.0	85.0
A	NR	ICCS0101	Iceland		0.0	0.0	1.0	2.0	0.0	2.0	5.0	1.0	4.0	0.0	3.0	3.0	0.0	2.0
A	NR	ICCS0101	Italy	1120.0	1008.0	1042.0	1001.0	924.0	918.0	854.0	818.0	765.0	691.0	765.0	767.0	648.0	663.0	685.0
A	NR	ICCS0101	Liechtenstein		0.0	0.0	0.0	0.0	0.0	1.0	0.0	0.0	0.0	0.0	1.0	0.0	0.0	0.0
A	NR	ICCS0101	Lithuania	498.0	560.0	485.0	389.0	370.0	343.0	334.0	408.0	377.0	316.0	385.0	356.0	404.0	302.0	284.0
A	NR	ICCS0101	Luxembourg		6.0	2.0	4.0	4.0	4.0	6.0	4.0	6.0	4.0	3.0	2.0	4.0	9.0	7.0
A	NR	ICCS0101	Latvia			281.0	256.0	259.0	238.0	214.0	219.0	214.0	207.0	220.0	199.0	127.0	148.0	117.0
A	NR	ICCS0101	Montenegro										27.0	20.0	14.0	22.0	25.0	10.0
A	NR	ICCS0101	North Macedonia								51.0	55.0	60.0	70.0	49.0	49.0	45.0	42.0
A	NR	ICCS0101	Malta						5.0	10.0	4.0	5.0	5.0	0.0	7.0	4.0	0.0	4.0
A	NR	ICCS0101	Netherlands		276.0	299.0	211.0	208.0	176.0	203.0	180.0	202.0	195.0	202.0	191.0	174.0	128.0	143.0
A	NR	ICCS0101	Norway	38.0	33.0	42.0	43.0	38.0	38.0	33.0	48.0	37.0	46.0	51.0	36.0	33.0	33.0	30.0
A	NR	ICCS0101	Poland	898.0	915.0	854.0	873.0	807.0	759.0	741.0	855.0	776.0	716.0	663.0	633.0	555.0	490.0	525.0
A	NR	ICCS0101	Portugal		143.0	109.0	106.0	114.0	125.0	109.0	116.0	105.0	119.0	149.0	144.0	135.0	155.0	185.0
A	NR	ICCS0101	Romania	722.0	749.0	758.0	722.0	693.0	559.0	566.0	581.0	597.0	563.0	551.0	516.0	453.0	438.0	416.0
A	NR	ICCS0101	Serbia								228.0	243.0	200.0	176.0	164.0	157.0	160.0	182.0
A	NR	ICCS0101	Sweden	102.0	98.0	83.0	97.0	91.0	93.0	99.0	89.0	84.0	101.0	81.0	102.0	83.0	91.0	111.0
A	NR	ICCS0101	Slovenia			45.0	38.0	36.0	15.0	25.0	36.0	15.0	29.0	21.0	29.0	20.0	12.0	24.0
A	NR	ICCS0101	Slovakia		129.0	128.0	132.0	140.0	128.0	141.0	143.0	129.0	128.0	146.0	122.0	106.0	89.0	89.0
A	NR	ICCS0101	Turkey	4043.0	3999.0	5684.0	5955.0	5516.0	5451.0	5068.0	6663.0	5527.0	5394.0	5062.0	4829.0	4879.0	4663.0	3090.0
A	NR	ICCS0101	England and Wales	670.0	727.0	753.0	679.0	739.0	750.0	766.0	850.0	891.0	1047.0	904.0	868.0	764.0	758.0	775.0
A	NR	ICCS0101	Scotland	116.0	111.0	133.0	134.0	90.0	96.0	120.0	104.0	111.0	128.0	109.0	139.0	102.0	123.0	111.0
A	NR	ICCS0101	Northern Ireland		86.0	24.0	39.0	42.0	75.0	34.0	48.0	52.0	45.0	33.0	41.0	29.0	24.0	30.0
A	NR	ICCS02-04	Austria							36211.0	39111.0	34383.0	36998.0	40008.0	41044.0	42928.0	43316.0	46217.0
A	NR	ICCS02-04	Belgium								103770.0	103017.0	107974.0	108573.0	109175.0	111451.0	113952.0	115645.0
A	NR	ICCS02-04	Bulgaria							12887.0	11018.0	10950.0	12176.0	12796.0	11284.0	10623.0	8766.0	8696.0
A	NR	ICCS02-04	Switzerland	6606.0	6002.0	6042.0	6932.0	7472.0	8015.0	8528.0	8152.0	8653.0	9265.0	10151.0	11917.0	11544.0	12784.0	13537.0
A	NR	ICCS02-04	Cyprus	149.0	170.0	198.0	180.0	186.0	176.0	197.0	185.0	200.0	203.0	294.0	383.0	325.0	319.0	301.0
A	NR	ICCS02-04	Czechia	20263.0	20573.0	22114.0	23212.0	23576.0	23810.0	23581.0	22206.0	22017.0	23956.0	22763.0	24025.0	22079.0	19454.0	19976.0
A	NR	ICCS02-04	Germany	160680.0	156272.0	170170.0	179455.0	186447.0	186306.0	186655.0	187103.0	188413.0	197492.0	204124.0	211172.0	212832.0	215471.0	217923.0
A	NR	ICCS02-04	Denmark	15869.0	16170.0	14919.0	14895.0	15758.0	15482.0	16615.0	17825.0	18026.0	18783.0	19213.0	19393.0	19078.0	19625.0	20597.0
A	NR	ICCS02-04	Estonia	809.0	900.0	813.0	751.0	781.0	710.0	638.0	676.0	643.0		2411.0	3287.0	4755.0	5154.0	5834.0
A	NR	ICCS02-04	Greece	8317.0	9081.0	8693.0	8149.0	8766.0	9312.0	9097.0	9105.0	9501.0	7507.0	10140.0	10145.0	10271.0	10427.0	10851.0
A	NR	ICCS02-04	Spain		107912.0	103039.0	114303.0	118370.0	122005.0	117341.0	109665.0	121094.0	120581.0	109798.0	108820.0	112426.0	114205.0	113473.0
A	NR	ICCS02-04	Finland	25226.0	26017.0	28218.0	30825.0	31202.0	31726.0	32089.0	34291.0	33355.0	34186.0	35293.0	36450.0	37105.0	38037.0	41664.0
A	NR	ICCS02-04	France	144368.0	155869.0	165381.0	178363.0	186006.0	194873.0	215698.0	243166.0	279324.0	288927.0	292658.0	292088.0	307501.0	326065.0	324765.0
A	NR	ICCS02-04	Metropolitan France	144368.0	155869.0	165381.0	178363.0	186006.0	194873.0	215698.0	243166.0	279324.0	288927.0	292658.0	292088.0	307501.0	326065.0	324765.0
A	NR	ICCS02-04	Croatia						4401.0	5373.0	6211.0	7584.0	8802.0	10032.0	11292.0	12405.0	13235.0	12966.0
A	NR	ICCS02-04	Hungary	24574.0	26035.0	25773.0	24784.0	26987.0	28414.0	28277.0	29145.0	30820.0	31221.0	31484.0	33364.0	32760.0	29728.0	29645.0
A	NR	ICCS02-04	Ireland	5470.0	5046.0	5764.0	6554.0	5488.0	4515.0		5676.0	8548.0	11976.0	9955.0	9615.0	9414.0	9920.0	10188.0
A	NR	ICCS02-04	Italy	114945.0	107766.0	98837.0	100931.0	103750.0	108935.0	111897.0	106051.0	107032.0	106624.0	111165.0	131764.0	136322.0	145209.0	153997.0
A	NR	ICCS02-04	Liechtenstein				85.0	82.0	87.0	78.0	83.0	85.0	82.0	109.0	96.0	107.0	88.0	86.0
A	NR	ICCS02-04	Lithuania	4743.0	5258.0	3838.0	4405.0	4899.0	4549.0	4339.0	5418.0	5144.0	5492.0	6042.0	6566.0	6561.0	5498.0	4754.0
A	NR	ICCS02-04	Luxembourg								1768.0	1689.0	2069.0	2124.0	2433.0	2367.0	2471.0	3233.0
A	NR	ICCS02-04	Latvia							3363.0	3937.0	3761.0	3407.0	3200.0	3366.0	2879.0	2750.0	1919.0
A	NR	ICCS02-04	Montenegro										4209.0	3940.0	4281.0	249.0	280.0	271.0
A	NR	ICCS02-04	North Macedonia								538.0	493.0	702.0	860.0	1094.0	1133.0	993.0	1037.0
A	NR	ICCS02-04	Malta												406.0	403.0	390.0	422.0
A	NR	ICCS02-04	Netherlands	61591.0	67077.0	65284.0	67479.0	74691.0	76787.0	87132.0	91738.0	101320.0	104336.0	106410.0	109887.0	138915.0	138215.0	138850.0
A	NR	ICCS02-04	Norway	14587.0	14870.0	15335.0	17405.0	17394.0	17324.0	17645.0	19374.0	19217.0	20414.0	20039.0	21360.0	21381.0	22591.0	23205.0
A	NR	ICCS02-04	Poland	44544.0	50080.0	53197.0	54481.0	60895.0	62461.0	70310.0	79763.0	76235.0	74875.0	77152.0	74614.0	68141.0	61399.0	54629.0
A	NR	ICCS02-04	Portugal		17103.0	17028.0	15498.0	16734.0	15463.0	18943.0	19730.0	21554.0	22945.0	23414.0	24266.0	23232.0	24157.0	21734.0
A	NR	ICCS02-04	Romania	9515.0	8930.0	9212.0	8720.0	8966.0	7846.0	7840.0	7703.0	7943.0	7130.0	6281.0	6388.0	6469.0	7240.0	5580.0
A	NR	ICCS02-04	Serbia								36104.0	43569.0	31400.0	25513.0	27950.0	29068.0	28864.0	29316.0
A	NR	ICCS02-04	Sweden	63788.0	65236.0	66311.0	65829.0	68349.0	70952.0	76746.0	75874.0	78407.0	79455.0	83782.0	86107.0	94205.0	98154.0	104627.0
A	NR	ICCS02-04	Slovenia	1327.0	1317.0	1906.0	2042.0	1902.0	1352.0	1434.0	1594.0	2807.0	3070.0	2893.0	2928.0	2856.0	3069.0	3087.0
A	NR	ICCS02-04	Slovakia	9722.0	9876.0	10990.0	11391.0	11564.0	12427.0	13531.0	13549.0	14450.0	15020.0	13724.0	13755.0	13575.0	11584.0	10274.0
A	NR	ICCS02-04	Turkey	12366.0	13251.0	55001.0	64487.0	67567.0	72601.0	71303.0	77017.0	87325.0	94920.0	96209.0	108371.0	125467.0	165119.0	138576.0
A	NR	ICCS02-04	England and Wales			310936.0	344766.0	347064.0	605797.0	703107.0	741954.0	821270.0	875665.0	963395.0	997607.0	997159.0	972283.0	885718.0
A	NR	ICCS02-04	Scotland	23085.0	23382.0	24360.0	25178.0	23656.0	25725.0	27321.0	24981.0	27085.0	28183.0	27423.0	27400.0	26558.0	27618.0	25182.0
A	NR	ICCS02-04	Northern Ireland	7507.0	7693.0	8368.0	9110.0	8251.0	21452.0	24163.0	24330.0	29745.0	32360.0	32669.0	32448.0	34288.0	35101.0	32388.0
A	NR	ICCS0401	Austria					1991.0	2234.0	2283.0	3034.0	2824.0	3638.0	4434.0	4798.0	4770.0	5095.0	5036.0
A	NR	ICCS0401	Belgium								28188.0	28755.0	30288.0	27986.0	24240.0	23995.0	22820.0	21186.0
A	NR	ICCS0401	Bulgaria			5737.0	5623.0	6481.0	4494.0	4044.0	4266.0	4069.0	4665.0	4933.0	4131.0	3754.0	2875.0	2996.0
A	NR	ICCS0401	Switzerland	4980.0	3812.0	3315.0	3776.0	4093.0	4273.0	4289.0	3752.0	3822.0	3968.0	4344.0	4749.0	3977.0	4088.0	4481.0
A	NR	ICCS0401	Cyprus	17.0	14.0	22.0	15.0	23.0	29.0	31.0	39.0	39.0	36.0	66.0	100.0	73.0	66.0	69.0
A	NR	ICCS0401	Czechia	4109.0	3826.0	3978.0	4281.0	4751.0	4306.0	4817.0	4644.0	4321.0	5434.0	5443.0	5931.0	5368.0	4613.0	4668.0
A	NR	ICCS0401	Germany				67578.0	69569.0	64405.0	61420.0	59414.0	57108.0	58867.0	59782.0	59732.0	54841.0	53696.0	52949.0
A	NR	ICCS0401	Denmark	4610.0	4171.0	4112.0	4368.0	4861.0	5008.0	5539.0	5915.0	5872.0	6033.0	5884.0	5733.0	5199.0	5048.0	5784.0
A	NR	ICCS0401	Estonia					3478.0	3978.0	4918.0	4754.0	4475.0		1885.0	1632.0	1298.0	1005.0	887.0
A	NR	ICCS0401	Greece	1505.0	1257.0	1600.0	1487.0	1967.0	2254.0	2048.0	1581.0	1735.0	1992.0	2083.0	2339.0	2084.0	2463.0	2823.0
A	NR	ICCS0401	Spain			87255.0	99282.0	104788.0	105528.0	101842.0	94831.0	106491.0	104380.0	92980.0	88413.0	90104.0	90591.0	89884.0
A	NR	ICCS0401	Finland					2016.0	2092.0	2277.0	2600.0	2157.0	2120.0	2045.0	2017.0	1814.0	1700.0	1784.0
A	NR	ICCS0401	France					80498.0	84291.0	94947.0	109836.0	134281.0	133137.0	125286.0	119641.0	124600.0	127190.0	112885.0
A	NR	ICCS0401	Metropolitan France					80498.0	84291.0	94947.0	109836.0	134281.0	133137.0	125286.0	119641.0	124600.0	127190.0	112885.0
A	NR	ICCS0401	Croatia	644.0	414.0	464.0	521.0	593.0	728.0	667.0	802.0	801.0	1204.0	1236.0	1622.0	1560.0	1445.0	1272.0
A	NR	ICCS0401	Hungary	2881.0	2570.0	2657.0	2689.0	3056.0	3056.0	3167.0	3494.0	3319.0	3389.0	3289.0	3227.0	2982.0	2709.0	3119.0
A	NR	ICCS0401	Ireland								1397.0	1744.0	1688.0	2894.0	2702.0	2406.0	2475.0	2151.0
A	NR	ICCS0401	Iceland								34.0	39.0	32.0	39.0	35.0	49.0	50.0	42.0
A	NR	ICCS0401	Italy	86306.0	79145.0	69535.0	68571.0	69993.0	73289.0	72836.0	67424.0	66671.0	68248.0	70625.0	66643.0	65724.0	71762.0	74130.0
A	NR	ICCS0401	Liechtenstein				4.0	7.0	7.0	7.0	2.0	1.0	1.0	3.0	2.0	1.0	4.0	5.0
A	NR	ICCS0401	Lithuania	3723.0	4217.0	2837.0	3481.0	3971.0	3646.0	3376.0	4374.0	4185.0	4535.0	4919.0	5323.0	5206.0	4343.0	3802.0
A	NR	ICCS0401	Luxembourg	254.0	291.0	252.0	260.0	288.0	372.0	352.0	307.0	257.0	367.0	374.0	339.0	351.0	263.0	331.0
A	NR	ICCS0401	Latvia							2619.0	3160.0	3059.0	2664.0	2503.0	2467.0	2163.0	2248.0	1468.0
A	NR	ICCS0401	Montenegro										4173.0	3908.0	4239.0	86.0	80.0	67.0
A	NR	ICCS0401	North Macedonia								296.0	266.0	463.0	573.0	783.0	709.0	503.0	521.0
A	NR	ICCS0401	Malta						318.0	212.0	146.0	160.0	156.0	195.0	265.0	256.0	222.0	200.0
A	NR	ICCS0401	Netherlands	16341.0	15928.0	15747.0	15156.0	14186.0	14498.0	17685.0	19004.0	21174.0	20647.0	20018.0	17683.0	16445.0	14485.0	13660.0
A	NR	ICCS0401	Norway	976.0	951.0	891.0	947.0	989.0	1240.0	1558.0	1635.0	1392.0	1548.0	1437.0	1596.0	1448.0	1388.0	1464.0
A	NR	ICCS0401	Poland	17475.0	19152.0	20252.0	20372.0	23988.0	26647.0	36597.0	43255.0	41208.0	40345.0	44086.0	41287.0	36347.0	29472.0	22766.0
A	NR	ICCS0401	Portugal	11918.0	14322.0	14396.0	12892.0	13901.0	12442.0	16065.0	17156.0	18585.0	19764.0	19767.0	21051.0	20183.0	20870.0	18427.0
A	NR	ICCS0401	Romania	4647.0	4161.0	4154.0	3866.0	4010.0	3548.0	3336.0	3280.0	3467.0	3025.0	2782.0	3087.0	3326.0	4078.0	2496.0
A	NR	ICCS0401	Serbia								32511.0	39627.0	27333.0	21126.0	22893.0	23854.0	23785.0	24272.0
A	NR	ICCS0401	Sweden	6101.0	5331.0	5747.0	5821.0	6641.0	6713.0	8628.0	8999.0	8538.0	8974.0	8575.0	8590.0	9398.0	8584.0	8673.0
A	NR	ICCS0401	Slovenia	205.0	275.0	292.0	507.0	341.0	379.0	463.0	474.0	503.0	449.0	349.0	398.0	429.0	525.0	450.0
A	NR	ICCS0401	Slovakia					1199.0	1231.0	1437.0	1264.0	1366.0	1578.0	1918.0	2156.0	1919.0	1594.0	1429.0
A	NR	ICCS0401	Turkey	353.0	262.0	1809.0	1671.0	1491.0	1656.0	1585.0	1858.0	3109.0	3943.0	4827.0	10864.0	15147.0	21609.0	12657.0
A	NR	ICCS0401	England and Wales	57845.0	60007.0	68074.0	74035.0	63072.0	66835.0	84277.0	95154.0	121359.0	110271.0	103736.0	91010.0	98198.0	101376.0	84773.0
A	NR	ICCS0401	Scotland	5582.0	5297.0	5330.0	5254.0	4484.0	4951.0	5075.0	4420.0	4228.0	4938.0	4159.0	3736.0	3553.0	3578.0	3064.0
A	NR	ICCS0401	Northern Ireland	1723.0	1567.0	1539.0	1725.0	1653.0	1395.0	1383.0	1767.0	2222.0	2497.0	1973.0	1487.0	1744.0	1574.0	1143.0
A	NR	ICCS05012	Austria		14160.0	13721.0	13849.0	12826.0	11811.0	10111.0	13262.0	13008.0	12674.0	13429.0	20276.0	21227.0	18945.0	20040.0
A	NR	ICCS05012	Belgium								83315.0	77330.0	79203.0	63994.0	57484.0	56978.0	63615.0	62964.0
A	NR	ICCS05012	Bulgaria			80671.0	70126.0	85356.0	43830.0	33004.0	39455.0	36269.0	31639.0	28210.0	25565.0	22379.0	23460.0	22208.0
A	NR	ICCS05012	Switzerland	69278.0	66466.0	67044.0	74321.0	82559.0	83416.0	76322.0	60384.0	57375.0	60822.0	68551.0	70370.0	61194.0	56706.0	57493.0
A	NR	ICCS05012	Cyprus	1443.0	1287.0	1002.0	1316.0	1083.0	1347.0	1026.0	1010.0	792.0	1228.0	3159.0	3311.0	2812.0	3084.0	2656.0
A	NR	ICCS05012	Czechia	17632.0	14804.0	13936.0	13538.0	13068.0	12752.0	12445.0	11294.0	10590.0	11933.0	12164.0	11670.0	10361.0	9603.0	9163.0
A	NR	ICCS05012	Germany	227090.0	210982.0	211221.0	195801.0	182009.0	166742.0	149044.0	140015.0	133722.0	130055.0	123280.0	124155.0	109736.0	106107.0	109128.0
A	NR	ICCS05012	Denmark	35562.0	31864.0	32363.0	33502.0	34648.0	31463.0	34311.0	32846.0	32274.0	35557.0	33879.0	32956.0	29439.0	31204.0	36342.0
A	NR	ICCS05012	Estonia	7137.0	6878.0	8175.0	6864.0	6610.0	7026.0	7588.0	7285.0	7652.0	7356.0	6495.0	5752.0	4766.0	3928.0	3096.0
A	NR	ICCS05012	Greece	32803.0	34011.0	42377.0	42825.0	44286.0	43228.0	36947.0	31840.0	31903.0	31805.0	31181.0	26489.0	37595.0	42069.0	49886.0
A	NR	ICCS05012	Spain			76610.0	80808.0	84430.0	89428.0	91553.0	90518.0	99066.0	93751.0	88128.0	81552.0	81495.0	80981.0	72723.0
A	NR	ICCS05012	Finland	13194.0	12829.0	11512.0	10311.0	10436.0	10291.0	9763.0	9264.0	7957.0	7406.0	7373.0	7901.0	7281.0	5923.0	6532.0
A	NR	ICCS05012	France	248002.0	246641.0	237624.0	236272.0	213561.0	207274.0	191102.0	186492.0	210850.0	224223.0	216797.0	202880.0	181503.0	177840.0	165780.0
A	NR	ICCS05012	Metropolitan France	248002.0	246641.0	237624.0	236272.0	213561.0	207274.0	191102.0	186492.0	210850.0	224223.0	216797.0	202880.0	181503.0	177840.0	165780.0
A	NR	ICCS05012	Croatia								2957.0	4037.0	4174.0	4125.0	3734.0	3396.0	2981.0	3094.0
A	NR	ICCS05012	Hungary	17771.0	21061.0	22372.0	30116.0	31269.0	30525.0	29902.0	26866.0	26194.0	22907.0	19366.0	18671.0	17786.0	16856.0	17415.0
A	NR	ICCS05012	Ireland	18238.0	18713.0	18506.0	17672.0	16970.0	15840.0	14286.0	13376.0	14877.0	15474.0	16436.0	24913.0	26381.0	24788.0	23603.0
A	NR	ICCS05012	Iceland								2407.0	2857.0	3208.0	2889.0	2769.0	2244.0	2365.0	2277.0
A	NR	ICCS05012	Italy	192141.0	198401.0	212477.0	230258.0	237445.0	246804.0	234252.0	207317.0	183496.0	169430.0	173097.0	112112.0	122250.0	143726.0	169367.0
A	NR	ICCS05012	Liechtenstein			142.0	203.0	95.0	92.0	74.0	95.0	72.0	87.0	123.0	121.0	97.0	120.0	102.0
A	NR	ICCS05012	Lithuania	6964.0	7414.0	7462.0	8631.0	9424.0	9246.0	9180.0	9203.0	8647.0	6989.0	8573.0	9174.0	7065.0	6637.0	5516.0
A	NR	ICCS05012	Luxembourg	2942.0	3728.0	3249.0	3152.0	2416.0	2649.0	2092.0	2081.0	1947.0	1992.0	2206.0	2100.0	1486.0	1838.0	2030.0
A	NR	ICCS05012	Latvia							4706.0	5614.0	5439.0	5177.0	5327.0	6031.0	4310.0	4624.0	3654.0
A	NR	ICCS05012	North Macedonia								981.0	1036.0	792.0	1088.0	1275.0	1146.0	1367.0	1590.0
A	NR	ICCS05012	Malta							675.0	784.0	618.0	679.0	682.0	782.0	1113.0	856.0	735.0
A	NR	ICCS05012	Netherlands	119858.0	123962.0	118115.0	103951.0	97690.0	90613.0	92252.0	91420.0	90284.0	101920.0	103577.0	95952.0	96015.0	95165.0	89415.0
A	NR	ICCS05012	Norway	18663.0	17329.0	18382.0	18054.0	15976.0	14128.0	11821.0	10402.0	9641.0	10482.0	10475.0	8613.0	8136.0	7268.0	6777.0
A	NR	ICCS05012	Poland		57120.0	62011.0	65985.0	70187.0	74137.0	74326.0	77397.0	72167.0	67290.0	65172.0	66795.0	59325.0	46610.0	37644.0
A	NR	ICCS05012	Portugal	19376.0	23130.0	21981.0	22798.0	24202.0	21515.0	22224.0	21153.0	20806.0	19989.0	21963.0	22587.0	21840.0	23314.0	22324.0
A	NR	ICCS05012	Romania	15411.0	17842.0	31163.0	29024.0	31311.0	29404.0	21287.0	19024.0	17551.0	12001.0	10063.0	10002.0	9135.0	9165.0	10829.0
A	NR	ICCS05012	Serbia								9685.0	11906.0	9084.0	6890.0	7611.0	7738.0	6224.0	6184.0
A	NR	ICCS05012	Sweden	20237.0	17670.0	16701.0	16835.0	18359.0	17536.0	16834.0	17581.0	15169.0	16562.0	17344.0	17573.0	16654.0	15005.0	16936.0
A	NR	ICCS05012	Slovenia		1383.0	1361.0				988.0	3274.0	2522.0	3051.0	2368.0	2750.0	2286.0	2220.0	2282.0
A	NR	ICCS05012	Slovakia	3928.0	4666.0	4480.0	3859.0	3854.0	3639.0	3601.0	3248.0	3144.0	2785.0	2642.0	3023.0	2809.0	2602.0	2437.0
A	NR	ICCS05012	Turkey								20493.0	28877.0	29149.0	32162.0	36935.0	58062.0	90150.0	73727.0
A	NR	ICCS05012	England and Wales			643645.0	602128.0	519265.0	473349.0	442602.0	402984.0	430347.0	437583.0	402345.0	321507.0	300517.0	292260.0	280696.0
A	NR	ICCS05012	Scotland		53116.0	44725.0	40814.0	36792.0	38033.0	36265.0	32684.0	30181.0	29623.0	24828.0	23613.0	21232.0	20429.0	17465.0
A	NR	ICCS05012	Northern Ireland	8080.0	9833.0	9774.0	8530.0	7435.0	7725.0	7665.0	8372.0	9071.0	10122.0	8943.0	7302.0	7255.0	6831.0	6712.0
A	NR	ICCS050211	Austria			6095.0	5791.0	5950.0	5771.0	5679.0	8601.0	5740.0	5489.0	7720.0	8156.0	11089.0	8959.0	7802.0
A	NR	ICCS050211	Belgium								54146.0	49822.0	45263.0	36222.0	29878.0	26769.0	26754.0	24884.0
A	NR	ICCS050211	Bulgaria			2451.0	2413.0	2433.0	1758.0	1507.0	2422.0	2076.0	2196.0	1488.0	1268.0	785.0	640.0	448.0
A	NR	ICCS050211	Cyprus	587.0	551.0	543.0	1661.0	1548.0	1252.0	959.0	1237.0	1441.0	1206.0	1569.0	1475.0	1610.0	1780.0	2025.0
A	NR	ICCS050211	Czechia	28322.0	28101.0	27327.0	29639.0	31331.0	29779.0	28946.0	25539.0	23539.0	26143.0	25331.0	24230.0	23040.0	20996.0	20329.0
A	NR	ICCS050211	Germany	276745.0	272357.0	262620.0	225787.0	190585.0	162518.0	140636.0	127750.0	121533.0	116230.0	109846.0	107920.0	96451.0	90224.0	92628.0
A	NR	ICCS050211	Denmark	46173.0	45743.0	46174.0	51512.0	50220.0	46020.0	42179.0	41740.0	37444.0	37390.0	34037.0	31525.0	25887.0	25183.0	25868.0
A	NR	ICCS050211	Estonia	2621.0	2536.0	1955.0	1643.0	1762.0	2106.0	2455.0	2322.0	2818.0	2628.0	2099.0	1840.0	1929.0	1239.0	1007.0
A	NR	ICCS050211	Greece				5309.0	6568.0	7610.0	7239.0	5585.0	5700.0	5385.0	5865.0	5568.0	17552.0	20216.0	22516.0
A	NR	ICCS050211	Spain		99769.0	98848.0	113924.0	142047.0	147620.0	148881.0	144509.0	158898.0	156232.0	138829.0	126902.0	120946.0	117663.0	107786.0
A	NR	ICCS050211	Finland	21059.0	21043.0	19772.0	20261.0	22015.0	26404.0	29611.0	26391.0	22583.0	23115.0	21922.0	19326.0	16791.0	15276.0	14827.0
A	NR	ICCS050211	France		484179.0	453525.0	443767.0	417360.0	415930.0	395947.0	401057.0	418983.0	382148.0	328678.0	285680.0	260538.0	243153.0	224658.0
A	NR	ICCS050211	Metropolitan France		484179.0	453525.0	443767.0	417360.0	415930.0	395947.0	401057.0	418983.0	382148.0	328678.0	285680.0	260538.0	243153.0	224658.0
A	NR	ICCS050211	Croatia								2055.0	2222.0	2404.0	2338.0	2462.0	2274.0	2033.0	2069.0
A	NR	ICCS050211	Hungary	13254.0	16051.0	18391.0	24094.0	20823.0	21011.0	16822.0	14470.0	12585.0	11569.0	12240.0	10969.0	10770.0	10058.0	15017.0
A	NR	ICCS050211	Ireland	13244.0	12039.0	11754.0	13405.0	13589.0	13793.0	14851.0	16140.0	14710.0	14111.0	12463.0	14369.0	14199.0	13661.0	13531.0
A	NR	ICCS050211	Italy	311256.0	302490.0	305438.0	317897.0	301233.0	309113.0	294726.0	243890.0	235946.0	232564.0	221543.0	270129.0	265975.0	280167.0	277549.0
A	NR	ICCS050211	Liechtenstein					6.0	7.0	17.0	6.0	8.0	7.0	14.0	16.0	10.0	7.0	7.0
A	NR	ICCS050211	Lithuania	3037.0	5068.0	5206.0	4561.0	4485.0	4843.0	4279.0	5991.0	6626.0	6484.0	7022.0	6330.0	4541.0	3460.0	2848.0
A	NR	ICCS050211	Luxembourg	1234.0	898.0	1196.0	819.0	675.0	655.0	626.0	542.0	496.0	519.0	453.0	526.0	464.0	523.0	454.0
A	NR	ICCS050211	Latvia			2774.0	2215.0	2082.0	2493.0	3102.0	2932.0	2769.0	2845.0	3369.0	2960.0	2023.0	2168.0	1729.0
A	NR	ICCS050211	Montenegro										166.0	78.0	67.0	121.0	98.0	98.0
A	NR	ICCS050211	North Macedonia								730.0	511.0	576.0	560.0	827.0	567.0	365.0	413.0
A	NR	ICCS050211	Malta						1166.0	1076.0	1051.0	848.0	707.0	887.0	798.0	672.0	584.0	388.0
A	NR	ICCS050211	Netherlands	49505.0	53182.0	46909.0	41919.0	46086.0	45770.0	46079.0	46634.0	43068.0	42428.0	34271.0	30652.0	27425.0	23825.0	21425.0
A	NR	ICCS050211	Norway	19746.0	19436.0	20817.0	19703.0	18432.0	19781.0	19068.0	21285.0	18833.0	22595.0	20130.0	17867.0	15350.0	14619.0	12571.0
A	NR	ICCS050211	Poland	29556.0	42021.0	50684.0	47557.0	53319.0	61151.0	71543.0	68062.0	59458.0	53674.0	54291.0	51150.0	45292.0	30529.0	21284.0
A	NR	ICCS050211	Portugal	15542.0	18340.0	17360.0	19993.0	22792.0	26965.0	28163.0	26428.0	26162.0	30250.0	29934.0	29237.0	25716.0	24495.0	23957.0
A	NR	ICCS050211	Romania	2078.0	2362.0	2687.0	1800.0	2110.0	2284.0	2331.0	2149.0	1952.0	1297.0	1127.0	1120.0	1082.0	1266.0	1817.0
A	NR	ICCS050211	Serbia								5889.0	6796.0	4600.0	3056.0	3572.0	3472.0	3533.0	4075.0
A	NR	ICCS050211	Sweden	73782.0	66234.0	70299.0	71567.0	78826.0	76495.0	78216.0	75125.0	73309.0	75593.0	67199.0	60980.0	56719.0	51639.0	49249.0
A	NR	ICCS050211	Slovenia		1350.0	1425.0	1946.0	1549.0	1997.0	1147.0	1291.0	691.0	815.0	682.0	704.0	873.0	852.0	839.0
A	NR	ICCS050211	Slovakia	9698.0	9137.0	7696.0	6682.0	7438.0	7682.0	7123.0	6073.0	5344.0	5099.0	5295.0	6000.0	5591.0	5525.0	4719.0
A	NR	ICCS050211	Turkey	299.0	278.0	15192.0	22873.0	19897.0	19394.0	18177.0	15276.0	20565.0	20773.0	25517.0	25749.0	33441.0	33201.0	24263.0
A	NR	ICCS050211	England and Wales	597519.0	524094.0	508450.0	493489.0	407239.0	391807.0	374686.0	338796.0	328115.0	318507.0	291858.0	242732.0	214182.0	193384.0	170038.0
A	NR	ICCS050211	Scotland	42816.0	41962.0	37514.0	34161.0	28646.0	28433.0	29818.0	26238.0	23208.0	22495.0	17843.0	15633.0	14041.0	15000.0	12105.0
A	NR	ICCS050211	Northern Ireland	9011.0	8974.0	7794.0	8404.0	8633.0	9715.0	10196.0	10806.0	11635.0	8410.0	5369.0	4457.0	3724.0	3418.0	3336.0
A	NR	ICCS0601	Austria			2058.0	2209.0	2656.0	2594.0	2514.0	1503.0	2399.0	2320.0	2506.0	2443.0	2337.0	2377.0	2473.0
A	NR	ICCS0601	Belgium								11893.0	10847.0	10862.0	10976.0	12228.0	12874.0	13202.0	14220.0
A	NR	ICCS0601	Bulgaria							808.0	424.0	1487.0	1648.0	2006.0	2412.0	2720.0	2824.0	2844.0
A	NR	ICCS0601	Switzerland	8798.0	7663.0	7685.0	8072.0	7868.0	7896.0	8147.0	7549.0	7416.0	7877.0	7806.0	7803.0	7076.0	6296.0	6297.0
A	NR	ICCS0601	Cyprus	86.0	135.0	157.0	183.0	240.0	285.0	251.0	289.0	397.0	433.0	475.0	514.0	611.0	653.0	876.0
A	NR	ICCS0601	Czechia								4336.0	4052.0	4114.0	3497.0	2803.0	2706.0	2668.0	2639.0
A	NR	ICCS0601	Germany		45088.0	54889.0	65615.0	69093.0	68994.0	73271.0	76594.0	79787.0	76038.0	73375.0	75347.0	72002.0	64865.0	64093.0
A	NR	ICCS0601	Denmark								2527.0	2553.0	2675.0	2667.0	3158.0	2738.0	2917.0	3258.0
A	NR	ICCS0601	Estonia	8.0	8.0	12.0	30.0	30.0	117.0	180.0	306.0	628.0	632.0	604.0	494.0	686.0	981.0	1449.0
A	NR	ICCS0601	Greece	1577.0	1837.0	2930.0	4272.0	5970.0	6574.0	6692.0	7785.0	9820.0	10424.0	10904.0	8838.0	10183.0	9600.0	9271.0
A	NR	ICCS0601	Spain		15608.0	15119.0	15308.0	14419.0	13985.0	12708.0	11496.0	12160.0	12133.0	11742.0	11947.0	11968.0	12711.0	14098.0
A	NR	ICCS0601	Finland		5936.0	9052.0	7868.0	8323.0	9461.0	11674.0	13445.0	14869.0	6617.0	5974.0	5269.0	5177.0	4837.0	5115.0
A	NR	ICCS0601	France		8714.0	5661.0	5158.0	8300.0	11908.0	12529.0	4254.0	4047.0	5165.0	6094.0	6296.0	6108.0	5792.0	5797.0
A	NR	ICCS0601	Metropolitan France		8714.0	5661.0	5158.0	8300.0	11908.0	12529.0	4254.0	4047.0	5165.0	6094.0	6296.0	6108.0	5792.0	5797.0
A	NR	ICCS0601	Croatia								7338.0	8609.0	8717.0	7992.0	7529.0	8186.0	8346.0	7952.0
A	NR	ICCS0601	Hungary	230.0	259.0	438.0	451.0	957.0	2075.0	2881.0	3454.0	4332.0	4790.0	3387.0	6678.0	7626.0	6740.0	4676.0
A	NR	ICCS0601	Ireland								1737.0	2198.0	2632.0	2430.0	2270.0	2745.0	3152.0	3817.0
A	NR	ICCS0601	Iceland								103.0	117.0	121.0	149.0	165.0	95.0	92.0	104.0
A	NR	ICCS0601	Italy	33310.0	38290.0	38269.0	38954.0	41420.0	43014.0	45038.0	34800.0	36045.0	37965.0	37288.0	30053.0	32059.0	32306.0	34439.0
A	NR	ICCS0601	Liechtenstein				214.0	107.0	179.0	274.0	269.0	387.0	447.0	364.0	459.0	435.0	285.0	225.0
A	NR	ICCS0601	Lithuania	25.0	58.0	68.0	93.0	54.0	93.0	58.0	90.0	165.0	213.0	509.0	711.0	999.0	704.0	765.0
A	NR	ICCS0601	Luxembourg	613.0	751.0	764.0	864.0	805.0	825.0	941.0	1226.0	1077.0	1321.0	1133.0	1342.0	1326.0	1201.0	1448.0
A	NR	ICCS0601	Latvia			271.0	361.0	428.0	389.0	511.0	655.0	830.0	629.0	997.0	1148.0	1049.0	997.0	1434.0
A	NR	ICCS0601	Montenegro										305.0	299.0	355.0	294.0	438.0	549.0
A	NR	ICCS0601	North Macedonia								410.0	335.0	273.0	397.0	357.0	390.0	315.0	451.0
A	NR	ICCS0601	Malta					37.0	88.0	100.0					78.0	113.0	123.0	149.0
A	NR	ICCS0601	Netherlands	3006.0	4452.0	4248.0	4626.0	7646.0	7690.0	7613.0	7474.0	10380.0	12752.0	15633.0	15662.0	19285.0	20035.0	19560.0
A	NR	ICCS0601	Norway	6777.0	7240.0	10793.0	12316.0	14455.0	15420.0	16059.0	17579.0	19945.0	19294.0	16152.0	16814.0	17118.0	19156.0	19086.0
A	NR	ICCS0601	Poland	228.0	127.0	284.0	494.0	1005.0	2231.0	2124.0	1806.0	2219.0	2371.0	2577.0	3296.0	3608.0	3220.0	3926.0
A	NR	ICCS0601	Portugal		4517.0	4512.0	3879.0	3390.0	3538.0	4091.0	3214.0	3853.0	4053.0	3739.0	3654.0	3536.0	3610.0	3265.0
A	NR	ICCS0601	Romania			368.0	597.0	803.0	620.0	653.0	561.0	658.0	1074.0	1131.0	1775.0	2441.0	3079.0	2796.0
A	NR	ICCS0601	Serbia								885.0	1082.0	1077.0	2492.0	4116.0	5256.0	5505.0	5414.0
A	NR	ICCS0601	Sweden			6924.0	6584.0	6062.0	5766.0	5798.0	4395.0	5086.0	5259.0	5129.0	4905.0	4670.0	6449.0	6918.0
A	NR	ICCS0601	Slovenia	199.0	261.0	310.0	452.0	631.0	676.0	746.0	939.0	1140.0	1162.0	775.0	997.0	1026.0	1590.0	1429.0
A	NR	ICCS0601	Slovakia		88.0	606.0	735.0	967.0	520.0	362.0	604.0	652.0	674.0	734.0	711.0	847.0	421.0	503.0
A	NR	ICCS0601	Turkey	1168.0	2039.0	1840.0	1968.0	2602.0	3145.0	3318.0	3520.0	4312.0	5147.0	5036.0	6720.0	8726.0	14647.0	26539.0
A	NR	ICCS0601	England and Wales		18340.0	21272.0	22122.0	23153.0	21788.0	19956.0	19820.0	19686.0	22435.0	24628.0	24190.0	25276.0	26550.0	28323.0
A	NR	ICCS0601	Scotland	5233.0	5918.0	7974.0	6957.0	8180.0	8490.0	8668.0	8761.0	10293.0	10327.0	9044.0	9333.0	9613.0	10890.0	9827.0
A	NR	ICCS0601	Northern Ireland		156.0	358.0	204.0	185.0	193.0	193.0	228.0	210.0	291.0	405.0	375.0	349.0	475.0	530.0
A	NR	TOTAL	Austria	493786.0	504568.0	486433.0	485450.0	481549.0	479859.0	493246.0	560306.0	522710.0	591584.0	643286.0	643648.0	605272.0	589495.0	594240.0
A	NR	TOTAL	Belgium								1002660.0	971437.0	1012781.0	1007783.0	1013674.0	999396.0	1022813.0	1034430.0
A	NR	TOTAL	Bulgaria			196346.0	184975.0	228219.0	163988.0	145035.0	148915.0	147022.0	146929.0	143921.0	142093.0	137800.0	136410.0	134685.0
A	NR	TOTAL	Switzerland	371740.0	358028.0	346634.0	356018.0	382769.0	378045.0	355255.0	317335.0	321713.0	356841.0	379343.0	389415.0	352723.0	335157.0	326232.0
A	NR	TOTAL	Cyprus	4300.0	4304.0	4033.0	4529.0	3910.0	4316.0	4212.0	4340.0	4506.0	4758.0	7256.0	7615.0	7212.0	7917.0	7556.0
A	NR	TOTAL	Czechia	398505.0	372427.0	375630.0	394267.0	403654.0	425930.0	426626.0	391469.0	358577.0	372341.0	357740.0	351629.0	344060.0	336446.0	357391.0
A	NR	TOTAL	Germany	6750613.0	6537748.0	6668717.0	6647598.0	6586165.0	6456996.0	6302316.0	6264723.0	6363865.0	6507394.0	6572135.0	6633156.0	6391715.0	6304223.0	6284661.0
A	NR	TOTAL	Denmark	546894.0	546926.0	538963.0	528488.0	531102.0	499167.0	494191.0	504231.0	473290.0	491511.0	486174.0	474419.0	432704.0	425093.0	445271.0
A	NR	TOTAL	Estonia	37163.0	35739.0	39570.0	35411.0	40972.0	45721.0	51539.0	57799.0	58497.0	53293.0	53595.0	53048.0	52916.0	51834.0	50375.0
A	NR	TOTAL	Greece	358503.0	303311.0	329110.0	349476.0	377749.0	385681.0	373680.0	369137.0	439629.0	441138.0	441839.0	405627.0	455952.0	463750.0	423422.0
A	NR	TOTAL	Spain	1544975.0	1604190.0	1659026.0	1770019.0	1823330.0	1865572.0	1895983.0	1852858.0	2052492.0	2183457.0	2144155.0	2141295.0	2230906.0	2267114.0	2309859.0
A	NR	TOTAL	Finland	433783.0	426371.0	422246.0	416181.0	412188.0	423794.0	436552.0	453056.0	430343.0	435009.0	443481.0	445465.0	432302.0	416131.0	435824.0
A	NR	TOTAL	France	3881894.0	3919008.0	3665320.0	3559617.0	3493442.0	3565525.0	3567864.0	3771849.0	4061792.0	4113882.0	3974694.0	3825442.0	3775838.0	3725588.0	3589293.0
A	NR	TOTAL	Metropolitan France	3881894.0	3919008.0	3665320.0	3559617.0	3493442.0	3565525.0	3567864.0	3771849.0	4061792.0	4113882.0	3974694.0	3825442.0	3775838.0	3725588.0	3589293.0
A	NR	TOTAL	Croatia	77280.0	64051.0	63015.0	58364.0	55085.0	56015.0	58190.0	68378.0	78351.0	77905.0	80377.0	85416.0	79946.0	81049.0	75857.0
A	NR	TOTAL	Hungary	400935.0	389451.0	502036.0	466050.0	514403.0	600621.0	505716.0	450673.0	465694.0	420782.0	413343.0	418833.0	436522.0	425941.0	426914.0
A	NR	TOTAL	Ireland	98979.0	101036.0	102484.0	100785.0	90875.0	85627.0	81274.0	73276.0	86633.0	106415.0	103462.0	99244.0	102206.0	103178.0	
A	NR	TOTAL	Iceland								18584.0	18547.0	19938.0	17515.0	16565.0	12028.0	13483.0	13038.0
A	NR	TOTAL	Italy	2259903.0	2173448.0	2267488.0	2422991.0	2440754.0	2425748.0	2373966.0	2205782.0	2163826.0	2231550.0	2456887.0	2417716.0	2579124.0	2771490.0	2933146.0
A	NR	TOTAL	Liechtenstein				1002.0	869.0	858.0	795.0	898.0	1086.0	1002.0	1138.0	1043.0	1059.0	1189.0	1075.0
A	NR	TOTAL	Lithuania	60378.0	58364.0	60819.0	68053.0	75816.0	78149.0	77108.0	82370.0	79265.0	72646.0	79072.0	84136.0	82074.0	75474.0	67990.0
A	NR	TOTAL	Luxembourg	28338.0	29166.0	28380.0	27566.0	24355.0	27155.0	26957.0	22816.0	22646.0	26046.0	26163.0	26907.0	25321.0	25913.0	28252.0
A	NR	TOTAL	Latvia			39141.0	38205.0	36865.0	36674.0	43969.0	50199.0	51082.0	49329.0	51773.0	62173.0	51435.0	62328.0	55620.0
A	NR	TOTAL	Montenegro									8463.0	8934.0	8613.0	8227.0	9579.0	9564.0	9258.0
A	NR	TOTAL	North Macedonia								19814.0	17139.0	18308.0	22547.0	22663.0	22634.0	22024.0	26224.0
A	NR	TOTAL	Malta						14793.0	16031.0	17016.0	15929.0	17023.0	17739.0	18384.0	18580.0	16527.0	15005.0
A	NR	TOTAL	Netherlands	1272500.0	1313600.0	1226700.0	1186512.0	1219935.0	1234900.0	1303446.0	1328909.0	1379454.0	1401871.0	1369271.0	1319482.0	1348285.0	1311770.0	1303835.0
A	NR	TOTAL	Norway	230180.0	234941.0	267925.0	271205.0	284695.0	293799.0	291924.0	306526.0	299714.0	319523.0	303824.0	287821.0	275684.0	277016.0	271712.0
A	NR	TOTAL	Poland	852507.0	906157.0	974941.0	897751.0	992373.0	1073042.0	1121545.0	1266910.0	1390089.0	1404229.0	1466643.0	1461217.0	1379962.0	1287918.0	1152993.0
A	NR	TOTAL	Portugal	307333.0	332228.0	326829.0	322255.0	321644.0	341122.0	362589.0	363294.0	372170.0	391599.0	417383.0	416420.0	392714.0	399563.0	398575.0
A	NR	TOTAL	Romania	219487.0	237004.0	297046.0	321651.0	361061.0	399105.0	363690.0	353745.0	340414.0	312204.0	276841.0	231637.0	208239.0	232659.0	281457.0
A	NR	TOTAL	Serbia								106020.0	121672.0	95638.0	90419.0	99866.0	102093.0	99244.0	104862.0
A	NR	TOTAL	Sweden	1191251.0	1112505.0	1145945.0	1175339.0	1196065.0	1181056.0	1194171.0	1214968.0	1189393.0	1234784.0	1255371.0	1248743.0	1241843.0	1224958.0	1306324.0
A	NR	TOTAL	Slovenia	44278.0	43635.0	38178.0	36587.0	37173.0	55259.0	61693.0	67618.0	74794.0	77218.0	76643.0	86568.0	84379.0	90354.0	88197.0
A	NR	TOTAL	Slovakia	146125.0	137713.0	114579.0	99402.0	92395.0	93895.0	94016.0	88817.0	93053.0	107373.0	111893.0	131244.0	123563.0	115152.0	110802.0
A	NR	TOTAL	Turkey	30482.0	36593.0	279001.0	344395.0	356677.0	357311.0	338606.0	337079.0	400337.0	438714.0	472153.0	507539.0	667820.0	975118.0	970554.0
A	NR	TOTAL	England and Wales	5526255.0	5146383.0	5100241.0	5036552.0	4600324.0	5105764.0	5298044.0	5167312.0	5521825.0	5974960.0	6013759.0	5637511.0	5555172.0	5427558.0	4952277.0
A	NR	TOTAL	Scotland	517247.0	500110.0	475697.0	451956.0	420642.0	431551.0	435703.0	423172.0	421093.0	427034.0	406979.0	438121.0	417785.0	419257.0	385509.0
A	NR	TOTAL	Northern Ireland	66228.0	67886.0	68808.0	68549.0	62222.0	109053.0	119111.0	119912.0	139786.0	142496.0	127953.0	118124.0	123194.0	121144.0	108468.0
