freq	leg_case	leg_stat	unit	geo	2008 	2009 	2010 	2011 	2012 	2013 	2014 	2015 	2016 	2017 	2018 	2019 	2020 	2021 	2022 
A	ADM	CRT_BGHT	NR	Albania						4432.0	21425.0	14098.0	14870.0	11952.0	11429.0	20698.0	18129.0	15207.0	
A	ADM	CRT_BGHT	NR	Bosnia and Herzegovina	8115.0	9214.0	10992.0	12066.0	11611.0	14559.0	13797.0	9109.0	7259.0	7026.0	7632.0	7932.0	7279.0	7938.0	9426.0
A	ADM	CRT_BGHT	NR	Bulgaria				27794.0	28173.0	25866.0	24306.0	25936.0	24620.0	30872.0	30600.0	34205.0	28782.0	28075.0	27299.0
A	ADM	CRT_BGHT	NR	Switzerland	15361.0		20209.0		23788.0				9021.0						
A	ADM	CRT_BGHT	NR	Czechia				5274.0	8501.0	8034.0	8568.0	9374.0	10100.0	11113.0	11865.0	10576.0	10015.0	9303.0	7702.0
A	ADM	CRT_BGHT	NR	Germany	127735.0	123183.0	123864.0	119531.0	132789.0	151463.0	142947.0	144628.0	230801.0	352331.0	199170.0	170379.0	150041.0	153720.0	145155.0
A	ADM	CRT_BGHT	NR	Estonia	2736.0	3264.0	3556.0	3206.0	2855.0	2957.0	3786.0	3371.0	2956.0	2986.0	2478.0	2533.0	2737.0	3119.0	2770.0
A	ADM	CRT_BGHT	NR	Greece						65353.0	65131.0	54379.0	53934.0	60100.0	60320.0	59157.0	45159.0	46741.0	52463.0
A	ADM	CRT_BGHT	NR	Spain	256609.0	260708.0	246427.0	251807.0	193871.0	164704.0	180127.0	166195.0	162186.0	165146.0	175010.0	199523.0	154977.0	184562.0	183873.0
A	ADM	CRT_BGHT	NR	Finland	19432.0	21376.0	22079.0	20147.0	19313.0	19458.0	20582.0	20262.0	27764.0	21711.0	18751.0	20000.0	19510.0	21906.0	21282.0
A	ADM	CRT_BGHT	NR	France				192262.0	187526.0	184997.0	207707.0	200734.0	31308.0	193532.0	213029.0	231280.0	210514.0	241384.0	241187.0
A	ADM	CRT_BGHT	NR	Croatia	13298.0	14761.0	14470.0	13520.0	12011.0	13813.0	13942.0	14339.0	14339.0	11816.0	13430.0	13034.0	12255.0	13408.0	12724.0
A	ADM	CRT_BGHT	NR	Hungary	12928.0	13496.0	14360.0	12879.0	12595.0	22208.0	18008.0	18149.0	19590.0	16908.0	17120.0	16432.0	29254.0	20582.0	19551.0
A	ADM	CRT_BGHT	NR	Italy	56021.0	55073.0	56716.0	55437.0	51366.0	54902.0	63723.0	61723.0	54565.0	48555.0	49968.0	50874.0	42049.0	48107.0	51576.0
A	ADM	CRT_BGHT	NR	Lithuania	4703.0	4349.0	7681.0	5964.0	8068.0	17932.0	14276.0	16923.0	14917.0	11699.0	14899.0	14273.0	14890.0	16124.0	23365.0
A	ADM	CRT_BGHT	NR	Luxembourg							1372.0	1274.0	1156.0	1213.0	1246.0	1456.0	1095.0	1077.0	1151.0
A	ADM	CRT_BGHT	NR	Latvia	3661.0	4086.0	4403.0	4703.0	4001.0	2824.0	2404.0	2368.0	2395.0	2104.0	1864.0	1872.0	1697.0	1905.0	1874.0
A	ADM	CRT_BGHT	NR	Montenegro	2009.0	2285.0	3733.0	3676.0	3400.0	3129.0	3603.0	3598.0	4691.0	12729.0	9112.0	6492.0	5473.0	6602.0	13341.0
A	ADM	CRT_BGHT	NR	Malta						337.0	119.0	75.0	90.0	81.0	141.0	127.0	129.0	151.0	141.0
A	ADM	CRT_BGHT	NR	Poland	57444.0	59102.0	67830.0	66020.0	72160.0	81634.0	84162.0	83529.0	76692.0	72426.0	65963.0	70227.0	68475.0	86264.0	77118.0
A	ADM	CRT_BGHT	NR	Portugal								34790.0	26692.0	25052.0	24431.0	27525.0	69164.0	24931.0	24212.0
A	ADM	CRT_BGHT	NR	Romania	53884.0	56980.0	100663.0	160002.0	243411.0	193012.0	90975.0	103289.0	117362.0	146197.0	83740.0	82771.0	79017.0	79825.0	83439.0
A	ADM	CRT_BGHT	NR	Serbia						21396.0	18125.0	19956.0	21115.0	21480.0	25206.0	22537.0	32968.0	38664.0	63534.0
A	ADM	CRT_BGHT	NR	Sweden	119623.0	125456.0	131112.0	128686.0	129382.0	132257.0	133024.0	127631.0	143882.0	163528.0	167214.0	177137.0	191848.0	178008.0	152423.0
A	ADM	CRT_BGHT	NR	Slovenia	4299.0	3607.0	3339.0	3635.0	3174.0	3281.0	3290.0	2953.0	2972.0	3976.0	3540.0	3139.0	2893.0	2751.0	2718.0
A	ADM	CRT_BGHT	NR	Slovakia	244.0	237.0	379.0	274.0	243.0	204.0	354.0	182.0	171.0	5036.0	5063.0	5525.0	5071.0	5470.0	5148.0
A	ADM	CRT_BGHT	NR	Turkey		353371.0	424789.0	386616.0	381917.0	433619.0	435587.0	491943.0	618330.0	319459.0	302428.0	339609.0	329493.0	369106.0	384499.0
A	ADM	CRT_BGHT	NR	England and Wales	649222.0	806235.0	834803.0	811527.0	830676.0	914084.0	374677.0	441925.0	477956.0						
A	ADM	CRT_BGHT	NR	Northern Ireland	0.0	0.0	0.0	0.0	0.0	0.0	0.0	0.0	0.0	0.0	0.0				
A	ADM	CRT_BGHT	NR	Kosovo	1402.0	1031.0	1244.0	1550.0	1637.0	1720.0	2568.0	2300.0	2216.0	2380.0	3008.0	3151.0			
A	ADM	CRT_BGHT	P_HTHAB	Albania							739.83	488.53	517.11	415.49	398.18	723.09	637.01	537.4	
A	ADM	CRT_BGHT	P_HTHAB	Bosnia and Herzegovina	211.12	239.7	285.95	313.96	302.43										
A	ADM	CRT_BGHT	P_HTHAB	Bulgaria				377.15	384.5	355.08	335.46	360.11	344.15	434.7	434.04	488.64	414.04	405.91	399.17
A	ADM	CRT_BGHT	P_HTHAB	Switzerland	202.29		259.56		299.04				108.33						
A	ADM	CRT_BGHT	P_HTHAB	Czechia				50.29	80.92	76.4	81.5	88.95	95.7	105.05	111.83	99.31	93.65	86.93	73.24
A	ADM	CRT_BGHT	P_HTHAB	Germany	155.36	150.22	151.42	149.0	165.31	188.1	176.99	178.12	280.86	426.96	240.57	205.23	180.41	184.86	174.39
A	ADM	CRT_BGHT	P_HTHAB	Estonia	204.42	244.36	266.71	241.11	215.44	223.99	287.73	256.38	224.63	226.96	187.85	191.2	205.95	234.5	207.99
A	ADM	CRT_BGHT	P_HTHAB	Greece						593.92	596.07	500.82	500.14	558.13	561.58	551.6	421.32	437.71	501.57
A	ADM	CRT_BGHT	P_HTHAB	Spain	561.89	563.82	530.1	539.58	414.09	352.47	387.27	357.8	349.24	354.94	375.09	425.09	327.42	389.38	387.65
A	ADM	CRT_BGHT	P_HTHAB	Finland	366.61	401.33	412.58	374.81	357.56	358.56	377.56	370.3	505.97	394.51	340.12	362.46	353.1	395.86	383.58
A	ADM	CRT_BGHT	P_HTHAB	France				295.88	287.28	282.01	314.98	301.91	46.98	289.68	317.83	344.28	312.71	356.78	355.36
A	ADM	CRT_BGHT	P_HTHAB	Croatia	308.4	342.5	336.29	315.16	280.89	324.09	328.29	339.36	342.16	284.43	327.12	319.75	301.98	332.18	329.44
A	ADM	CRT_BGHT	P_HTHAB	Hungary	128.7	134.54	143.39	128.97	126.81	224.12	182.32	184.15	199.28	172.57	175.08	168.14	299.44	211.51	201.79
A	ADM	CRT_BGHT	P_HTHAB	Italy	95.51	93.34	95.82	93.38	86.48	91.99	104.84	101.53	89.94	80.14	82.61	85.05	70.5	81.21	87.37
A	ADM	CRT_BGHT	P_HTHAB	Lithuania	146.39	136.6	244.46	195.38	268.61	603.38	485.01	579.3	516.42	410.79	530.42	510.81	532.91	576.75	832.68
A	ADM	CRT_BGHT	P_HTHAB	Luxembourg							249.6	226.3	200.61	205.36	206.98	237.17	174.89	169.68	178.34
A	ADM	CRT_BGHT	P_HTHAB	Latvia	167.03	188.92	207.64	226.69	195.67	139.54	120.11	119.23	121.64	107.89	96.36	97.5	88.96	100.62	99.91
A	ADM	CRT_BGHT	P_HTHAB	Montenegro	326.38	370.25	603.07	593.05	548.11	503.95	579.71	578.36	753.92	2045.19	1464.11	1043.42	880.08	1063.57	2159.85
A	ADM	CRT_BGHT	P_HTHAB	Malta						79.98	27.97	17.47	20.72	17.6	29.64	25.73	25.07	29.26	27.06
A	ADM	CRT_BGHT	P_HTHAB	Poland	150.71	154.98	178.39	173.45	189.58	214.47	221.37	219.78	202.0	190.73	173.69	184.94	180.4	227.97	204.81
A	ADM	CRT_BGHT	P_HTHAB	Portugal								335.33	258.11	243.0	237.4	267.84	671.76	242.09	233.89
A	ADM	CRT_BGHT	P_HTHAB	Romania	261.12	278.76	469.02	747.19	1211.24	964.09	456.08	519.81	593.93	744.22	428.76	426.34	408.8	415.72	438.17
A	ADM	CRT_BGHT	P_HTHAB	Serbia						297.93	253.61	280.5	298.39	305.1	360.01	323.63	475.96	562.67	934.72
A	ADM	CRT_BGHT	P_HTHAB	Sweden	1302.67	1355.35	1403.67	1366.74	1364.38	1384.04	1379.22	1309.39	1460.58	1636.07	1652.27	1731.51	1857.63	1715.03	1458.27
A	ADM	CRT_BGHT	P_HTHAB	Slovenia	213.85	177.48	163.12	177.3	154.42	159.36	159.62	143.15	143.98	192.46	171.27	150.85	138.03	130.44	128.99
A	ADM	CRT_BGHT	P_HTHAB	Slovakia	4.54	4.4	7.03	5.08	4.5	3.77	6.54	3.36	3.15	92.65	93.02	101.37	92.91	100.19	94.72
A	ADM	CRT_BGHT	P_HTHAB	Turkey		494.11	585.42	524.42	511.1	573.36	568.15	633.16	785.27	400.25	374.24	414.14	396.24	441.44	454.06
A	ADM	CRT_BGHT	P_HTHAB	England and Wales	1188.72	1464.84	1505.11	1450.91	1473.61	1610.48	655.3	766.28	821.97						
A	ADM	CRT_BGHT	P_HTHAB	Northern Ireland	0.0	0.0	0.0	0.0	0.0	0.0	0.0	0.0	0.0	0.0	0.0				
A	ADM	CRT_BGHT	P_HTHAB	Kosovo	65.11	47.28	56.34	86.39					125.08	133.44	167.25	175.48			
A	ADM	CRT_PEN	NR	Albania						1538.0	3841.0	3315.0	3561.0	3018.0	3054.0	4486.0	5947.0	5474.0	
A	ADM	CRT_PEN	NR	Bosnia and Herzegovina	7625.0	8982.0	1107.0	11599.0	11614.0	14746.0	16440.0	9400.0	8081.0	7353.0	7801.0	8134.0	8316.0	7724.0	8871.0
A	ADM	CRT_PEN	NR	Bulgaria				8581.0	10886.0	8623.0	8444.0	8736.0	7714.0	9410.0	9528.0	10007.0	9960.0	9910.0	9737.0
A	ADM	CRT_PEN	NR	Switzerland	4584.0	14190.0	13267.0	16911.0	15190.0				4521.0						
A	ADM	CRT_PEN	NR	Czechia				8811.0	8964.0	8601.0	9062.0	9148.0	10101.0	10670.0	12090.0	11333.0	9784.0	8023.0	5998.0
A	ADM	CRT_PEN	NR	Germany	115828.0	111606.0	111073.0	106400.0	105768.0	110953.0	125197.0	122532.0	189173.0	338078.0	316576.0	278942.0	243052.0	225162.0	202833.0
A	ADM	CRT_PEN	NR	Estonia			1329.0	732.0	1026.0										
A	ADM	CRT_PEN	NR	Greece						345199.0	308863.0	263729.0	237791.0	199193.0	162490.0	139592.0	110933.0	98902.0	84827.0
A	ADM	CRT_PEN	NR	Spain	313445.0	332458.0	326948.0	335512.0	285005.0	226273.0	203931.0	176418.0	157415.0	152029.0	155712.0	170476.0	171471.0	175384.0	180258.0
A	ADM	CRT_PEN	NR	Finland	11231.0	12280.0	12536.0	11760.0	11487.0	11870.0	13962.0	13962.0	17886.0	16251.0	13632.0	13541.0	14531.0	18305.0	17084.0
A	ADM	CRT_PEN	NR	France				176057.0	164241.0	156224.0	163461.0	167378.0							
A	ADM	CRT_PEN	NR	Croatia	36871.0	36449.0	35303.0	32568.0	7075.0	12003.0	13978.0	15024.0	13693.0	10566.0	8421.0	7278.0	6434.0	6194.0	5325.0
A	ADM	CRT_PEN	NR	Hungary	6230.0	6951.0	7584.0	6483.0	5479.0	5320.0	6734.0	5776.0	5827.0	5467.0	5180.0	4768.0	7889.0	6277.0	6602.0
A	ADM	CRT_PEN	NR	Italy	671288.0	629493.0	504382.0	441496.0	320829.0	298221.0	267247.0	241865.0	212095.0	184410.0	165896.0	149958.0	135451.0	124196.0	108292.0
A	ADM	CRT_PEN	NR	Lithuania	1592.0	1507.0	2777.0	2830.0	2984.0	9188.0	10701.0	10749.0	4126.0	2604.0	4455.0	3799.0	4695.0	4945.0	5304.0
A	ADM	CRT_PEN	NR	Luxembourg														1428.0	1525.0
A	ADM	CRT_PEN	NR	Latvia	4265.0	5350.0	5449.0	5507.0	4349.0	2570.0	1545.0	1300.0	1409.0	1407.0	1311.0	1212.0	1094.0	1236.0	1103.0
A	ADM	CRT_PEN	NR	Montenegro	1620.0	1282.0	1220.0	1264.0	1701.0	1473.0	1810.0	2157.0	2719.0	10740.0	10394.0	10074.0	8505.0	9040.0	17092.0
A	ADM	CRT_PEN	NR	Malta						753.0	683.0	418.0	413.0	374.0	381.0	361.0	344.0	385.0	397.0
A	ADM	CRT_PEN	NR	Poland		17558.0	21267.0	21837.0	22131.0	28070.0	30991.0	33167.0	30867.0	25726.0	22374.0	23363.0	26785.0	33017.0	34155.0
A	ADM	CRT_PEN	NR	Portugal								75721.0	72816.0	70302.0	67659.0	66145.0	60473.0	58207.0	55368.0
A	ADM	CRT_PEN	NR	Romania	18628.0	27282.0	52358.0	91848.0	140907.0	110336.0	84190.0	59059.0	69388.0	66285.0	52297.0	52333.0	55221.0	55049.0	54550.0
A	ADM	CRT_PEN	NR	Serbia						24988.0	24262.0	25896.0	28176.0	30750.0	37514.0	38769.0	48011.0	64836.0	103198.0
A	ADM	CRT_PEN	NR	Sweden	40732.0	46401.0	58528.0	50389.0	42450.0	42542.0	38990.0	33760.0	43229.0	59263.0	64585.0	61674.0	57374.0	51411.0	46215.0
A	ADM	CRT_PEN	NR	Slovenia	4285.0	3057.0	2300.0	2416.0	1923.0	1818.0	1669.0	1617.0	2000.0	3294.0	3599.0	3946.0	3751.0	3898.0	3946.0
A	ADM	CRT_PEN	NR	Slovakia	187.0	163.0	141.0	116.0	100.0	106.0	123.0	128.0	121.0	5166.0	5352.0	6381.0	7052.0	8143.0	8501.0
A	ADM	CRT_PEN	NR	Turkey		160445.0	198349.0	169291.0	127635.0	164392.0	148044.0	168262.0	209919.0	146903.0	151004.0	187073.0	197572.0	198902.0	212806.0
A	ADM	CRT_PEN	NR	England and Wales	462526.0	627688.0	727299.0	746765.0	836476.0	862897.0	366596.0	396463.0	450710.0						
A	ADM	CRT_PEN	NR	Kosovo	1087.0	792.0	1028.0	1384.0	1616.0	2560.0	4039.0	5380.0	5192.0	5304.0	6093.0	6315.0			
A	ADM	CRT_PEN	P_HTHAB	Albania							132.63	114.87	123.84	104.92	106.4	156.72	208.96	193.45	
A	ADM	CRT_PEN	P_HTHAB	Bosnia and Herzegovina	198.37	233.66	28.8	301.81	302.51										
A	ADM	CRT_PEN	P_HTHAB	Bulgaria				116.44	148.57	118.37	116.54	121.3	107.83	132.5	135.15	142.96	143.28	143.28	142.38
A	ADM	CRT_PEN	P_HTHAB	Switzerland	60.37	184.24	170.4	214.88	190.96				54.29						
A	ADM	CRT_PEN	P_HTHAB	Czechia				84.02	85.33	81.79	86.2	86.81	95.71	100.86	113.95	106.42	91.49	74.97	57.03
A	ADM	CRT_PEN	P_HTHAB	Germany	140.88	136.1	135.78	132.63	131.67	137.79	155.01	150.91	230.21	409.68	382.37	336.0	292.25	270.77	243.68
A	ADM	CRT_PEN	P_HTHAB	Estonia			99.68	55.05	77.42										
A	ADM	CRT_PEN	P_HTHAB	Greece						3137.14	2826.65	2428.89	2205.09	1849.83	1512.78	1301.61	1034.96	926.17	810.98
A	ADM	CRT_PEN	P_HTHAB	Spain	686.34	718.99	703.32	718.95	608.75	484.24	438.45	379.81	338.96	326.75	333.73	363.2	362.27	370.02	380.03
A	ADM	CRT_PEN	P_HTHAB	Finland	211.89	230.55	234.26	218.78	212.67	218.73	256.12	255.17	325.95	295.3	247.26	245.4	262.99	330.79	307.92
A	ADM	CRT_PEN	P_HTHAB	France				270.95	251.61	238.15	247.89	251.74							
A	ADM	CRT_PEN	P_HTHAB	Croatia	855.09	845.72	820.46	759.19	165.46	281.62	329.14	355.57	326.75	254.34	205.12	178.55	158.54	153.46	137.87
A	ADM	CRT_PEN	P_HTHAB	Hungary	62.02	69.3	75.73	64.92	55.17	53.69	68.18	58.61	59.27	55.8	52.97	48.79	80.75	64.51	68.14
A	ADM	CRT_PEN	P_HTHAB	Italy	1144.51	1066.93	852.14	743.7	540.17	499.66	439.68	397.83	349.61	304.36	274.28	250.7	227.11	209.66	183.45
A	ADM	CRT_PEN	P_HTHAB	Lithuania	49.55	47.33	88.38	92.71	99.35	309.16	363.55	367.96	142.84	91.44	158.6	135.96	168.03	176.88	189.02
A	ADM	CRT_PEN	P_HTHAB	Luxembourg														224.98	236.29
A	ADM	CRT_PEN	P_HTHAB	Latvia	194.59	247.36	256.97	265.45	212.68	126.99	77.19	65.46	71.56	72.15	67.77	63.13	57.35	65.29	58.8
A	ADM	CRT_PEN	P_HTHAB	Montenegro	263.18	207.73	197.09	203.92	274.22	237.24	291.22	346.73	436.99	1725.61	1670.1	1619.14	1367.64	1456.33	2767.12
A	ADM	CRT_PEN	P_HTHAB	Malta						178.71	160.56	97.36	95.07	81.25	80.09	73.14	66.85	74.6	76.2
A	ADM	CRT_PEN	P_HTHAB	Poland		46.04	55.93	57.37	58.14	73.75	81.52	87.27	81.3	67.75	58.92	61.53	70.56	87.25	90.71
A	ADM	CRT_PEN	P_HTHAB	Portugal								729.85	704.13	681.91	657.46	643.65	587.35	565.21	534.85
A	ADM	CRT_PEN	P_HTHAB	Romania	90.27	133.47	243.95	428.92	701.17	551.13	422.06	297.22	351.15	337.43	267.77	269.56	285.69	286.69	286.47
A	ADM	CRT_PEN	P_HTHAB	Serbia						347.95	339.48	363.99	398.17	436.77	535.8	556.72	693.13	943.54	1518.26
A	ADM	CRT_PEN	P_HTHAB	Sweden	443.56	501.29	626.59	535.17	447.65	445.19	404.26	346.35	438.83	592.92	638.18	602.86	555.54	495.32	442.15
A	ADM	CRT_PEN	P_HTHAB	Slovenia	213.16	150.42	112.36	117.84	93.55	88.3	80.98	78.39	96.89	159.45	174.13	189.63	178.97	184.83	187.26
A	ADM	CRT_PEN	P_HTHAB	Slovakia	3.48	3.03	2.62	2.15	1.85	1.96	2.27	2.36	2.23	95.04	98.33	117.07	129.21	149.15	156.42
A	ADM	CRT_PEN	P_HTHAB	Turkey		224.34	273.35	229.63	170.81	217.37	193.1	216.56	266.59	184.05	186.86	228.13	237.59	237.88	251.31
A	ADM	CRT_PEN	P_HTHAB	England and Wales	846.88	1140.44	1311.28	1335.12	1483.9	1520.29	641.17	687.45	775.12						
A	ADM	CRT_PEN	P_HTHAB	Kosovo	50.48	36.32	46.56	77.14					293.07	297.39	338.78	351.68			
A	ADM	CRT_RESL	NR	Albania						2891.0	18852.0	14870.0	11309.0	8934.0	8375.0	16212.0	12082.0	10733.0	
A	ADM	CRT_RESL	NR	Bosnia and Herzegovina	3849.0	7856.0	8896.0	11545.0	11596.0	11427.0	12108.0	9486.0	8578.0	7752.0	7183.0	7600.0	7095.0	8529.0	8279.0
A	ADM	CRT_RESL	NR	Bulgaria				28172.0	26462.0	28727.0	24955.0	26196.0	26117.0	29666.0	31044.0	34226.0	29388.0	28946.0	28006.0
A	ADM	CRT_RESL	NR	Switzerland	15339.0		21132.0		25509.0				9148.0						
A	ADM	CRT_RESL	NR	Czechia				6242.0	8756.0	8788.0	8251.0	8427.0	9637.0	10113.0	10445.0	11333.0	11275.0	11064.0	9729.0
A	ADM	CRT_RESL	NR	Germany	136962.0	127403.0	124397.0	124204.0	133421.0	146278.0	128703.0	147293.0	164160.0	203426.0	220802.0	208155.0	186020.0	171777.0	167600.0
A	ADM	CRT_RESL	NR	Estonia	2437.0	2723.0	3243.0	3163.0	3013.0	2687.0	3422.0	3523.0	3123.0	2967.0	2477.0	2388.0	2531.0	2795.0	2736.0
A	ADM	CRT_RESL	NR	Greece						97219.0	101467.0	99510.0	79872.0	98698.0	98621.0	79540.0	73525.0	60628.0	65990.0
A	ADM	CRT_RESL	NR	Spain	230786.0	243565.0	252340.0	244592.0	243718.0	226973.0	205548.0	200375.0	184041.0	172522.0	171713.0	184040.0	154264.0	181836.0	178091.0
A	ADM	CRT_RESL	NR	Finland	22371.0	21495.0	22855.0	21850.0	20586.0	20187.0	19849.0	19849.0	23748.0	22703.0	21238.0	19941.0	18756.0	22277.0	22188.0
A	ADM	CRT_RESL	NR	France				176057.0	199511.0	192867.0	200547.0	198336.0	30605.0	191697.0	209618.0	223229.0	200411.0	233250.0	232332.0
A	ADM	CRT_RESL	NR	Croatia	14847.0	15183.0	15616.0	16255.0	4936.0	8885.0	11969.0	13290.0	15672.0	14943.0	15571.0	14178.0	13098.0	13645.0	13589.0
A	ADM	CRT_RESL	NR	Hungary	12834.0	12775.0	13727.0	13980.0	13599.0	16888.0	16594.0	19107.0	19539.0	17268.0	17407.0	16844.0	26133.0	22194.0	19226.0
A	ADM	CRT_RESL	NR	Italy	87366.0	96868.0	181827.0	123925.0	145951.0	107106.0	99169.0	87594.0	83736.0	75856.0	68120.0	66684.0	57351.0	59949.0	68917.0
A	ADM	CRT_RESL	NR	Lithuania	6574.0	4434.0	6411.0	5911.0	7914.0	11728.0	12763.0	16875.0	21540.0	13221.0	13048.0	14929.0	13994.0	15874.0	23006.0
A	ADM	CRT_RESL	NR	Luxembourg							1283.0	1146.0	1156.0	1144.0	1071.0	1095.0	957.0	994.0	1054.0
A	ADM	CRT_RESL	NR	Latvia	3938.0	3734.0	4546.0	4653.0	5224.0	4640.0	3440.0	2541.0	2283.0	2104.0	1960.0	1971.0	1815.0	1763.0	2007.0
A	ADM	CRT_RESL	NR	Montenegro	1898.0	2623.0	3795.0	3632.0	2963.0	3357.0	3266.0	3250.0	4130.0	4709.0	9451.0	6808.0	7039.0	6065.0	5287.0
A	ADM	CRT_RESL	NR	Malta										119.0	87.0	157.0	137.0	105.0	134.0
A	ADM	CRT_RESL	NR	Netherlands	72813.0	70519.0	73989.0	77116.0	74319.0	77617.0	80555.0	79219.0							
A	ADM	CRT_RESL	NR	Poland	58730.0	59500.0	64121.0	65699.0	71865.0	75697.0	81240.0	81353.0	78992.0	77567.0	69315.0	69238.0	65053.0	80032.0	75980.0
A	ADM	CRT_RESL	NR	Portugal								27707.0	29638.0	26519.0	27103.0	29071.0	74836.0	27197.0	27051.0
A	ADM	CRT_RESL	NR	Romania	52119.0	65177.0	71110.0	120718.0	193115.0	215669.0	167898.0	128619.0	107523.0	149300.0	98813.0	83044.0	76613.0	83574.0	80633.0
A	ADM	CRT_RESL	NR	Serbia						18277.0	20149.0	18681.0	19274.0	19180.0	18666.0	21285.0	23736.0	22104.0	25178.0
A	ADM	CRT_RESL	NR	Sweden	127307.0	119884.0	118997.0	136957.0	137453.0	132323.0	136806.0	132953.0	134461.0	146887.0	161926.0	180107.0	196210.0	184009.0	157643.0
A	ADM	CRT_RESL	NR	Slovenia	4931.0	4835.0	4096.0	3519.0	3667.0	3386.0	3439.0	3004.0	2589.0	2682.0	3233.0	2793.0	3088.0	2604.0	2669.0
A	ADM	CRT_RESL	NR	Slovakia	266.0	261.0	401.0	299.0	259.0	198.0	337.0	177.0	178.0	5950.0	4866.0	4496.0	4400.0	4379.0	4790.0
A	ADM	CRT_RESL	NR	Turkey		355473.0	386884.0	415672.0	405791.0	414644.0	434139.0	414644.0	434139.0	351413.0	323279.0	327022.0	337138.0	386949.0	386540.0
A	ADM	CRT_RESL	NR	England and Wales	570890.0	650852.0	712208.0	773530.0	743505.0	932544.0	794111.0	405220.0	429707.0						
A	ADM	CRT_RESL	NR	Northern Ireland	9327.0	10373.0	10822.0	8996.0	8784.0	7636.0	7743.0	7399.0		7511.0	6715.0				
A	ADM	CRT_RESL	NR	Kosovo	2308.0	1326.0	1008.0	1194.0	1405.0	1107.0	1130.0	959.0	2404.0	2268.0	2219.0	2929.0			
A	ADM	CRT_RESL	P_HTHAB	Albania							650.98	515.28	393.28	310.58	291.78	566.37	424.53	379.29	
A	ADM	CRT_RESL	P_HTHAB	Bosnia and Herzegovina	100.13	204.37	231.42	300.4	302.04										
A	ADM	CRT_RESL	P_HTHAB	Bulgaria				382.28	361.15	394.36	344.41	363.72	365.08	417.72	440.34	488.94	422.76	418.5	409.51
A	ADM	CRT_RESL	P_HTHAB	Switzerland	202.0		271.42		320.68				109.86						
A	ADM	CRT_RESL	P_HTHAB	Czechia				59.52	83.35	83.57	78.49	79.97	91.31	95.6	98.44	106.42	105.43	103.38	92.51
A	ADM	CRT_RESL	P_HTHAB	Germany	166.58	155.37	152.07	154.83	166.1	181.66	159.35	181.4	199.77	246.51	266.69	250.73	223.67	206.57	201.35
A	ADM	CRT_RESL	P_HTHAB	Estonia	182.08	203.86	243.23	237.88	227.36	203.53	260.07	267.94	237.32	225.52	187.77	180.25	190.45	210.14	205.44
A	ADM	CRT_RESL	P_HTHAB	Greece						883.52	928.61	916.47	740.67	916.57	918.16	741.66	685.96	567.75	630.89
A	ADM	CRT_RESL	P_HTHAB	Spain	505.35	526.75	542.82	524.12	520.56	485.73	441.92	431.38	396.3	370.79	368.02	392.1	325.91	383.63	375.46
A	ADM	CRT_RESL	P_HTHAB	Finland	422.06	403.56	427.08	406.49	381.13	372.0	364.12	362.75	432.78	412.53	385.23	361.39	339.46	402.56	399.91
A	ADM	CRT_RESL	P_HTHAB	France				270.95	305.64	294.0	304.13	298.3	45.93	286.93	312.74	332.3	297.7	344.76	342.31
A	ADM	CRT_RESL	P_HTHAB	Croatia	344.32	352.29	362.92	378.92	115.44	208.46	281.84	314.53	373.97	359.71	379.27	347.82	322.76	338.05	351.84
A	ADM	CRT_RESL	P_HTHAB	Hungary	127.76	127.36	137.07	140.0	136.92	170.43	168.0	193.87	198.76	176.25	178.02	172.36	267.5	228.08	198.43
A	ADM	CRT_RESL	P_HTHAB	Italy	148.95	164.18	307.19	208.75	245.73	179.45	163.15	144.08	138.03	125.2	112.62	111.48	96.16	101.2	116.75
A	ADM	CRT_RESL	P_HTHAB	Lithuania	204.63	139.27	204.04	193.64	263.48	394.63	433.6	577.66	745.7	464.24	464.52	534.29	500.84	567.8	819.89
A	ADM	CRT_RESL	P_HTHAB	Luxembourg							233.41	203.57	200.61	193.68	177.91	178.37	152.85	156.6	163.31
A	ADM	CRT_RESL	P_HTHAB	Latvia	179.67	172.64	214.38	224.28	255.48	229.27	171.87	127.94	115.95	107.89	101.32	102.66	95.14	93.12	107.0
A	ADM	CRT_RESL	P_HTHAB	Montenegro	308.35	425.01	613.08	585.95	477.67	540.67	525.49	522.42	663.75	756.6	1518.58	1094.21	1131.9	977.06	855.94
A	ADM	CRT_RESL	P_HTHAB	Malta										25.85	18.29	31.81	26.62	20.34	25.72
A	ADM	CRT_RESL	P_HTHAB	Netherlands	443.84	427.76	446.39	463.0	444.22	462.57	478.66	468.73							
A	ADM	CRT_RESL	P_HTHAB	Poland	154.08	156.02	168.64	172.61	188.8	198.88	213.69	214.06	208.05	204.27	182.52	182.34	171.38	211.5	201.78
A	ADM	CRT_RESL	P_HTHAB	Portugal								267.06	286.6	257.23	263.37	282.88	726.85	264.09	261.31
A	ADM	CRT_RESL	P_HTHAB	Romania	252.57	318.87	331.33	563.74	960.96	1077.26	841.71	647.28	544.14	760.01	505.94	427.74	396.37	435.24	423.44
A	ADM	CRT_RESL	P_HTHAB	Serbia						254.5	281.93	262.58	272.37	272.43	266.6	305.65	342.67	321.67	370.42
A	ADM	CRT_RESL	P_HTHAB	Sweden	1386.34	1295.15	1273.96	1454.58	1449.49	1384.73	1418.43	1363.99	1364.95	1469.58	1600.02	1760.54	1899.86	1772.85	1508.21
A	ADM	CRT_RESL	P_HTHAB	Slovenia	245.29	237.9	200.1	171.64	178.4	164.46	166.85	145.62	125.42	129.82	156.42	134.22	147.34	123.47	126.66
A	ADM	CRT_RESL	P_HTHAB	Slovakia	4.95	4.85	7.44	5.54	4.79	3.66	6.22	3.26	3.28	109.47	89.4	82.49	80.62	80.2	88.14
A	ADM	CRT_RESL	P_HTHAB	Turkey		497.05	533.18	563.83	543.05	548.27	566.26	533.68	551.35	440.29	400.05	398.79	405.43	462.78	456.47
A	ADM	CRT_RESL	P_HTHAB	England and Wales	1045.29	1182.52	1284.08	1382.97	1318.97	1643.0	1388.88	702.63	739.0						
A	ADM	CRT_RESL	P_HTHAB	Northern Ireland	526.84	580.73	601.55	497.14	482.92	418.03	421.43	400.57		402.38	357.95				
A	ADM	CRT_RESL	P_HTHAB	Kosovo	107.19	60.81	45.65	66.55					135.7	127.16	123.38	163.11			
A	CIV_COM	CRT_BGHT	NR	Albania						35587.0	47733.0	49328.0	50101.0	63337.0	47705.0	52818.0	33593.0	51987.0	
A	CIV_COM	CRT_BGHT	NR	Austria		654845.0	639396.0	599601.0	567222.0	553941.0	535966.0	506260.0	501191.0	484821.0	486272.0	492899.0	417466.0	406763.0	414231.0
A	CIV_COM	CRT_BGHT	NR	Bosnia and Herzegovina	87818.0	110687.0	103305.0	89551.0	106561.0	104106.0	86752.0	82101.0	78513.0	68862.0	61990.0	65476.0	56864.0	64785.0	67776.0
A	CIV_COM	CRT_BGHT	NR	Belgium			823076.0	827854.0	805153.0	804280.0	790684.0	804507.0							
A	CIV_COM	CRT_BGHT	NR	Bulgaria				378043.0	353134.0	316623.0	286459.0	308040.0	303442.0	350375.0	334003.0	328048.0	268596.0	301902.0	274994.0
A	CIV_COM	CRT_BGHT	NR	Switzerland	92688.0		199672.0		313832.0										
A	CIV_COM	CRT_BGHT	NR	Czechia				2929324.0	2312818.0	2215269.0	2231184.0	906860.0	823013.0	839789.0	786255.0	793928.0	777400.0	752254.0	781444.0
A	CIV_COM	CRT_BGHT	NR	Germany	1835106.0	1618243.0	1905391.0	1868005.0	1806149.0	1788728.0	1735914.0	1747836.0	1603998.0	1512723.0	1491062.0	1497271.0	1402770.0	1287083.0	1234719.0
A	CIV_COM	CRT_BGHT	NR	Denmark	64444.0	68239.0	67624.0	58741.0	50649.0	48565.0	45978.0	45773.0	45368.0	44509.0	45657.0	52931.0	44808.0	43099.0	46645.0
A	CIV_COM	CRT_BGHT	NR	Estonia		29522.0	32720.0	29575.0	26276.0	27890.0	27842.0	30703.0	30452.0	30179.0	29246.0	32668.0	33658.0	34251.0	35089.0
A	CIV_COM	CRT_BGHT	NR	Greece						294435.0	241418.0	230518.0	146569.0	200492.0	213468.0	206387.0	174402.0	208080.0	206116.0
A	CIV_COM	CRT_BGHT	NR	Spain	1496646.0	1802455.0	1765845.0	1538285.0	1581777.0	1517458.0	1638447.0	1714533.0	1807488.0	1987125.0	2158062.0	2320793.0	2184764.0	2488414.0	2651103.0
A	CIV_COM	CRT_BGHT	NR	Finland	273206.0	354478.0	341133.0	377605.0	470478.0	447253.0	412299.0	414711.0	412449.0	468471.0	475255.0	497482.0	443106.0	467735.0	437090.0
A	CIV_COM	CRT_BGHT	NR	France				2267016.0	2410327.0	2496776.0	2473406.0	2472817.0	2677253.0	2534819.0	2255091.0	1633842.0	1303320.0	1690979.0	1677224.0
A	CIV_COM	CRT_BGHT	NR	Croatia	137508.0	136398.0	624633.0	639543.0	620394.0	599686.0	486680.0	439738.0	459716.0	430702.0	373506.0	467187.0	381647.0	431714.0	384679.0
A	CIV_COM	CRT_BGHT	NR	Hungary	192821.0	197666.0	204318.0	194038.0	172992.0	247811.0	246696.0	244960.0	262081.0	244492.0	200295.0	200432.0	189875.0	193270.0	201735.0
A	CIV_COM	CRT_BGHT	NR	Ireland											14849.0	15590.0	17111.0		
A	CIV_COM	CRT_BGHT	NR	Iceland										6195.0	6289.0		5701.0	4291.0	4072.0
A	CIV_COM	CRT_BGHT	NR	Italy	4603126.0	4839466.0	4255714.0	4245947.0	4106381.0	3981884.0	3987733.0	3535559.0	3664595.0	3478323.0	3527866.0	3451390.0	2680582.0	3034949.0	3098907.0
A	CIV_COM	CRT_BGHT	NR	Liechtenstein		408.0	367.0	428.0	479.0	553.0	447.0	477.0	492.0	629.0	406.0	415.0	358.0	357.0	
A	CIV_COM	CRT_BGHT	NR	Lithuania	185878.0	236556.0	201585.0	184518.0	180921.0	185150.0	198639.0	206127.0	206498.0	194497.0	170891.0	159655.0	150647.0	144919.0	149650.0
A	CIV_COM	CRT_BGHT	NR	Luxembourg										4604.0	4087.0	12752.0	12244.0	12004.0	10832.0
A	CIV_COM	CRT_BGHT	NR	Latvia	104362.0	135059.0	124904.0	88420.0	44536.0	43203.0	44934.0	40672.0	42787.0	33659.0	70131.0	72707.0	87903.0	104453.0	116514.0
A	CIV_COM	CRT_BGHT	NR	Montenegro	14680.0	18725.0	20168.0	19710.0	17932.0	19956.0	28049.0	39887.0	39639.0	35069.0	32804.0	31358.0	24179.0	26612.0	27923.0
A	CIV_COM	CRT_BGHT	NR	Malta										2102.0	4589.0	4846.0	4459.0	6656.0	9154.0
A	CIV_COM	CRT_BGHT	NR	Netherlands			1158200.0	1124100.0	1083600.0	1067200.0	1094900.0	1103900.0							
A	CIV_COM	CRT_BGHT	NR	Poland	6936314.0	7496081.0	8458650.0	9212489.0	9535773.0	10406017.0	9780247.0	10478733.0	10649683.0	11497358.0	10875485.0	13357350.0	10390099.0	10397071.0	10670683.0
A	CIV_COM	CRT_BGHT	NR	Portugal	314467.0	360325.0	312768.0	328626.0	368981.0	326766.0	678477.0	315115.0	308851.0	300921.0	297151.0	323224.0	254531.0	260806.0	262708.0
A	CIV_COM	CRT_BGHT	NR	Romania	749429.0	820311.0	846144.0	760326.0	733369.0	605608.0	1261328.0	1147372.0	1098978.0	1111755.0	1086936.0	1139611.0	1020335.0	1060259.0	1161764.0
A	CIV_COM	CRT_BGHT	NR	Serbia						741097.0	698337.0	840436.0	842192.0	981510.0	886686.0	1008269.0	820973.0	1153502.0	717957.0
A	CIV_COM	CRT_BGHT	NR	Sweden	72446.0	82462.0	85790.0	82744.0	88214.0	99850.0	96543.0	91412.0	90003.0	93058.0	96336.0	101079.0	95355.0	93277.0	89902.0
A	CIV_COM	CRT_BGHT	NR	Slovenia	503450.0	616524.0	564519.0	558351.0	605167.0	566638.0	558991.0	505685.0	482981.0	456928.0	436816.0	438915.0	382647.0	446368.0	422100.0
A	CIV_COM	CRT_BGHT	NR	Slovakia	249974.0	252625.0	253861.0	249188.0	300649.0	286467.0	271710.0	386257.0	239230.0	249445.0	220571.0	237776.0	237107.0	222698.0	221271.0
A	CIV_COM	CRT_BGHT	NR	Turkey		1794572.0	1877368.0	1860865.0	1692624.0	1938187.0	2127469.0	2155467.0	2202899.0	1962485.0	1987121.0	2026507.0	1880582.0	2435844.0	2735948.0
A	CIV_COM	CRT_BGHT	NR	England and Wales	2064100.0	1879430.0	1693181.0	1633486.0	1508248.0	1488873.0	1633364.0	1601613.0	1838076.0						
A	CIV_COM	CRT_BGHT	NR	Scotland	130040.0	116216.0	95996.0	83856.0	76046.0	75769.0	75417.0	75142.0		76556.0					
A	CIV_COM	CRT_BGHT	NR	Northern Ireland	62957.0	70709.0	70026.0	68653.0	65975.0	63192.0	60022.0	55611.0	54091.0	55791.0	53495.0				
A	CIV_COM	CRT_BGHT	NR	Kosovo	1484.0	1063.0	1254.0	1228.0	1228.0	766.0	687.0	630.0	634.0	641.0	659.0	832.0			
A	CIV_COM	CRT_BGHT	P_HTHAB	Albania							1648.27	1709.34	1742.28	2201.81	1662.01	1845.22	1180.38	1837.16	
A	CIV_COM	CRT_BGHT	P_HTHAB	Austria		7856.57	7655.93	7159.27	6746.12	6554.07	6300.38	5903.04	5767.39	5526.37	5511.87	5563.96	4690.07	4553.66	4613.37
A	CIV_COM	CRT_BGHT	P_HTHAB	Bosnia and Herzegovina	2284.64	2879.48	2687.4	2330.13	2775.56										
A	CIV_COM	CRT_BGHT	P_HTHAB	Belgium			7593.02	7525.51	7257.0	7205.75	7071.78	7159.27							
A	CIV_COM	CRT_BGHT	P_HTHAB	Bulgaria				5129.88	4819.48	4346.5	3953.52	4277.03	4241.7	4933.57	4737.61	4686.37	3863.87	4364.92	4021.01
A	CIV_COM	CRT_BGHT	P_HTHAB	Switzerland	1220.62		2564.56		3945.26										
A	CIV_COM	CRT_BGHT	P_HTHAB	Czechia				27933.62	22015.42	21065.45	21224.27	8605.39	7798.23	7938.4	7410.47	7454.86	7269.54	7029.24	7430.5
A	CIV_COM	CRT_BGHT	P_HTHAB	Germany	2232.0	1973.41	2329.26	2328.54	2248.47	2221.37	2149.27	2152.57	1951.91	1833.12	1800.97	1803.52	1686.7	1547.81	1483.38
A	CIV_COM	CRT_BGHT	P_HTHAB	Denmark	1176.89	1238.13	1221.81	1056.37	907.6	866.83	817.06	808.75	794.92	774.24	789.75	911.65	769.53	737.99	794.17
A	CIV_COM	CRT_BGHT	P_HTHAB	Estonia		2210.16	2454.08	2224.25	1982.77	2112.6	2115.94	2335.06	2314.08	2293.87	2217.06	2465.84	2532.63	2575.13	2634.71
A	CIV_COM	CRT_BGHT	P_HTHAB	Greece						2675.8	2209.41	2123.02	1359.17	1861.89	1987.38	1924.43	1627.1	1948.56	1970.56
A	CIV_COM	CRT_BGHT	P_HTHAB	Spain	3277.16	3898.1	3798.61	3296.29	3378.55	3247.44	3522.62	3691.17	3892.08	4270.81	4625.23	4944.48	4615.77	5249.96	5589.17
A	CIV_COM	CRT_BGHT	P_HTHAB	Finland	5154.36	6655.22	6374.62	7024.85	8710.51	8241.75	7563.36	7579.13	7516.42	8512.55	8620.42	9015.75	8019.59	8452.34	7877.99
A	CIV_COM	CRT_BGHT	P_HTHAB	France				3488.86	3692.46	3806.04	3750.88	3719.18	4017.58	3794.08	3364.49	2432.12	1936.0	2499.35	2471.16
A	CIV_COM	CRT_BGHT	P_HTHAB	Croatia	3188.99	3164.84	14516.74	14908.26	14508.8	14070.07	11459.9	10407.22	10969.99	10367.84	9097.71	11461.21	9404.42	10695.64	9959.83
A	CIV_COM	CRT_BGHT	P_HTHAB	Hungary	1919.5	1970.56	2040.26	1943.15	1741.78	2500.92	2497.59	2485.5	2666.0	2495.44	2048.35	2050.93	1943.54	1986.17	2082.1
A	CIV_COM	CRT_BGHT	P_HTHAB	Ireland											307.41	317.89	344.67		
A	CIV_COM	CRT_BGHT	P_HTHAB	Iceland										1830.95	1804.85		1565.63	1163.53	1082.26
A	CIV_COM	CRT_BGHT	P_HTHAB	Italy	7848.08	8202.4	7189.9	7152.31	6913.77	6671.47	6560.64	5815.48	6040.65	5740.81	5832.73	5769.95	4494.49	5123.47	5249.7
A	CIV_COM	CRT_BGHT	P_HTHAB	Liechtenstein		1146.42	1022.46	1183.99	1313.23	1501.17	1203.91	1276.56	1307.75	1663.58	1065.23	1081.35	923.94	914.1	
A	CIV_COM	CRT_BGHT	P_HTHAB	Lithuania	5785.9	7429.86	6415.87	6044.64	6023.39	6230.01	6748.46	7056.09	7148.83	6829.48	6083.91	5713.83	5391.63	5183.68	5333.22
A	CIV_COM	CRT_BGHT	P_HTHAB	Luxembourg										779.46	678.9	2077.23	1955.57	1891.2	1678.35
A	CIV_COM	CRT_BGHT	P_HTHAB	Latvia	4761.45	6244.54	5890.3	4262.02	2178.0	2134.72	2245.05	2047.84	2173.08	1726.0	3625.5	3786.89	4607.86	5517.21	6211.57
A	CIV_COM	CRT_BGHT	P_HTHAB	Montenegro	2384.89	3034.07	3258.15	3179.8	2890.82	3214.08	4512.96	6411.68	6370.6	5634.6	5270.91	5040.0	3888.09	4287.15	4520.6
A	CIV_COM	CRT_BGHT	P_HTHAB	Malta										456.66	964.68	981.85	866.56	1289.67	1757.1
A	CIV_COM	CRT_BGHT	P_HTHAB	Netherlands			6987.64	6749.0	6476.85	6360.11	6505.92	6531.67							
A	CIV_COM	CRT_BGHT	P_HTHAB	Poland	18198.08	19656.24	22246.22	24203.44	25052.08	27339.26	25725.4	27571.54	28049.69	30277.75	28637.27	35176.09	27372.52	27476.4	28338.59
A	CIV_COM	CRT_BGHT	P_HTHAB	Portugal	2979.79	3411.19	2958.04	3108.24	3499.97	3115.83	6506.74	3037.31	2986.57	2918.85	2887.48	3145.24	2472.16	2532.53	2537.74
A	CIV_COM	CRT_BGHT	P_HTHAB	Romania	3631.75	4013.21	3942.49	3550.63	3649.33	3025.0	6323.3	5774.21	5561.54	5659.41	5565.29	5869.91	5278.82	5521.7	6100.92
A	CIV_COM	CRT_BGHT	P_HTHAB	Serbia						10319.52	9771.38	11813.18	11901.47	13941.36	12664.33	14478.79	11852.29	16786.64	10562.69
A	CIV_COM	CRT_BGHT	P_HTHAB	Sweden	788.92	890.87	918.46	878.8	930.25	1044.9	1000.98	937.81	913.64	931.03	951.91	988.05	923.3	898.68	860.11
A	CIV_COM	CRT_BGHT	P_HTHAB	Slovenia	25043.91	30335.34	27578.19	27234.12	29441.41	27522.45	27121.2	24513.62	23398.11	22117.68	21134.08	21092.48	18257.27	21165.14	20031.51
A	CIV_COM	CRT_BGHT	P_HTHAB	Slovakia	4649.76	4693.54	4709.49	4621.06	5563.12	5294.32	5016.85	7124.74	4408.75	4589.31	4052.29	4362.53	4344.31	4078.88	4071.44
A	CIV_COM	CRT_BGHT	P_HTHAB	Turkey		2509.29	2587.29	2524.13	2265.16	2562.81	2774.92	2774.24	2797.65	2458.8	2458.99	2471.23	2261.54	2913.19	3230.92
A	CIV_COM	CRT_BGHT	P_HTHAB	England and Wales	3779.34	3414.71	3052.72	2920.46	2675.62	2623.17	2856.71	2777.13	3161.06						
A	CIV_COM	CRT_BGHT	P_HTHAB	Scotland	2507.53	2227.67	1829.69	1588.01	1433.14	1424.2	1412.98	1402.82		1413.85					
A	CIV_COM	CRT_BGHT	P_HTHAB	Northern Ireland	3556.16	3958.66	3892.45	3793.95	3627.12	3459.44	3266.86	3010.72	2912.74	2988.85	2851.61				
A	CIV_COM	CRT_BGHT	P_HTHAB	Kosovo	68.92	48.75	56.79	68.44					35.79	35.94	36.64	46.33			
A	CIV_COM	CRT_PEN	NR	Albania						4349.0	12517.0	8654.0	8499.0	7303.0	7258.0	12190.0	11271.0	17838.0	
A	CIV_COM	CRT_PEN	NR	Austria						123822.0	118862.0	108141.0	115483.0	118112.0	108281.0	111917.0	105346.0	100148.0	99758.0
A	CIV_COM	CRT_PEN	NR	Bosnia and Herzegovina	162426.0	181513.0	168958.0	148302.0	147890.0	148392.0	127281.0	111359.0	97804.0	82547.0	68560.0	63800.0	63635.0	63075.0	66100.0
A	CIV_COM	CRT_PEN	NR	Belgium			453783.0	479109.0	488021.0	501041.0	513192.0	532140.0							
A	CIV_COM	CRT_PEN	NR	Bulgaria				65334.0	68107.0	67272.0	61371.0	64741.0	69661.0	78462.0	82436.0	85454.0	82767.0	78410.0	78072.0
A	CIV_COM	CRT_PEN	NR	Switzerland	41944.0	66302.0	66495.0	281021.0	286283.0										
A	CIV_COM	CRT_PEN	NR	Czechia				809257.0	678068.0	709696.0	807986.0	377761.0	317152.0	325731.0	289864.0	285378.0	296934.0	283173.0	267744.0
A	CIV_COM	CRT_PEN	NR	Germany	920595.0	917016.0	983367.0	953178.0	918661.0	899853.0	879622.0	850354.0	781503.0	754337.0	757662.0	759797.0	755255.0	699147.0	689081.0
A	CIV_COM	CRT_PEN	NR	Denmark	35780.0	35702.0	35012.0	29148.0	25466.0	23368.0	22380.0	22026.0	21619.0	21055.0	23833.0	28042.0	25333.0	27466.0	31531.0
A	CIV_COM	CRT_PEN	NR	Estonia		14495.0	15219.0	12632.0	10436.0										
A	CIV_COM	CRT_PEN	NR	Greece						278913.0	246839.0	264484.0	242789.0	252720.0	282148.0	308553.0	293802.0	322929.0	331896.0
A	CIV_COM	CRT_PEN	NR	Spain	984076.0	1220615.0	1274483.0	1109778.0	1054224.0	934196.0	910190.0	932869.0	869407.0	1274651.0	1463427.0	1605289.0	1840623.0	1794481.0	1911376.0
A	CIV_COM	CRT_PEN	NR	Finland	54476.0	72455.0	67325.0	68162.0	91122.0	72834.0	106270.0	112111.0	113109.0	133284.0	106371.0	134771.0	112962.0	102484.0	110280.0
A	CIV_COM	CRT_PEN	NR	France										1543463.0	1560817.0	1553814.0	1264713.0	1280952.0	1258255.0
A	CIV_COM	CRT_PEN	NR	Croatia	197875.0	192058.0	353989.0	380936.0	353625.0	337009.0	301464.0	284168.0	258081.0	242232.0	202257.0	267920.0	257835.0	285434.0	237993.0
A	CIV_COM	CRT_PEN	NR	Hungary	89662.0	93866.0	90633.0	83845.0	78381.0	86757.0	78808.0	81614.0	85308.0	90067.0	68237.0	62366.0	63078.0	56577.0	51871.0
A	CIV_COM	CRT_PEN	NR	Iceland														1153.0	1098.0
A	CIV_COM	CRT_PEN	NR	Italy	4978423.0	5346556.0	5019626.0	5055770.0	4762023.0	4501021.0	4336994.0	4032687.0	3932612.0	3795289.0	3624595.0	3523988.0	3502448.0	3341241.0	3183259.0
A	CIV_COM	CRT_PEN	NR	Liechtenstein		173.0	207.0	215.0	277.0	281.0	282.0	313.0	273.0	325.0	307.0	241.0	240.0	223.0	
A	CIV_COM	CRT_PEN	NR	Lithuania	27172.0	34507.0	30669.0	28715.0	27759.0	29847.0	31763.0	29038.0	29515.0	27573.0	23412.0	21450.0	20916.0	19726.0	20785.0
A	CIV_COM	CRT_PEN	NR	Luxembourg								1137.0		1306.0	1256.0	3664.0	4162.0	4196.0	4344.0
A	CIV_COM	CRT_PEN	NR	Latvia	37200.0	36482.0	41491.0	41658.0	33916.0	30068.0	30330.0	14292.0	16298.0	18018.0	23504.0	22448.0	26187.0	25325.0	27973.0
A	CIV_COM	CRT_PEN	NR	Montenegro	11753.0	11436.0	13940.0	13929.0	13400.0	13500.0	18757.0	22416.0	22704.0	21832.0	20293.0	20349.0	18321.0	20209.0	23179.0
A	CIV_COM	CRT_PEN	NR	Malta										5062.0	5070.0	5398.0	6947.0	9023.0	12828.0
A	CIV_COM	CRT_PEN	NR	Poland	1091520.0	991181.0	990107.0	1196927.0	1132255.0	1592641.0	1382534.0	1466634.0	2263486.0	2205497.0	2284067.0	3550714.0	3113329.0	2945271.0	2676997.0
A	CIV_COM	CRT_PEN	NR	Portugal	362897.0	365109.0	357762.0	349140.0	354601.0	341791.0	365873.0	312066.0	271666.0	230642.0	202367.0	185103.0	189877.0	183914.0	176256.0
A	CIV_COM	CRT_PEN	NR	Romania	273502.0	330912.0	391284.0	362671.0	375569.0	382005.0	590602.0	431112.0	413368.0	414444.0	400915.0	403562.0	428397.0	425486.0	461478.0
A	CIV_COM	CRT_PEN	NR	Serbia						2321264.0	2262220.0	2158918.0	1291218.0	1149502.0	987551.0	926073.0	733833.0	373495.0	407103.0
A	CIV_COM	CRT_PEN	NR	Sweden	36210.0	39873.0	40874.0	39543.0	41136.0	50790.0	47400.0	43571.0	43422.0	44649.0	47208.0	49765.0	46916.0	43463.0	42405.0
A	CIV_COM	CRT_PEN	NR	Slovenia	400279.0	370426.0	305378.0	286055.0	242935.0	224152.0	206598.0	154273.0	116478.0	92129.0	76766.0	69340.0	66719.0	64786.0	61439.0
A	CIV_COM	CRT_PEN	NR	Slovakia	199838.0	190099.0	186863.0	190508.0	226340.0	254195.0	265827.0	315424.0	235466.0	146305.0	104286.0	92210.0	89201.0	83439.0	76598.0
A	CIV_COM	CRT_PEN	NR	Turkey		1027741.0	1105426.0	1105082.0	1090156.0	1160285.0	1236034.0	1321946.0	1553925.0	1609223.0	1651067.0	1662720.0	1787116.0	1775816.0	1948064.0
A	CIV_COM	CRT_PEN	NR	Kosovo	1329.0	720.0	680.0	577.0	771.0	1067.0	885.0	1159.0	1172.0	1124.0	1086.0	1203.0			
A	CIV_COM	CRT_PEN	P_HTHAB	Albania							432.22	299.88	295.56	253.88	252.86	425.86	396.04	630.38	
A	CIV_COM	CRT_PEN	P_HTHAB	Austria						1465.03	1397.24	1260.93	1328.91	1346.33	1227.36	1263.35	1183.52	1121.14	1111.02
A	CIV_COM	CRT_PEN	P_HTHAB	Bosnia and Herzegovina	4225.61	4721.98	4395.32	3858.83	3852.04										
A	CIV_COM	CRT_PEN	P_HTHAB	Belgium			4186.23	4355.28	4398.63	4488.95	4589.92	4735.49							
A	CIV_COM	CRT_PEN	P_HTHAB	Bulgaria				886.55	929.51	923.49	847.0	898.91	973.76	1104.81	1169.3	1220.76	1190.64	1133.66	1141.58
A	CIV_COM	CRT_PEN	P_HTHAB	Switzerland	552.37	860.86	854.05	3570.73	3598.93										
A	CIV_COM	CRT_PEN	P_HTHAB	Czechia				7716.96	6454.44	6748.65	7686.01	3584.66	3005.09	3079.09	2731.97	2679.66	2776.66	2646.04	2545.89
A	CIV_COM	CRT_PEN	P_HTHAB	Germany	1119.7	1118.28	1202.13	1188.17	1143.64	1117.5	1089.08	1047.27	951.01	914.11	915.14	915.21	908.12	840.78	827.85
A	CIV_COM	CRT_PEN	P_HTHAB	Denmark	653.42	647.78	632.59	524.19	456.34	417.09	397.71	389.17	378.8	366.25	412.25	482.98	435.07	470.3	536.84
A	CIV_COM	CRT_PEN	P_HTHAB	Estonia		1085.17	1141.46	950.02	787.49										
A	CIV_COM	CRT_PEN	P_HTHAB	Greece						2534.74	2259.02	2435.84	2251.43	2346.91	2626.79	2877.06	2741.06	3024.07	3173.07
A	CIV_COM	CRT_PEN	P_HTHAB	Spain	2154.8	2639.78	2741.61	2378.07	2251.74	1999.23	1956.88	2008.35	1872.1	2739.53	3136.47	3420.09	3888.7	3785.93	4029.64
A	CIV_COM	CRT_PEN	P_HTHAB	Finland	1027.76	1360.32	1258.08	1268.07	1687.05	1342.15	1949.45	2048.9	2061.28	2421.89	1929.41	2442.42	2044.45	1851.97	1987.66
A	CIV_COM	CRT_PEN	P_HTHAB	France										2310.23	2328.67	2312.99	1878.65	1893.31	1853.87
A	CIV_COM	CRT_PEN	P_HTHAB	Croatia	4588.97	4456.31	8226.86	8879.92	8270.03	7907.04	7098.6	6725.37	6158.47	5831.0	4926.5	6572.71	6353.49	7071.58	6161.94
A	CIV_COM	CRT_PEN	P_HTHAB	Hungary	892.57	935.76	905.03	839.65	789.18	875.56	797.86	828.1	867.79	919.28	697.84	638.16	645.66	581.42	535.36
A	CIV_COM	CRT_PEN	P_HTHAB	Iceland														312.64	291.83
A	CIV_COM	CRT_PEN	P_HTHAB	Italy	8487.94	9061.87	8480.51	8516.46	8017.66	7541.26	7135.25	6633.19	6482.45	6263.94	5992.65	5891.31	5872.5	5640.54	5392.6
A	CIV_COM	CRT_PEN	P_HTHAB	Liechtenstein		486.11	576.7	594.76	759.42	762.8	759.51	837.66	725.64	859.56	805.48	627.96	619.4	570.99	
A	CIV_COM	CRT_PEN	P_HTHAB	Lithuania	845.79	1083.81	976.11	940.68	924.18	1004.31	1079.1	994.02	1021.79	968.19	833.49	767.67	748.58	705.59	740.73
A	CIV_COM	CRT_PEN	P_HTHAB	Luxembourg								201.97		221.11	208.64	596.85	664.74	661.07	673.07
A	CIV_COM	CRT_PEN	P_HTHAB	Latvia	1697.23	1686.77	1956.66	2008.0	1658.64	1485.7	1515.39	719.6	827.75	923.95	1215.07	1169.19	1372.72	1337.67	1491.29
A	CIV_COM	CRT_PEN	P_HTHAB	Montenegro	1909.37	1853.01	2252.02	2247.16	2160.22	2174.29	3017.92	3603.29	3648.88	3507.79	3260.66	3270.59	2946.1	3255.64	3752.57
A	CIV_COM	CRT_PEN	P_HTHAB	Malta										1099.72	1065.8	1093.69	1350.08	1748.3	2462.33
A	CIV_COM	CRT_PEN	P_HTHAB	Poland	2863.71	2599.08	2603.98	3144.62	2974.62	4184.27	3636.54	3858.99	5961.69	5808.07	6014.39	9350.67	8202.01	7783.49	7109.42
A	CIV_COM	CRT_PEN	P_HTHAB	Portugal	3438.69	3456.49	3383.58	3302.27	3363.57	3259.1	3508.8	3007.92	2626.99	2237.16	1966.44	1801.21	1844.2	1785.88	1702.62
A	CIV_COM	CRT_PEN	P_HTHAB	Romania	1325.4	1618.92	1823.13	1693.63	1868.87	1908.11	2960.81	2169.59	2091.91	2109.74	2052.75	2078.67	2216.36	2215.88	2423.42
A	CIV_COM	CRT_PEN	P_HTHAB	Serbia						32322.81	31653.79	30345.78	18246.89	16327.52	14104.96	13298.45	10594.26	5435.38	5989.36
A	CIV_COM	CRT_PEN	P_HTHAB	Sweden	394.32	430.76	437.59	419.97	433.79	531.5	491.45	447.0	440.79	446.71	466.47	486.45	454.28	418.75	405.7
A	CIV_COM	CRT_PEN	P_HTHAB	Slovenia	19911.71	18226.38	14918.49	13952.62	11818.8	10887.4	10023.75	7478.55	5642.8	4459.52	3714.1	3332.2	3183.37	3071.92	2915.7
A	CIV_COM	CRT_PEN	P_HTHAB	Slovakia	3717.18	3531.86	3466.58	3532.87	4188.13	4697.89	4908.23	5818.18	4339.39	2691.73	1915.92	1691.8	1634.35	1528.25	1409.42
A	CIV_COM	CRT_PEN	P_HTHAB	Turkey		1437.06	1523.44	1498.97	1458.9	1534.21	1612.19	1701.44	1973.46	2016.19	2043.13	2027.61	2149.14	2123.82	2300.49
A	CIV_COM	CRT_PEN	P_HTHAB	Kosovo	61.72	33.02	30.8	32.16					66.15	63.02	60.38	66.99			
A	CIV_COM	CRT_RESL	NR	Albania						31238.0	49970.0	41025.0	41602.0	46280.0	40447.0	40628.0	22322.0	34149.0	
A	CIV_COM	CRT_RESL	NR	Austria						564551.0	540926.0	516981.0	493849.0	482192.0	496103.0	489263.0	424037.0	411961.0	414621.0
A	CIV_COM	CRT_RESL	NR	Bosnia and Herzegovina	52167.0	91599.0	115860.0	110501.0	107546.0	102643.0	108036.0	97717.0	92059.0	84117.0	75984.0	70369.0	57056.0	65359.0	64769.0
A	CIV_COM	CRT_RESL	NR	Belgium			775448.0	773973.0	758214.0	767912.0	751904.0	786015.0							
A	CIV_COM	CRT_RESL	NR	Bulgaria				386569.0	361380.0	327950.0	300799.0	315519.0	309939.0	357257.0	338871.0	339534.0	285461.0	324138.0	295171.0
A	CIV_COM	CRT_RESL	NR	Switzerland	93561.0		199479.0		308570.0										
A	CIV_COM	CRT_RESL	NR	Czechia				2902578.0	2760956.0	2416583.0	2338284.0	914836.0	883168.0	845792.0	798055.0	798586.0	756938.0	771168.0	792078.0
A	CIV_COM	CRT_RESL	NR	Germany	1817698.0	1621822.0	1866061.0	1898194.0	1840666.0	1807536.0	1756145.0	1777104.0	1672849.0	1539889.0	1487637.0	1495102.0	1407964.0	1342683.0	1244797.0
A	CIV_COM	CRT_RESL	NR	Denmark	63032.0	68977.0	69322.0	65877.0	54952.0	51261.0	47485.0	45773.0	46011.0	45833.0	43574.0	49674.0	48390.0	41587.0	43111.0
A	CIV_COM	CRT_RESL	NR	Estonia		28419.0	31784.0	31349.0	28389.0	29301.0	28094.0	31158.0	30048.0	30068.0	29134.0	31114.0	33286.0	33952.0	34460.0
A	CIV_COM	CRT_RESL	NR	Greece						257947.0	273408.0	234704.0	145221.0	192482.0	184131.0	177813.0	190323.0	179014.0	196620.0
A	CIV_COM	CRT_RESL	NR	Spain	1270563.0	1530782.0	1686322.0	1676501.0	1625378.0	1517458.0	1655266.0	1661327.0	1878998.0	1830518.0	1963271.0	2174972.0	1945175.0	2535490.0	2533121.0
A	CIV_COM	CRT_RESL	NR	Finland	273748.0	350541.0	360658.0	393511.0	468976.0	491727.0	423057.0	408848.0	422309.0	448391.0	502266.0	502266.0	467306.0	478797.0	429595.0
A	CIV_COM	CRT_RESL	NR	France				2411562.0	2392637.0	2446191.0	2362187.0	2420514.0	2630085.0	2609394.0	2279484.0	1624401.0	1198532.0	1806898.0	1650212.0
A	CIV_COM	CRT_RESL	NR	Croatia	141722.0	140443.0	604295.0	614039.0	626414.0	593738.0	522243.0	457119.0	486030.0	446991.0	411344.0	402942.0	393165.0	405285.0	434006.0
A	CIV_COM	CRT_RESL	NR	Hungary	194112.0	193462.0	207551.0	200826.0	178456.0	243473.0	254551.0	242154.0	258405.0	239728.0	222125.0	206303.0	189163.0	199771.0	206441.0
A	CIV_COM	CRT_RESL	NR	Iceland													5557.0	4372.0	3951.0
A	CIV_COM	CRT_RESL	NR	Italy	4402552.0	4569764.0	4556039.0	4322232.0	4331317.0	4101306.0	2135362.0	3945471.0	3794564.0	3548523.0	3613343.0	3545785.0	2733998.0	3228262.0	3240634.0
A	CIV_COM	CRT_RESL	NR	Liechtenstein		424.0	333.0	423.0	418.0	551.0	446.0	446.0	535.0	577.0	426.0	482.0	363.0	378.0	
A	CIV_COM	CRT_RESL	NR	Lithuania	180071.0	229221.0	205423.0	186472.0	181877.0	183062.0	196723.0	208852.0	206021.0	196439.0	175052.0	161617.0	151181.0	146109.0	148591.0
A	CIV_COM	CRT_RESL	NR	Luxembourg							5954.0	5904.0		4434.0	4857.0	12126.0	11746.0	11970.0	10684.0
A	CIV_COM	CRT_RESL	NR	Latvia	85921.0	135777.0	119895.0	88253.0	52278.0	47051.0	44842.0	42728.0	42160.0	34100.0	70801.0	72059.0	83807.0	105205.0	113862.0
A	CIV_COM	CRT_RESL	NR	Montenegro	16273.0	18457.0	18530.0	19538.0	18211.0	20074.0	23528.0	32832.0	31757.0	34584.0	31482.0	30386.0	25548.0	24678.0	24574.0
A	CIV_COM	CRT_RESL	NR	Malta										2305.0	3782.0	4591.0	3832.0	4575.0	7647.0
A	CIV_COM	CRT_RESL	NR	Netherlands			1160500.0	1120900.0	1072100.0	1049000.0	1084400.0	1107700.0							
A	CIV_COM	CRT_RESL	NR	Poland	6906175.0	7597863.0	8460270.0	9005743.0	9600997.0	9945787.0	9990289.0	10410421.0	9854829.0	11553606.0	10796915.0	12380461.0	11084680.0	10563790.0	10939018.0
A	CIV_COM	CRT_RESL	NR	Portugal	312007.0	358113.0	320115.0	337248.0	363520.0	339579.0	654447.0	370623.0	349325.0	342161.0	325407.0	340514.0	249757.0	266769.0	270366.0
A	CIV_COM	CRT_RESL	NR	Romania	692489.0	716240.0	800010.0	814692.0	749210.0	704406.0	1449285.0	1246999.0	1197194.0	1110679.0	1108454.0	1140469.0	999557.0	1064096.0	1112318.0
A	CIV_COM	CRT_RESL	NR	Serbia						1035519.0	846714.0	1013230.0	1760254.0	1188072.0	1102919.0	1069910.0	1012179.0	1245210.0	955811.0
A	CIV_COM	CRT_RESL	NR	Sweden	71785.0	76678.0	84650.0	84046.0	86517.0	100731.0	99911.0	95227.0	90113.0	91883.0	93848.0	98553.0	98200.0	96720.0	90947.0
A	CIV_COM	CRT_RESL	NR	Slovenia	535987.0	613702.0	581349.0	578290.0	650366.0	585405.0	576957.0	557835.0	520637.0	481230.0	451221.0	446114.0	385143.0	448192.0	425351.0
A	CIV_COM	CRT_RESL	NR	Slovakia	259090.0	262364.0	257097.0	245543.0	264789.0	258612.0	259958.0	336660.0	319005.0	304706.0	257498.0	249503.0	240116.0	229588.0	228101.0
A	CIV_COM	CRT_RESL	NR	Turkey		1719228.0	1799427.0	1858979.0	1707410.0	1868090.0	2057056.0	1868090.0	2057056.0	1984974.0	2050198.0	2124441.0	1843550.0	2555842.0	2688342.0
A	CIV_COM	CRT_RESL	NR	Scotland	114502.0	107998.0	90691.0	80602.0	72186.0	69012.0	69387.0	69355.0		65228.0					
A	CIV_COM	CRT_RESL	NR	Northern Ireland	42030.0	40836.0	43945.0	45232.0	45720.0	41539.0	41217.0	37961.0	36287.0	34251.0	33751.0				
A	CIV_COM	CRT_RESL	NR	Kosovo	743.0	851.0	848.0	704.0	958.0	431.0	435.0	356.0	621.0	689.0	697.0	715.0			
A	CIV_COM	CRT_RESL	P_HTHAB	Albania							1725.52	1421.62	1446.73	1608.85	1409.14	1419.35	784.34	1206.79	
A	CIV_COM	CRT_RESL	P_HTHAB	Austria						6679.61	6358.68	6028.05	5682.91	5496.4	5623.31	5522.92	4763.89	4611.85	4617.71
A	CIV_COM	CRT_RESL	P_HTHAB	Bosnia and Herzegovina	1357.16	2382.91	3014.01	2875.25	2801.21										
A	CIV_COM	CRT_RESL	P_HTHAB	Belgium			7153.64	7035.71	6833.93	6879.92	6724.93	6994.71							
A	CIV_COM	CRT_RESL	P_HTHAB	Bulgaria				5245.57	4932.02	4501.99	4151.43	4380.87	4332.52	5030.47	4806.66	4850.46	4106.48	4686.41	4316.04
A	CIV_COM	CRT_RESL	P_HTHAB	Switzerland	1232.12		2562.09		3879.11										
A	CIV_COM	CRT_RESL	P_HTHAB	Czechia				27678.58	26281.19	22979.79	22243.06	8681.08	8368.21	7995.15	7521.69	7498.6	7078.2	7205.98	7531.62
A	CIV_COM	CRT_RESL	P_HTHAB	Germany	2210.83	1977.77	2281.19	2366.17	2291.44	2244.72	2174.32	2188.62	2035.7	1866.04	1796.83	1800.91	1692.94	1614.67	1495.48
A	CIV_COM	CRT_RESL	P_HTHAB	Denmark	1151.1	1251.52	1252.49	1184.7	984.71	914.95	843.84	808.75	806.18	797.27	753.72	855.55	831.05	712.1	734.0
A	CIV_COM	CRT_RESL	P_HTHAB	Estonia		2127.58	2383.88	2357.67	2142.22	2219.48	2135.1	2369.66	2283.38	2285.44	2208.57	2348.55	2504.64	2552.65	2587.48
A	CIV_COM	CRT_RESL	P_HTHAB	Greece						2344.2	2502.18	2161.57	1346.67	1787.51	1714.26	1657.99	1775.64	1676.38	1879.77
A	CIV_COM	CRT_RESL	P_HTHAB	Spain	2782.12	3310.57	3627.54	3592.46	3471.68	3247.44	3558.78	3576.63	4046.07	3934.23	4207.75	4633.81	4109.59	5349.28	5340.43
A	CIV_COM	CRT_RESL	P_HTHAB	Finland	5164.58	6581.31	6739.47	7320.76	8682.7	9061.3	7760.71	7471.97	7696.11	8147.68	9110.36	9102.45	8457.58	8652.24	7742.9
A	CIV_COM	CRT_RESL	P_HTHAB	France				3711.31	3665.36	3728.93	3582.21	3640.52	3946.8	3905.7	3400.88	2418.07	1780.34	2670.69	2431.36
A	CIV_COM	CRT_RESL	P_HTHAB	Croatia	3286.71	3258.69	14044.07	14313.74	14649.59	13930.51	12297.3	10818.58	11597.91	10759.94	10019.36	9885.12	9688.25	10040.87	11236.97
A	CIV_COM	CRT_RESL	P_HTHAB	Hungary	1932.35	1928.65	2072.54	2011.13	1796.79	2457.14	2577.11	2457.03	2628.61	2446.81	2271.6	2111.0	1936.26	2052.98	2130.67
A	CIV_COM	CRT_RESL	P_HTHAB	Iceland													1526.09	1185.49	1050.11
A	CIV_COM	CRT_RESL	P_HTHAB	Italy	7506.11	7745.29	7697.29	7280.81	7292.49	6871.56	3513.11	6489.73	6254.89	5856.67	5974.05	5927.75	4584.05	5449.81	5489.8
A	CIV_COM	CRT_RESL	P_HTHAB	Liechtenstein		1191.38	927.73	1170.16	1145.99	1495.74	1201.22	1193.6	1422.04	1526.05	1117.7	1255.93	936.85	967.87	
A	CIV_COM	CRT_RESL	P_HTHAB	Lithuania	5605.14	7199.48	6538.02	6108.65	6055.22	6159.75	6683.37	7149.38	7132.31	6897.67	6232.05	5784.05	5410.74	5226.24	5295.48
A	CIV_COM	CRT_RESL	P_HTHAB	Luxembourg							1083.18	1048.75		750.68	806.8	1975.26	1876.03	1885.84	1655.42
A	CIV_COM	CRT_RESL	P_HTHAB	Latvia	3920.09	6277.74	5654.08	4253.97	2556.62	2324.86	2240.46	2151.36	2141.24	1748.61	3660.14	3753.14	4393.15	5556.93	6070.19
A	CIV_COM	CRT_RESL	P_HTHAB	Montenegro	2643.68	2990.65	2993.53	3152.05	2935.8	3233.09	3785.55	5277.62	5103.84	5556.67	5058.5	4883.78	4108.23	3975.58	3978.42
A	CIV_COM	CRT_RESL	P_HTHAB	Malta										500.76	795.04	930.18	744.71	886.46	1467.84
A	CIV_COM	CRT_RESL	P_HTHAB	Netherlands			7001.51	6729.79	6408.12	6251.65	6443.53	6554.16							
A	CIV_COM	CRT_RESL	P_HTHAB	Poland	18119.01	19923.14	22250.48	23660.27	25223.44	26130.12	26277.89	27391.8	25956.16	30425.87	28430.38	32603.49	29202.38	27916.99	29051.22
A	CIV_COM	CRT_RESL	P_HTHAB	Portugal	2956.47	3390.25	3027.53	3189.79	3448.17	3238.01	6276.28	3572.33	3377.95	3318.87	3162.05	3313.48	2425.79	2590.43	2611.72
A	CIV_COM	CRT_RESL	P_HTHAB	Romania	3355.82	3504.06	3727.53	3804.52	3728.16	3518.5	7265.57	6275.58	6058.58	5653.94	5675.46	5874.33	5171.32	5541.69	5841.25
A	CIV_COM	CRT_RESL	P_HTHAB	Serbia						14419.25	11847.52	14241.97	24875.09	16875.37	15752.74	15363.96	14612.71	18121.25	14062.03
A	CIV_COM	CRT_RESL	P_HTHAB	Sweden	781.72	828.38	906.25	892.63	912.35	1054.12	1035.9	976.95	914.76	919.28	927.33	963.36	950.85	931.86	870.11
A	CIV_COM	CRT_RESL	P_HTHAB	Slovenia	26662.45	30196.49	28400.38	28206.16	31640.34	28433.99	27992.88	27041.64	25222.36	23294.02	21831.02	21438.43	18376.36	21251.63	20185.79
A	CIV_COM	CRT_RESL	P_HTHAB	Slovakia	4819.33	4874.48	4769.53	4553.46	4899.58	4779.52	4799.86	6209.89	5878.92	5606.01	4730.71	4577.68	4399.44	4205.08	4197.11
A	CIV_COM	CRT_RESL	P_HTHAB	Turkey		2403.94	2479.87	2521.57	2284.95	2470.12	2683.07	2404.36	2612.43	2486.97	2537.04	2590.66	2217.0	3056.7	3174.7
A	CIV_COM	CRT_RESL	P_HTHAB	Scotland	2207.92	2070.15	1728.58	1526.38	1360.39	1297.19	1300.0	1294.78		1204.64					
A	CIV_COM	CRT_RESL	P_HTHAB	Northern Ireland	2374.09	2286.21	2442.72	2499.64	2513.56	2274.05	2243.34	2055.17	1954.02	1834.9	1799.14				
A	CIV_COM	CRT_RESL	P_HTHAB	Kosovo	34.51	39.02	38.4	39.24					35.05	38.63	38.75	39.82			
A	CRIM	CRT_BGHT	NR	Albania						11150.0	14234.0	27149.0	17219.0	15090.0	16883.0	17270.0	16922.0	14945.0	
A	CRIM	CRT_BGHT	NR	Austria	59812.0	62000.0	60726.0	57862.0	57668.0	56110.0	54588.0	54172.0	53104.0	52320.0	51160.0	52554.0	46419.0	43153.0	47499.0
A	CRIM	CRT_BGHT	NR	Bosnia and Herzegovina	23575.0	35904.0	48744.0	56092.0	62220.0	65371.0	62823.0	55474.0	54216.0	53108.0	51872.0	49983.0	43524.0	48992.0	48893.0
A	CRIM	CRT_BGHT	NR	Belgium			329910.0	330911.0	309227.0	303226.0	298935.0	286810.0		268434.0	258500.0	229645.0	191132.0	241447.0	223845.0
A	CRIM	CRT_BGHT	NR	Bulgaria				155030.0	148167.0	142261.0	135589.0	145555.0	157079.0	155039.0	150324.0	142755.0	128853.0	169591.0	147256.0
A	CRIM	CRT_BGHT	NR	Switzerland	79166.0		195818.0		57573.0				33794.0						
A	CRIM	CRT_BGHT	NR	Czechia				155144.0	152880.0	165561.0	151426.0	87674.0	81641.0	76475.0	74115.0	73115.0	65131.0	62238.0	65299.0
A	CRIM	CRT_BGHT	NR	Germany	826559.0	803465.0	776447.0	770532.0	727112.0	700679.0	679438.0	664867.0	670036.0	657774.0	659932.0	661044.0	625780.0	566305.0	560364.0
A	CRIM	CRT_BGHT	NR	Denmark	106720.0	116683.0	114124.0	117650.0	152157.0	126638.0	132917.0	148951.0	141728.0	135035.0	167564.0	160688.0	162899.0	139350.0	153429.0
A	CRIM	CRT_BGHT	NR	Estonia	11929.0	10341.0	9473.0	9848.0	9129.0	8418.0	7699.0	7540.0	7628.0	6724.0	5876.0	5666.0	5210.0	4764.0	3877.0
A	CRIM	CRT_BGHT	NR	Greece								164754.0	222036.0	184350.0	214663.0	196798.0	106457.0	102186.0	264496.0
A	CRIM	CRT_BGHT	NR	Spain	5760355.0	5815477.0	1308871.0	1306902.0	1306258.0	348921.0	332606.0	293569.0	302929.0	289859.0	287852.0	298940.0	248714.0	309737.0	326349.0
A	CRIM	CRT_BGHT	NR	Finland	65267.0	60831.0	61572.0	59732.0	60472.0	55428.0	54409.0	53219.0	51645.0	53395.0	58716.0	54359.0	56932.0	56753.0	51566.0
A	CRIM	CRT_BGHT	NR	France				1003668.0	1013050.0	1031658.0	1002289.0	1005756.0	4992686.0	4765672.0	4687990.0	4496208.0	4124168.0	4306541.0	4370413.0
A	CRIM	CRT_BGHT	NR	Croatia	33114.0	46627.0	44819.0	26547.0	21978.0	19312.0	17666.0	18257.0	17992.0	16830.0	17113.0	17596.0	17944.0	18640.0	17707.0
A	CRIM	CRT_BGHT	NR	Hungary	78491.0	75429.0	82260.0	79938.0	72569.0	141887.0	141977.0	141514.0	136403.0	127853.0	115730.0	113333.0	125130.0	130909.0	131595.0
A	CRIM	CRT_BGHT	NR	Iceland									1914.0	1753.0	1858.0		1972.0	1447.0	1474.0
A	CRIM	CRT_BGHT	NR	Italy		1612608.0	1653571.0	1593472.0	1577944.0	1577463.0	1518873.0	1499291.0	1484199.0	1348398.0	1331892.0	1291316.0	1071254.0	1158120.0	1138283.0
A	CRIM	CRT_BGHT	NR	Liechtenstein		28.0	26.0	31.0	15.0	27.0	46.0	22.0	27.0	24.0	26.0	32.0	31.0	35.0	
A	CRIM	CRT_BGHT	NR	Lithuania	16472.0	17534.0	18014.0	18128.0	20273.0	20698.0	21146.0	18358.0	16774.0	20178.0	19746.0	18111.0	17725.0	15516.0	15413.0
A	CRIM	CRT_BGHT	NR	Luxembourg								5335.0	4973.0	4134.0	4500.0				
A	CRIM	CRT_BGHT	NR	Latvia	12280.0	11700.0	9958.0	9592.0	9610.0	9132.0	9133.0	10476.0	10407.0	9394.0	9164.0	8741.0	8271.0	6345.0	4557.0
A	CRIM	CRT_BGHT	NR	Montenegro	8817.0	8691.0	6856.0	6002.0	6277.0	5091.0	4820.0	4093.0	3849.0	3765.0	3781.0	3619.0	4237.0	3907.0	3543.0
A	CRIM	CRT_BGHT	NR	Malta							1412.0	1179.0	1027.0	1718.0	1410.0	1070.0	1778.0	1519.0	1320.0
A	CRIM	CRT_BGHT	NR	Poland	2304825.0	2431620.0	2537159.0	2412893.0	2452570.0	2610007.0	2599496.0	2561991.0	2354780.0	2269110.0	2134568.0	2074734.0	1862695.0	2027328.0	2027558.0
A	CRIM	CRT_BGHT	NR	Portugal	114960.0	112222.0	107025.0	106853.0	104451.0	91210.0	132336.0	73652.0	71674.0	62839.0	61815.0	64242.0	51656.0	59272.0	62101.0
A	CRIM	CRT_BGHT	NR	Romania	171119.0	167770.0	171480.0	181995.0	194500.0	226626.0	247142.0	232750.0	349292.0	381927.0	383576.0	379893.0	341840.0	358589.0	366408.0
A	CRIM	CRT_BGHT	NR	Serbia						155601.0	131790.0	141013.0	143471.0	164191.0	225285.0	271718.0	321469.0	221741.0	197424.0
A	CRIM	CRT_BGHT	NR	Sweden	83037.0	87476.0	92415.0	90929.0	89823.0	85543.0	83699.0	82844.0	83863.0	90492.0	97472.0	104300.0	119941.0	122423.0	122018.0
A	CRIM	CRT_BGHT	NR	Slovenia	15910.0	15175.0	14388.0	13505.0	12690.0	12302.0	12785.0	11020.0	10374.0	9833.0	9466.0	9324.0	9222.0	8613.0	8420.0
A	CRIM	CRT_BGHT	NR	Slovakia	37307.0	40726.0	40990.0	39773.0	43940.0	43344.0	41468.0	37544.0	35255.0	72163.0	72209.0	70891.0	66868.0	63773.0	66374.0
A	CRIM	CRT_BGHT	NR	Turkey		1759568.0	1902667.0	1665706.0	1843820.0	1648082.0	1578447.0	1551056.0	1410834.0	1421877.0	1601160.0	1684483.0	1322502.0	1621787.0	1804267.0
A	CRIM	CRT_BGHT	NR	England and Wales					1169522.0	1537272.0	1607170.0	1591592.0	1635820.0						
A	CRIM	CRT_BGHT	NR	Scotland	117034.0	147034.0	153105.0	140121.0	129682.0	148741.0	153681.0	136262.0	134488.0	109881.0					
A	CRIM	CRT_BGHT	NR	Northern Ireland	56373.0	58568.0	59556.0	58229.0	55553.0	49929.0	45797.0	46269.0	42553.0	41747.0	42553.0				
A	CRIM	CRT_BGHT	NR	Kosovo	15723.0	13612.0	12381.0	19465.0	21681.0	21356.0	19790.0	22356.0	24859.0	26797.0	23640.0	21550.0			
A	CRIM	CRT_BGHT	P_HTHAB	Albania							491.51	940.78	598.8	524.58	588.19	603.33	594.6	528.14	
A	CRIM	CRT_BGHT	P_HTHAB	Austria	719.93	743.85	727.11	690.88	685.86	663.88	641.69	631.65	611.09	596.38	579.9	593.24	521.5	483.09	529.01
A	CRIM	CRT_BGHT	P_HTHAB	Bosnia and Herzegovina	613.32	934.03	1268.04	1459.52	1620.62										
A	CRIM	CRT_BGHT	P_HTHAB	Belgium			3043.48	3008.11	2787.12	2716.68	2673.64	2552.31		2364.7	2267.82	2004.67	1658.78	2089.59	1926.77
A	CRIM	CRT_BGHT	P_HTHAB	Bulgaria				2103.69	2022.14	1952.91	1871.31	2020.98	2195.75	2183.08	2132.25	2039.35	1853.6	2451.96	2153.2
A	CRIM	CRT_BGHT	P_HTHAB	Switzerland	1042.55		2515.06		723.76				405.83						
A	CRIM	CRT_BGHT	P_HTHAB	Czechia				1479.43	1455.25	1574.35	1440.45	831.96	773.57	722.91	698.54	686.54	609.05	581.57	620.91
A	CRIM	CRT_BGHT	P_HTHAB	Germany	1005.33	979.81	949.18	960.5	905.18	870.15	841.23	818.83	815.37	797.09	797.09	796.25	752.44	681.02	673.21
A	CRIM	CRT_BGHT	P_HTHAB	Denmark	1948.94	2117.1	2061.96	2115.77	2726.58	2260.33	2362.03	2631.78	2483.3	2348.94	2898.43	2767.58	2797.62	2386.11	2612.26
A	CRIM	CRT_BGHT	P_HTHAB	Estonia	891.26	774.18	710.5	740.64	688.87	637.64	585.11	573.44	579.66	511.08	445.44	427.68	392.03	358.18	291.11
A	CRIM	CRT_BGHT	P_HTHAB	Greece								1517.35	2058.99	1711.99	1998.51	1835.01	993.2	956.92	2528.7
A	CRIM	CRT_BGHT	P_HTHAB	Spain	12613.29	12576.92	2815.59	2800.47	2790.06	746.71	715.09	632.02	652.3	622.98	616.93	636.9	525.46	653.47	688.02
A	CRIM	CRT_BGHT	P_HTHAB	Finland	1231.34	1142.08	1150.57	1111.24	1119.59	1021.4	998.1	972.61	941.17	970.24	1065.02	985.14	1030.39	1025.57	929.41
A	CRIM	CRT_BGHT	P_HTHAB	France				1544.61	1551.93	1572.64	1519.95	1512.68	7492.21	7133.19	6994.26	6693.01	6126.2	6365.29	6439.21
A	CRIM	CRT_BGHT	P_HTHAB	Croatia	767.96	1081.88	1041.61	618.83	513.99	453.11	415.98	432.09	429.33	405.13	416.83	431.67	442.17	461.8	458.46
A	CRIM	CRT_BGHT	P_HTHAB	Hungary	781.36	751.96	821.42	800.52	730.66	1431.93	1437.4	1435.88	1387.55	1304.95	1183.53	1159.68	1280.82	1345.31	1358.19
A	CRIM	CRT_BGHT	P_HTHAB	Iceland									575.59	518.1	533.22		541.56	392.36	391.76
A	CRIM	CRT_BGHT	P_HTHAB	Italy		2733.21	2793.66	2684.21	2656.73	2642.97	2498.86	2466.12	2446.53	2225.47	2202.06	2158.79	1796.16	1955.09	1928.31
A	CRIM	CRT_BGHT	P_HTHAB	Liechtenstein		78.68	72.44	85.76	41.12	73.29	123.89	58.88	71.77	63.48	68.22	83.38	80.01	89.62	
A	CRIM	CRT_BGHT	P_HTHAB	Lithuania	512.73	550.72	573.33	593.86	674.95	696.46	718.4	628.43	580.7	708.52	702.98	648.17	634.37	555.0	549.29
A	CRIM	CRT_BGHT	P_HTHAB	Luxembourg								947.67	862.99	699.89	747.5				
A	CRIM	CRT_BGHT	P_HTHAB	Latvia	560.27	540.96	469.61	462.35	469.97	451.22	456.32	527.47	528.55	481.71	473.74	455.27	433.56	335.14	242.94
A	CRIM	CRT_BGHT	P_HTHAB	Montenegro	1432.39	1408.23	1107.59	968.3	1011.92	819.95	775.52	657.93	618.59	604.93	607.53	581.66	681.33	629.41	573.6
A	CRIM	CRT_BGHT	P_HTHAB	Malta							331.94	274.6	236.42	373.24	296.4	216.79	345.54	294.32	253.37
A	CRIM	CRT_BGHT	P_HTHAB	Poland	6046.93	6376.2	6672.72	6339.26	6443.31	6857.15	6837.57	6741.09	6202.14	5975.59	5620.73	5463.74	4907.23	5357.63	5384.67
A	CRIM	CRT_BGHT	P_HTHAB	Portugal	1089.32	1062.41	1012.2	1010.65	990.77	869.72	1269.13	709.91	693.08	609.52	600.67	625.13	501.71	575.55	599.89
A	CRIM	CRT_BGHT	P_HTHAB	Romania	829.25	820.78	798.99	849.9	967.85	1131.99	1238.97	1171.33	1767.64	1944.21	1963.97	1956.75	1768.55	1867.49	1924.16
A	CRIM	CRT_BGHT	P_HTHAB	Serbia						2166.69	1844.05	1982.08	2027.47	2332.17	3217.69	3901.88	4641.01	3226.94	2904.53
A	CRIM	CRT_BGHT	P_HTHAB	Sweden	904.25	945.04	989.38	965.73	947.21	895.19	867.81	849.91	851.31	905.36	963.14	1019.53	1161.36	1179.49	1167.38
A	CRIM	CRT_BGHT	P_HTHAB	Slovenia	791.44	746.67	702.89	658.72	617.37	597.53	620.3	534.21	502.57	475.97	457.98	448.07	440.01	408.4	399.59
A	CRIM	CRT_BGHT	P_HTHAB	Slovakia	693.95	756.65	760.42	737.57	813.05	801.06	765.66	692.52	649.71	1327.66	1326.61	1300.65	1225.17	1168.05	1221.3
A	CRIM	CRT_BGHT	P_HTHAB	Turkey		2460.35	2622.15	2259.41	2467.5	2179.21	2058.81	1996.32	1791.74	1781.47	1981.38	2054.15	1590.41	1939.6	2130.68
A	CRIM	CRT_BGHT	P_HTHAB	England and Wales					2074.72	2708.44	2810.9	2759.75	2813.23						
A	CRIM	CRT_BGHT	P_HTHAB	Scotland	2256.74	2818.41	2918.2	2653.51	2443.94	2795.82	2879.29	2543.86	2501.35	2029.3					
A	CRIM	CRT_BGHT	P_HTHAB	Northern Ireland	3184.26	3278.94	3310.47	3217.89	3054.15	2733.36	2492.62	2504.95	2291.43	2236.48	2268.34				
A	CRIM	CRT_BGHT	P_HTHAB	Kosovo	730.24	624.21	560.71	1084.9					1403.19	1502.47	1314.42	1200.11			
A	CRIM	CRT_PEN	NR	Albania						3683.0	3670.0	3933.0	3937.0	2704.0	3056.0	5739.0	7131.0	3154.0	
A	CRIM	CRT_PEN	NR	Austria						17279.0	15707.0	14689.0	14482.0	14309.0	13747.0	13752.0	14085.0	12614.0	13353.0
A	CRIM	CRT_PEN	NR	Bosnia and Herzegovina	22234.0	24025.0	24904.0	24565.0	23894.0	22733.0	21492.0	19536.0	18729.0	17671.0	16407.0	15554.0	15346.0	15801.0	16089.0
A	CRIM	CRT_PEN	NR	Belgium			12651.0	12304.0	11530.0	10952.0	44714.0	10550.0							
A	CRIM	CRT_PEN	NR	Bulgaria				29158.0	30786.0	29038.0	28323.0	27105.0	21415.0	18561.0	21468.0	21184.0	23280.0	23393.0	21007.0
A	CRIM	CRT_PEN	NR	Switzerland	11941.0	47565.0	35966.0	20782.0	21406.0				8859.0						
A	CRIM	CRT_PEN	NR	Czechia				21108.0	21008.0	18645.0	18799.0	15689.0	14669.0	13951.0	13383.0	13052.0	12884.0	10870.0	10151.0
A	CRIM	CRT_PEN	NR	Germany	261746.0	246618.0	232980.0	230645.0	222204.0	222489.0	222804.0	216884.0	224508.0	227745.0	238028.0	237886.0	248678.0	232799.0	234909.0
A	CRIM	CRT_PEN	NR	Denmark	35086.0	40782.0	32888.0	23365.0	16051.0	14928.0	17022.0	16389.0	14983.0	15851.0	18687.0	19239.0	26978.0	31329.0	32254.0
A	CRIM	CRT_PEN	NR	Estonia			3572.0	2261.0	1742.0										
A	CRIM	CRT_PEN	NR	Greece													38880.0	70305.0	113307.0
A	CRIM	CRT_PEN	NR	Spain	1049519.0	1067630.0	511436.0	508471.0	560384.0	332394.0	317034.0	285023.0	274965.0	259484.0	251687.0	253335.0	276038.0	284198.0	296839.0
A	CRIM	CRT_PEN	NR	Finland	16253.0	15503.0	17487.0	17317.0	18832.0	18583.0	17965.0	17255.0	16538.0	18764.0	21383.0	20381.0	26325.0	27256.0	26198.0
A	CRIM	CRT_PEN	NR	Croatia	35305.0	34081.0	30640.0	22029.0	18297.0	19437.0	21950.0	23230.0	24204.0	24992.0	26338.0	27040.0	29337.0	31164.0	30902.0
A	CRIM	CRT_PEN	NR	Hungary	52603.0	52701.0	55379.0	50645.0	45694.0	47917.0	43469.0	40167.0	37062.0	33891.0	25851.0	20753.0	23407.0	23266.0	23027.0
A	CRIM	CRT_PEN	NR	Iceland									449.0	427.0	578.0		722.0	481.0	619.0
A	CRIM	CRT_PEN	NR	Italy		1353376.0	1409547.0	1431853.0	1497220.0	1524940.0	1517328.0	1510668.0	1355234.0	1317777.0	1300851.0	1290530.0	1331167.0	1276797.0	1162164.0
A	CRIM	CRT_PEN	NR	Liechtenstein		12.0	13.0	13.0	10.0	13.0	27.0	17.0	12.0	15.0	16.0	23.0	18.0	23.0	
A	CRIM	CRT_PEN	NR	Lithuania	4036.0	4738.0	5083.0	5139.0	4747.0	4708.0	4180.0	3575.0	3234.0	3554.0	3294.0	3230.0	4176.0	4065.0	3933.0
A	CRIM	CRT_PEN	NR	Latvia	4799.0	5160.0	5159.0	5251.0	5334.0	5246.0	5055.0	2861.0	3453.0	4793.0	4116.0	3750.0	4162.0	3391.0	3179.0
A	CRIM	CRT_PEN	NR	Montenegro	6774.0	4033.0	3306.0	2744.0	2932.0	2876.0	2546.0	2099.0	1697.0	1590.0	1725.0	1564.0	2140.0	2428.0	2656.0
A	CRIM	CRT_PEN	NR	Malta							2917.0	3795.0	3627.0	3542.0	3310.0	3428.0	3684.0	2454.0	2281.0
A	CRIM	CRT_PEN	NR	Poland	370756.0	272816.0	408741.0	386527.0	358795.0	430311.0	419599.0	421510.0	376237.0	368249.0	368936.0	374052.0	410425.0	400266.0	383289.0
A	CRIM	CRT_PEN	NR	Portugal	102911.0	92607.0	85971.0	83154.0	78472.0	69948.0	62953.0	55619.0	49942.0	41341.0	39162.0	37774.0	41084.0	41016.0	40817.0
A	CRIM	CRT_PEN	NR	Romania	33668.0	38378.0	38942.0	34811.0	21530.0	49778.0	77382.0	62160.0	96271.0	100282.0	102916.0	106157.0	105661.0	103879.0	112002.0
A	CRIM	CRT_PEN	NR	Serbia						73359.0	59139.0	47172.0	40328.0	39408.0	44866.0	44275.0	46193.0	45385.0	44412.0
A	CRIM	CRT_PEN	NR	Sweden	30697.0	32163.0	33687.0	31771.0	30690.0	29967.0	29582.0	28774.0	30216.0	34341.0	38619.0	42191.0	46959.0	47334.0	46437.0
A	CRIM	CRT_PEN	NR	Slovenia	19237.0	17791.0	17317.0	17114.0	14986.0	11193.0	9833.0	9403.0	9505.0	9621.0	9292.0	9095.0	11001.0	11099.0	10765.0
A	CRIM	CRT_PEN	NR	Slovakia	19797.0	19857.0	19136.0	18182.0	17625.0	16677.0	15770.0	15468.0	14798.0	25797.0	24410.0	22497.0	22560.0	23218.0	23710.0
A	CRIM	CRT_PEN	NR	Turkey		1226795.0	1432691.0	1336457.0	1137519.0	1042748.0	1005395.0	995665.0	1082384.0	1228484.0	1316110.0	1352612.0	1458741.0	1325127.0	1386850.0
A	CRIM	CRT_PEN	NR	Kosovo	36201.0	36190.0	35927.0	36947.0	38960.0	45968.0	41969.0	44142.0	45169.0	46154.0	43650.0	36123.0			
A	CRIM	CRT_PEN	P_HTHAB	Albania							126.73	136.29	136.91	94.0	106.47	200.49	250.57	111.46	
A	CRIM	CRT_PEN	P_HTHAB	Austria						204.44	184.64	171.28	166.65	163.11	155.82	155.24	158.24	141.21	148.71
A	CRIM	CRT_PEN	P_HTHAB	Bosnia and Herzegovina	578.43	625.0	647.86	639.18	622.36										
A	CRIM	CRT_PEN	P_HTHAB	Belgium			116.71	111.85	103.92	98.12	399.92	93.88							
A	CRIM	CRT_PEN	P_HTHAB	Bulgaria				395.66	420.16	398.62	390.9	376.34	299.35	261.35	304.51	302.63	334.89	338.22	307.17
A	CRIM	CRT_PEN	P_HTHAB	Switzerland	157.25	617.58	461.94	264.06	269.1				106.39						
A	CRIM	CRT_PEN	P_HTHAB	Czechia				201.28	199.97	177.3	178.83	148.88	138.99	131.88	126.14	122.56	120.48	101.57	96.52
A	CRIM	CRT_PEN	P_HTHAB	Germany	318.36	300.75	284.81	287.51	276.62	276.3	275.86	267.11	273.2	275.98	287.5	286.54	299.01	279.96	282.22
A	CRIM	CRT_PEN	P_HTHAB	Denmark	640.75	739.95	594.21	420.19	287.63	266.45	302.49	289.57	262.53	275.73	323.24	331.36	463.32	536.45	549.15
A	CRIM	CRT_PEN	P_HTHAB	Estonia			267.91	170.04	131.45										
A	CRIM	CRT_PEN	P_HTHAB	Greece													362.74	658.37	1083.26
A	CRIM	CRT_PEN	P_HTHAB	Spain	2298.1	2308.92	1100.18	1089.57	1196.94	711.34	681.61	613.62	592.09	557.69	539.42	539.73	583.19	599.59	625.81
A	CRIM	CRT_PEN	P_HTHAB	Finland	306.63	291.06	326.77	322.16	348.66	342.44	329.56	315.35	301.39	340.96	387.86	369.36	476.45	492.54	472.19
A	CRIM	CRT_PEN	P_HTHAB	Croatia	818.77	790.78	712.09	513.51	427.9	456.04	516.86	549.78	577.57	601.61	641.53	663.36	722.91	772.08	800.09
A	CRIM	CRT_PEN	P_HTHAB	Hungary	523.65	525.38	553.0	507.17	460.07	483.58	440.09	407.56	377.01	345.91	264.37	212.36	239.59	239.1	237.66
A	CRIM	CRT_PEN	P_HTHAB	Iceland									135.03	126.2	165.88		198.28	130.43	164.52
A	CRIM	CRT_PEN	P_HTHAB	Italy		2293.83	2381.39	2411.96	2520.82	2554.97	2496.32	2484.83	2233.94	2174.93	2150.74	2157.48	2231.95	2155.43	1968.76
A	CRIM	CRT_PEN	P_HTHAB	Liechtenstein		33.72	36.22	35.96	27.42	35.29	72.72	45.5	31.9	39.67	41.98	59.93	46.46	58.89	
A	CRIM	CRT_PEN	P_HTHAB	Lithuania	125.63	148.81	161.78	168.35	158.04	158.42	142.01	122.38	111.96	124.79	117.27	115.6	149.46	145.4	140.16
A	CRIM	CRT_PEN	P_HTHAB	Latvia	218.95	238.58	243.29	253.11	260.86	259.21	252.56	144.05	175.37	245.78	212.78	195.32	218.17	179.11	169.48
A	CRIM	CRT_PEN	P_HTHAB	Montenegro	1100.49	653.48	534.09	442.69	472.67	463.2	409.64	337.41	272.73	255.47	277.17	251.37	344.12	391.15	429.99
A	CRIM	CRT_PEN	P_HTHAB	Malta							685.73	883.91	834.94	769.5	695.82	694.55	715.95	475.49	437.84
A	CRIM	CRT_PEN	P_HTHAB	Poland	972.71	715.38	1074.99	1015.5	942.61	1130.54	1103.69	1109.07	990.95	969.77	971.48	985.05	1081.26	1057.79	1017.92
A	CRIM	CRT_PEN	P_HTHAB	Portugal	975.15	876.71	813.08	786.5	744.35	666.98	603.73	536.1	482.94	401.0	380.55	367.57	399.03	398.28	394.29
A	CRIM	CRT_PEN	P_HTHAB	Romania	163.16	187.76	181.44	162.56	107.14	248.64	387.93	312.82	487.19	510.49	526.95	546.79	546.65	540.99	588.17
A	CRIM	CRT_PEN	P_HTHAB	Serbia						1021.5	827.49	663.05	569.9	559.75	640.81	635.79	666.88	660.48	653.4
A	CRIM	CRT_PEN	P_HTHAB	Sweden	334.28	347.47	360.65	337.43	323.64	313.6	306.71	295.2	306.73	343.58	381.6	412.42	454.69	456.04	444.27
A	CRIM	CRT_PEN	P_HTHAB	Slovenia	956.94	875.39	845.98	834.75	729.07	543.66	477.08	455.82	460.47	465.71	449.57	437.07	524.89	526.27	510.87
A	CRIM	CRT_PEN	P_HTHAB	Slovakia	368.24	368.92	355.0	337.18	326.13	308.21	291.18	285.32	272.71	474.62	448.46	412.76	413.35	425.26	436.27
A	CRIM	CRT_PEN	P_HTHAB	Turkey		1715.39	1974.46	1812.81	1522.29	1378.8	1311.36	1281.49	1374.61	1539.17	1628.64	1649.45	1754.24	1584.81	1637.75
A	CRIM	CRT_PEN	P_HTHAB	Kosovo	1681.31	1659.57	1627.05	2059.27					2549.61	2587.79	2427.01	2011.68			
A	CRIM	CRT_RESL	NR	Albania						7512.0	13587.0	15624.0	13282.0	12398.0	13827.0	11531.0	9791.0	11791.0	
A	CRIM	CRT_RESL	NR	Austria	0.0	68486.0	65269.0	63252.0	62439.0	57054.0	56160.0	55190.0	53311.0	52493.0	51722.0	52549.0	46086.0	44624.0	46760.0
A	CRIM	CRT_RESL	NR	Bosnia and Herzegovina	16689.0	34112.0	47863.0	56430.0	62891.0	66532.0	64077.0	56464.0	55019.0	54161.0	53134.0	50835.0	43733.0	48538.0	48608.0
A	CRIM	CRT_RESL	NR	Belgium			329826.0	326885.0	309126.0	302877.0	296192.0	279370.0		267166.0	258130.0	231006.0	180946.0	231425.0	214735.0
A	CRIM	CRT_RESL	NR	Bulgaria				153526.0	149071.0	144090.0	138797.0	148159.0	164126.0	158734.0	151267.0	144545.0	128186.0	131463.0	126266.0
A	CRIM	CRT_RESL	NR	Switzerland	78339.0		207416.0		58949.0				33661.0						
A	CRIM	CRT_RESL	NR	Czechia				111523.0	167624.0	182538.0	165125.0	89020.0	82670.0	77956.0	74683.0	73446.0	65264.0	64352.0	66020.0
A	CRIM	CRT_RESL	NR	Germany	844424.0	818593.0	790085.0	772867.0	736029.0	700394.0	679123.0	670787.0	662412.0	654537.0	648918.0	660816.0	614781.0	582112.0	558208.0
A	CRIM	CRT_RESL	NR	Denmark	102784.0	110014.0	121285.0	126911.0	158437.0	127848.0	130872.0	149814.0	143426.0	134780.0	165858.0	160047.0	155064.0	134781.0	152630.0
A	CRIM	CRT_RESL	NR	Estonia	11478.0	10050.0	9070.0	10040.0	9183.0	8429.0	7721.0	7359.0	7463.0	6802.0	5749.0	5689.0	5114.0	4704.0	3921.0
A	CRIM	CRT_RESL	NR	Greece													104812.0	104770.0	185752.0
A	CRIM	CRT_RESL	NR	Spain	5748470.0	5842733.0	1282485.0	1279915.0	1300280.0	376826.0	371601.0	329099.0	326348.0	323030.0	305603.0	305298.0	234348.0	312980.0	322873.0
A	CRIM	CRT_RESL	NR	Finland	56670.0	55173.0	52869.0	53255.0	52507.0	49233.0	48013.0	46651.0	45739.0	45561.0	49549.0	48918.0	44420.0	55702.0	52307.0
A	CRIM	CRT_RESL	NR	France				1082956.0	1134767.0	1081985.0	1089507.0	1096657.0	1200575.0	1180949.0	798886.0	696222.0	663293.0	694760.0	692705.0
A	CRIM	CRT_RESL	NR	Croatia	35536.0	48858.0	48254.0	29527.0	25711.0	18170.0	17556.0	16968.0	16974.0	16057.0	15773.0	16895.0	15769.0	17039.0	18026.0
A	CRIM	CRT_RESL	NR	Hungary	77293.0	75331.0	79582.0	84672.0	77520.0	142586.0	146425.0	144070.0	140254.0	131024.0	123770.0	118430.0	122476.0	131050.0	131834.0
A	CRIM	CRT_RESL	NR	Iceland									1923.0	1786.0	1712.0		1752.0	1538.0	1466.0
A	CRIM	CRT_RESL	NR	Italy		1539288.0	1563858.0	1525664.0	1475665.0	1515000.0	1434432.0	1455041.0	1594629.0	1329982.0	1310105.0	1256498.0	974890.0	1162784.0	1185406.0
A	CRIM	CRT_RESL	NR	Liechtenstein		27.0	24.0	31.0	18.0	24.0	32.0	32.0	32.0	21.0	25.0	25.0	36.0	29.0	
A	CRIM	CRT_RESL	NR	Lithuania	16082.0	16832.0	17669.0	18072.0	20665.0	20737.0	21674.0	18963.0	17115.0	19858.0	20006.0	18175.0	16779.0	15627.0	15545.0
A	CRIM	CRT_RESL	NR	Luxembourg								4985.0	4947.0	4225.0	4176.0	4465.0	4617.0	5036.0	
A	CRIM	CRT_RESL	NR	Latvia	11164.0	11339.0	9959.0	9500.0	9527.0	9220.0	9227.0	10568.0	10351.0	10212.0	9652.0	8798.0	7855.0	7032.0	4764.0
A	CRIM	CRT_RESL	NR	Montenegro	11241.0	10857.0	7541.0	6047.0	6089.0	5147.0	5073.0	4500.0	4080.0	3796.0	3638.0	3775.0	3583.0	3609.0	3304.0
A	CRIM	CRT_RESL	NR	Malta							1439.0	1291.0	1294.0	2184.0	1512.0	1800.0	1456.0	1208.0	1281.0
A	CRIM	CRT_RESL	NR	Netherlands	127389.0	127082.0	110027.0	105465.0	99723.0	104610.0	102071.0	106373.0	94350.0	93049.0					
A	CRIM	CRT_RESL	NR	Norway	21120.0	19753.0	21986.0	19837.0	18562.0	20627.0	18459.0	19367.0		16700.0	15787.0	15724.0	15558.0	15021.0	14548.0
A	CRIM	CRT_RESL	NR	Poland	2296367.0	2530039.0	2401642.0	2435084.0	2480287.0	2538459.0	2610184.0	2559970.0	2400063.0	2277100.0	2133911.0	2069342.0	1826322.0	2037487.0	2044535.0
A	CRIM	CRT_RESL	NR	Portugal	129737.0	122217.0	113037.0	109670.0	109133.0	99735.0	139344.0	80754.0	77284.0	71262.0	63846.0	65591.0	48346.0	59340.0	62300.0
A	CRIM	CRT_RESL	NR	Romania	170413.0	163060.0	170072.0	186075.0	208378.0	219785.0	248840.0	248102.0	315804.0	377916.0	382490.0	377046.0	342767.0	361774.0	357069.0
A	CRIM	CRT_RESL	NR	Serbia						175800.0	155577.0	161756.0	159380.0	176649.0	231957.0	271624.0	320767.0	222121.0	198388.0
A	CRIM	CRT_RESL	NR	Sweden	82504.0	85714.0	90627.0	92692.0	90732.0	86083.0	83887.0	83548.0	82337.0	86288.0	93191.0	100696.0	115153.0	122026.0	122921.0
A	CRIM	CRT_RESL	NR	Slovenia	16854.0	16630.0	14716.0	13709.0	14799.0	15996.0	14107.0	11445.0	10279.0	9729.0	9805.0	9521.0	7303.0	8518.0	8752.0
A	CRIM	CRT_RESL	NR	Slovakia	37590.0	40667.0	41710.0	40727.0	44497.0	44292.0	42496.0	37846.0	35360.0	74713.0	73642.0	71913.0	66805.0	63115.0	65882.0
A	CRIM	CRT_RESL	NR	Turkey		1722284.0	1696635.0	1760476.0	2042675.0	1743048.0	1618250.0	1743048.0	1618250.0	1408367.0	1615463.0	1757759.0	1374732.0	1965068.0	1916890.0
A	CRIM	CRT_RESL	NR	Scotland										104105.0					
A	CRIM	CRT_RESL	NR	Northern Ireland	56209.0	57675.0	57420.0	58743.0	56223.0	50791.0	45922.0	45136.0		41934.0	41747.0				
A	CRIM	CRT_RESL	NR	Kosovo	13057.0	13612.0	12381.0	19465.0	21681.0	21356.0	22596.0	20077.0	23832.0	25698.0	26197.0	29077.0			
A	CRIM	CRT_RESL	P_HTHAB	Albania							496.17	541.41	461.89	431.0	481.72	402.84	344.03	416.68	
A	CRIM	CRT_RESL	P_HTHAB	Austria	0.0	821.67	781.51	755.23	742.6	675.05	660.17	643.52	613.47	598.36	586.27	593.19	517.76	499.56	520.77
A	CRIM	CRT_RESL	P_HTHAB	Bosnia and Herzegovina	434.17	887.41	1245.12	1468.31	1638.1										
A	CRIM	CRT_RESL	P_HTHAB	Belgium			3042.7	2971.51	2786.21	2713.55	2649.1	2486.1		2353.53	2264.58	2016.55	1570.38	2002.85	1848.36
A	CRIM	CRT_RESL	P_HTHAB	Bulgaria				2083.28	2034.48	1978.02	1915.58	2057.14	2294.25	2235.1	2145.62	2064.92	1844.01	1900.7	1846.28
A	CRIM	CRT_RESL	P_HTHAB	Switzerland	1031.66		2664.03		741.06				404.23						
A	CRIM	CRT_RESL	P_HTHAB	Czechia				1063.47	1595.59	1735.79	1570.76	844.73	783.32	736.91	703.89	689.65	610.29	601.32	627.76
A	CRIM	CRT_RESL	P_HTHAB	Germany	1027.06	998.26	965.85	963.41	916.28	869.8	840.84	826.12	806.09	793.17	783.79	795.98	739.22	700.03	670.62
A	CRIM	CRT_RESL	P_HTHAB	Denmark	1877.06	1996.1	2191.34	2282.31	2839.11	2281.93	2325.69	2647.02	2513.05	2344.5	2868.92	2756.54	2663.07	2307.88	2598.66
A	CRIM	CRT_RESL	P_HTHAB	Estonia	857.57	752.39	680.27	755.08	692.94	638.48	586.78	559.68	567.12	517.01	435.82	429.42	384.81	353.67	294.41
A	CRIM	CRT_RESL	P_HTHAB	Greece													977.85	981.12	1775.87
A	CRIM	CRT_RESL	P_HTHAB	Spain	12587.26	12635.87	2758.83	2742.65	2777.29	806.43	798.93	708.51	702.73	694.27	654.98	650.44	495.11	660.31	680.69
A	CRIM	CRT_RESL	P_HTHAB	Finland	1069.15	1035.86	987.94	990.74	972.12	907.24	880.77	852.58	833.54	827.89	898.75	886.53	803.94	1006.58	942.77
A	CRIM	CRT_RESL	P_HTHAB	France				1666.63	1738.39	1649.36	1652.22	1649.4	1801.63	1767.63	1191.9	1036.39	985.28	1026.89	1020.61
A	CRIM	CRT_RESL	P_HTHAB	Croatia	824.13	1133.65	1121.44	688.3	601.29	426.31	413.39	401.58	405.04	386.52	384.19	414.47	388.57	422.14	466.72
A	CRIM	CRT_RESL	P_HTHAB	Hungary	769.44	750.98	794.68	847.93	780.51	1438.98	1482.43	1461.81	1426.73	1337.31	1265.75	1211.84	1253.65	1346.76	1360.66
A	CRIM	CRT_RESL	P_HTHAB	Iceland									578.3	527.86	491.32		481.14	417.04	389.64
A	CRIM	CRT_RESL	P_HTHAB	Italy		2608.94	2642.09	2569.99	2484.53	2538.32	2359.94	2393.33	2628.56	2195.07	2166.04	2100.58	1634.58	1962.96	2008.14
A	CRIM	CRT_RESL	P_HTHAB	Liechtenstein		75.87	66.86	85.76	49.35	65.15	86.19	85.64	85.06	55.54	65.59	65.14	92.91	74.25	
A	CRIM	CRT_RESL	P_HTHAB	Lithuania	500.59	528.67	562.35	592.02	688.0	697.77	736.34	649.14	592.51	697.28	712.24	650.46	600.52	558.97	553.99
A	CRIM	CRT_RESL	P_HTHAB	Luxembourg								885.5	858.48	715.29	693.68	727.32	737.41	793.41	
A	CRIM	CRT_RESL	P_HTHAB	Latvia	509.35	524.27	469.65	457.92	465.91	455.57	461.01	532.1	525.71	523.66	498.97	458.24	411.76	371.43	253.98
A	CRIM	CRT_RESL	P_HTHAB	Montenegro	1826.19	1759.2	1218.25	975.56	981.61	828.97	816.22	723.36	655.72	609.91	584.55	606.74	576.16	581.4	534.9
A	CRIM	CRT_RESL	P_HTHAB	Malta							338.28	300.69	297.88	474.48	317.85	364.7	282.96	234.06	245.89
A	CRIM	CRT_RESL	P_HTHAB	Netherlands	776.51	770.86	663.81	633.2	596.06	623.44	606.51	629.4	555.68	544.74					
A	CRIM	CRT_RESL	P_HTHAB	Norway	445.84	411.58	452.55	403.17	372.29	408.35	361.38	374.86		317.59	298.11	295.11	289.85	278.61	268.15
A	CRIM	CRT_RESL	P_HTHAB	Poland	6024.74	6634.28	6316.31	6397.56	6516.13	6669.18	6865.68	6735.77	6321.41	5996.63	5619.0	5449.54	4811.41	5384.48	5429.76
A	CRIM	CRT_RESL	P_HTHAB	Portugal	1229.35	1157.03	1069.06	1037.29	1035.18	951.01	1336.34	778.37	747.33	691.22	620.4	638.25	469.57	576.21	601.81
A	CRIM	CRT_RESL	P_HTHAB	Romania	825.83	797.74	792.43	868.95	1036.91	1097.82	1247.49	1248.59	1598.17	1923.79	1958.41	1942.09	1773.35	1884.08	1875.12
A	CRIM	CRT_RESL	P_HTHAB	Serbia						2447.95	2176.89	2273.64	2252.28	2509.12	3312.99	3900.53	4630.87	3232.47	2918.71
A	CRIM	CRT_RESL	P_HTHAB	Sweden	898.45	926.0	970.24	984.45	956.8	900.84	869.76	857.14	835.82	863.3	920.84	984.3	1115.0	1175.67	1176.02
A	CRIM	CRT_RESL	P_HTHAB	Slovenia	838.4	818.26	718.91	668.67	719.97	776.95	684.45	554.81	497.97	470.93	474.39	457.54	348.45	403.89	415.34
A	CRIM	CRT_RESL	P_HTHAB	Slovakia	699.21	755.56	773.78	755.26	823.36	818.58	784.65	698.09	651.65	1374.58	1352.94	1319.4	1224.01	1156.0	1212.24
A	CRIM	CRT_RESL	P_HTHAB	Turkey		2408.21	2338.21	2387.96	2733.62	2304.78	2110.73	2243.42	2055.15	1764.54	1999.07	2143.51	1653.22	2350.16	2263.68
A	CRIM	CRT_RESL	P_HTHAB	Scotland										1922.63					
A	CRIM	CRT_RESL	P_HTHAB	Northern Ireland	3175.0	3228.95	3191.74	3246.3	3090.98	2780.55	2499.43	2443.61		2246.5	2225.37				
A	CRIM	CRT_RESL	P_HTHAB	Kosovo	606.42	624.21	560.71	1084.9					1345.22	1440.85	1456.6	1619.29			
A	OTH	CRT_BGHT	NR	Albania						7064.0	10914.0	13823.0	14039.0	15265.0	15170.0	13778.0	9841.0	15332.0	
A	OTH	CRT_BGHT	NR	Bosnia and Herzegovina	0.0	0.0	0.0	0.0	0.0	0.0	0.0	0.0	0.0	0.0				0.0	0.0
A	OTH	CRT_BGHT	NR	Belgium										10498.0	9951.0	9937.0	9008.0		
A	OTH	CRT_BGHT	NR	Switzerland	48887.0		219417.0		80468.0				52050.0						
A	OTH	CRT_BGHT	NR	Germany						833973.0	789267.0	766416.0	753370.0	707242.0	748040.0	729106.0	671945.0	575196.0	526491.0
A	OTH	CRT_BGHT	NR	Denmark	489878.0	559320.0	561793.0	539000.0	500198.0	498875.0	492922.0	484805.0	493845.0	518477.0	529837.0	539045.0	482709.0	463066.0	499927.0
A	OTH	CRT_BGHT	NR	Estonia	13566.0	31166.0	4875.0	5111.0	6917.0	8790.0	10861.0	11695.0	10032.0	7352.0	7067.0	6942.0	5952.0	5500.0	5113.0
A	OTH	CRT_BGHT	NR	Spain	361967.0	424795.0	386711.0	378975.0	407066.0	422319.0	375070.0	345989.0	0.0	0.0	0.0		0.0	0.0	0.0
A	OTH	CRT_BGHT	NR	Finland	19336.0	20904.0	20924.0	20282.0	19625.0	20334.0	19515.0	19866.0	19163.0	19303.0	20974.0	21314.0	21324.0	16969.0	19645.0
A	OTH	CRT_BGHT	NR	Croatia	953045.0	902150.0	480665.0	493502.0	496364.0	499097.0	650312.0	626578.0	657729.0	651161.0	635421.0	644117.0	622721.0	718517.0	730176.0
A	OTH	CRT_BGHT	NR	Hungary	68115.0	112742.0	118299.0	130120.0	206762.0	1140378.0	948533.0	942769.0	889212.0	914082.0	820758.0	750192.0	742276.0	773916.0	736038.0
A	OTH	CRT_BGHT	NR	Italy	10922.0	13940.0	11032.0	9605.0	6923.0	6359.0	6359.0			5785.0	7956.0		9099.0	6376.0	
A	OTH	CRT_BGHT	NR	Liechtenstein								132.0	136.0	129.0	135.0	174.0	171.0	209.0	
A	OTH	CRT_BGHT	NR	Lithuania	86274.0	91339.0	92894.0	79795.0	74882.0	76318.0	79139.0	88663.0	77492.0	21518.0	19323.0	22039.0	19633.0	12402.0	4573.0
A	OTH	CRT_BGHT	NR	Luxembourg									4084.0	3972.0	4295.0	4079.0			
A	OTH	CRT_BGHT	NR	Latvia	25689.0	18934.0	17075.0	16368.0	10150.0	8796.0	7407.0	7385.0	7446.0	8183.0	7747.0	8530.0	5797.0	2936.0	2405.0
A	OTH	CRT_BGHT	NR	Montenegro	39029.0	38535.0	33101.0	31896.0	23023.0	27298.0	31498.0	4019.0	4912.0	4757.0	5080.0	6672.0	4679.0	5777.0	7116.0
A	OTH	CRT_BGHT	NR	Malta											620.0	427.0	363.0	387.0	389.0
A	OTH	CRT_BGHT	NR	Poland	981836.0	1007247.0	978646.0	1000553.0	1040316.0	1090679.0	1073204.0	992519.0	896116.0	914046.0	972123.0	934378.0	786415.0	849025.0	923993.0
A	OTH	CRT_BGHT	NR	Portugal	37105.0	18717.0	18071.0	19939.0	16039.0	13675.0	20272.0	17630.0	18580.0	17216.0	15811.0	14037.0	11740.0	14940.0	16669.0
A	OTH	CRT_BGHT	NR	Romania	131309.0	344752.0	607145.0	639375.0	552947.0	583186.0	282321.0	195770.0	260845.0	196304.0	183001.0	187257.0	182041.0	182595.0	201957.0
A	OTH	CRT_BGHT	NR	Serbia						519902.0	527224.0	653729.0	599822.0	508178.0	467833.0	682692.0	530154.0	602851.0	555216.0
A	OTH	CRT_BGHT	NR	Sweden	3001.0	3219.0	3138.0	4649.0	5473.0	5853.0	5581.0	5777.0	6896.0	6109.0	7164.0	7328.0	7291.0	6845.0	7307.0
A	OTH	CRT_BGHT	NR	Slovenia	123508.0	155936.0	158412.0	146696.0	193374.0	189344.0	174098.0	168685.0	185555.0	186854.0	176033.0	174340.0	158800.0	220688.0	233105.0
A	OTH	CRT_BGHT	NR	Slovakia	668588.0	672961.0	746768.0	930620.0	1026761.0	1155732.0	954863.0	722447.0	709243.0	601399.0	377665.0	572200.0	435673.0	561627.0	555663.0
A	OTH	CRT_BGHT	NR	England and Wales				263716.0	265997.0	253166.0	229280.0	227349.0	224541.0						
A	OTH	CRT_BGHT	NR	Northern Ireland	0.0	0.0	0.0	0.0	0.0	0.0	0.0	0.0	0.0	0.0	0.0				
A	OTH	CRT_BGHT	NR	Kosovo	68970.0	68757.0	62414.0	56962.0	57363.0	56990.0	48186.0	50820.0	39470.0	38460.0	40304.0	46146.0			
A	OTH	CRT_BGHT	P_HTHAB	Albania							376.87	479.0	488.21	530.66	528.51	481.34	345.79	541.82	
A	OTH	CRT_BGHT	P_HTHAB	Bosnia and Herzegovina	0.0	0.0	0.0	0.0	0.0										
A	OTH	CRT_BGHT	P_HTHAB	Belgium										92.48	87.3	86.74	78.18		
A	OTH	CRT_BGHT	P_HTHAB	Switzerland	643.8		2818.17		1011.58				625.07						
A	OTH	CRT_BGHT	P_HTHAB	Germany						1035.69	977.21	943.89	916.78	857.04	903.51	878.24	807.95	691.72	632.52
A	OTH	CRT_BGHT	P_HTHAB	Denmark	8946.25	10148.33	10150.31	9693.15	8963.29	8904.3	8759.58	8565.89	8652.94	9018.92	9164.84	9284.15	8290.03	7929.15	8511.68
A	OTH	CRT_BGHT	P_HTHAB	Estonia	1013.57	2333.24	365.64	384.38	521.95	665.82	825.42	889.44	762.34	558.82	535.73	524.0	447.86	413.51	383.92
A	OTH	CRT_BGHT	P_HTHAB	Spain	792.59	918.69	831.88	812.08	869.46	903.78	806.39	744.87	0.0	0.0	0.0		0.0	0.0	0.0
A	OTH	CRT_BGHT	P_HTHAB	Finland	364.8	392.47	391.0	377.32	363.34	374.7	357.99	363.06	349.22	350.75	380.44	386.27	385.93	306.64	354.08
A	OTH	CRT_BGHT	P_HTHAB	Croatia	22102.33	20932.55	11170.86	11503.93	11608.18	11710.01	15312.96	14829.14	15695.08	15674.71	15477.34	15801.72	15344.89	17801.13	18905.19
A	OTH	CRT_BGHT	P_HTHAB	Hungary	678.07	1123.94	1181.3	1303.06	2081.79	11508.74	9603.1	9565.85	9045.45	9329.69	8393.61	7676.36	7597.87	7953.28	7596.63
A	OTH	CRT_BGHT	P_HTHAB	Italy	18.62	23.63	18.64	16.18	11.66	10.65	10.46			9.55	13.15		15.26	10.76	
A	OTH	CRT_BGHT	P_HTHAB	Liechtenstein								353.26	361.49	341.18	354.2	453.38	441.32	535.14	
A	OTH	CRT_BGHT	P_HTHAB	Lithuania	2685.48	2868.82	2956.55	2614.01	2493.04	2567.98	2688.63	3035.09	2682.72	755.57	687.92	788.75	702.66	443.61	162.97
A	OTH	CRT_BGHT	P_HTHAB	Luxembourg									708.72	672.46	713.45	664.45			
A	OTH	CRT_BGHT	P_HTHAB	Latvia	1172.05	875.43	805.23	788.97	496.38	434.62	370.08	371.83	378.17	419.62	400.49	444.28	303.88	155.08	128.21
A	OTH	CRT_BGHT	P_HTHAB	Montenegro	6340.58	6243.95	5347.49	5145.76	3711.54	4396.57	5067.89	646.04	789.43	764.32	816.25	1072.36	752.4	930.66	1152.05
A	OTH	CRT_BGHT	P_HTHAB	Malta											130.33	86.51	70.55	74.99	74.67
A	OTH	CRT_BGHT	P_HTHAB	Poland	2575.94	2641.21	2573.84	2628.7	2733.09	2865.49	2822.89	2611.51	2360.24	2407.1	2559.79	2460.65	2071.8	2243.72	2453.89
A	OTH	CRT_BGHT	P_HTHAB	Portugal	351.59	177.19	170.91	188.59	152.14	130.4	194.41	169.93	179.67	166.99	153.64	136.59	114.03	145.07	161.02
A	OTH	CRT_BGHT	P_HTHAB	Romania	636.33	1686.63	2828.91	2985.81	2751.53	2913.01	1415.33	985.22	1320.04	999.29	936.99	964.52	941.81	950.93	1060.56
A	OTH	CRT_BGHT	P_HTHAB	Serbia						7239.46	7377.11	9188.82	8476.41	7218.16	6681.95	9803.49	7653.77	8773.15	8168.42
A	OTH	CRT_BGHT	P_HTHAB	Sweden	32.68	34.78	33.59	49.38	57.71	61.25	57.86	59.27	70.0	61.12	70.79	71.63	70.6	65.95	69.91
A	OTH	CRT_BGHT	P_HTHAB	Slovenia	6143.85	7672.65	7738.83	7155.24	9407.66	9196.72	8446.91	8177.18	8989.25	9044.7	8516.85	8378.07	7576.84	10464.22	11062.42
A	OTH	CRT_BGHT	P_HTHAB	Slovakia	12436.38	12502.99	13853.64	17257.85	18998.89	21359.58	17630.58	13325.96	13070.59	11064.6	6938.39	10498.27	7982.47	10286.62	10224.33
A	OTH	CRT_BGHT	P_HTHAB	England and Wales				471.49	471.88	446.04	401.0	394.21	386.16						
A	OTH	CRT_BGHT	P_HTHAB	Northern Ireland	0.0	0.0	0.0	0.0	0.0	0.0	0.0	0.0	0.0	0.0	0.0				
A	OTH	CRT_BGHT	P_HTHAB	Kosovo	3203.23	3153.0	2826.58	3174.82					2227.92	2156.4	2240.97	2569.85			
A	OTH	CRT_PEN	NR	Albania						1597.0	5444.0	3341.0	3160.0	3296.0	3503.0	3442.0	4457.0	6162.0	
A	OTH	CRT_PEN	NR	Bosnia and Herzegovina							0.0	0.0	0.0	0.0				0.0	
A	OTH	CRT_PEN	NR	Switzerland	8442.0	28915.0	37801.0	17051.0	13069.0				10538.0						
A	OTH	CRT_PEN	NR	Germany						659668.0	631117.0	613370.0	600679.0	577834.0	625776.0	613146.0	593331.0	536660.0	492468.0
A	OTH	CRT_PEN	NR	Denmark	126083.0	144510.0	143079.0	110360.0	89318.0	88614.0	93769.0	98315.0	107676.0	115329.0	122614.0	109528.0	97586.0	92482.0	94583.0
A	OTH	CRT_PEN	NR	Estonia	912.0	1174.0	1301.0	1153.0	890.0										
A	OTH	CRT_PEN	NR	Spain	176230.0	229454.0	245958.0	268719.0	297403.0	333726.0	321172.0	287838.0	257602.0						0.0
A	OTH	CRT_PEN	NR	Finland	9411.0	9745.0	9736.0	9785.0	9599.0	10533.0	3807.0	4418.0	3711.0	3965.0	2713.0	2349.0	2375.0	1946.0	2037.0
A	OTH	CRT_PEN	NR	Croatia	236789.0	222880.0	69254.0	62682.0	59488.0	48303.0	129332.0	105448.0	102739.0	89977.0	90788.0	101104.0	104495.0	117525.0	109109.0
A	OTH	CRT_PEN	NR	Hungary	21454.0	28374.0	30310.0	29057.0	61399.0	178106.0	145508.0	183496.0	168398.0	153028.0	110590.0	101660.0	116762.0	90946.0	85442.0
A	OTH	CRT_PEN	NR	Italy	65113.0	56582.0	45711.0	32255.0	25524.0	17645.0	17645.0			13770.0	11051.0	12287.0	15126.0	11376.0	
A	OTH	CRT_PEN	NR	Liechtenstein								42.0	39.0	47.0	58.0	55.0	59.0	70.0	
A	OTH	CRT_PEN	NR	Lithuania	4553.0	4126.0	4070.0	3596.0	3008.0	2943.0	3246.0	4366.0	2404.0	1154.0	1274.0	1063.0	1451.0	575.0	561.0
A	OTH	CRT_PEN	NR	Luxembourg									1440.0	1340.0	1319.0	1033.0			
A	OTH	CRT_PEN	NR	Latvia	840.0	655.0	680.0	770.0	1596.0	1312.0	1272.0	624.0	800.0	1200.0	1307.0	1748.0	917.0	917.0	826.0
A	OTH	CRT_PEN	NR	Montenegro	24403.0	17807.0	16256.0	15153.0	11119.0	10222.0	9056.0	1764.0	1008.0	695.0	749.0	778.0	688.0	701.0	988.0
A	OTH	CRT_PEN	NR	Malta											483.0	464.0	531.0	544.0	567.0
A	OTH	CRT_PEN	NR	Poland	226631.0	246197.0	256422.0	265629.0	280931.0	325849.0	342124.0	322466.0	285117.0	293906.0	332984.0	362439.0	366512.0	346244.0	346800.0
A	OTH	CRT_PEN	NR	Portugal	15983.0	13358.0	11633.0	10197.0	7644.0	6422.0	7031.0	6399.0	5580.0	3760.0	3568.0	3124.0	3462.0	3876.0	4531.0
A	OTH	CRT_PEN	NR	Romania	9226.0	9387.0	12797.0	13942.0	9651.0	6684.0	59538.0	102151.0	99793.0	109599.0	102766.0	101839.0	120270.0	124925.0	120053.0
A	OTH	CRT_PEN	NR	Serbia						400563.0	445944.0	592635.0	614540.0	612318.0	540059.0	550784.0	575711.0	584777.0	437685.0
A	OTH	CRT_PEN	NR	Sweden	2726.0	2751.0	2541.0	3147.0	3162.0	3385.0	3118.0	3001.0	3331.0	3010.0	3597.0	3461.0	3410.0	3396.0	3485.0
A	OTH	CRT_PEN	NR	Slovenia	22554.0	23224.0	21071.0	22375.0	47006.0	38258.0	33781.0	28367.0	27503.0	29111.0	27850.0	27467.0	28712.0	28342.0	27555.0
A	OTH	CRT_PEN	NR	Slovakia	311165.0	165153.0	138369.0	185446.0	206512.0	253913.0	230757.0	160178.0	203288.0	121949.0	92269.0	171842.0	85943.0	89022.0	89818.0
A	OTH	CRT_PEN	NR	Kosovo	152664.0	179047.0	190318.0	165342.0	159433.0	175470.0	166344.0	147139.0	124709.0	116103.0	113865.0	115438.0			
A	OTH	CRT_PEN	P_HTHAB	Albania							187.99	115.77	109.89	114.58	122.04	120.25	156.61	217.76	
A	OTH	CRT_PEN	P_HTHAB	Switzerland	111.17	375.43	485.51	216.65	164.29				126.55						
A	OTH	CRT_PEN	P_HTHAB	Germany						819.22	781.4	755.4	730.97	700.22	755.84	738.56	713.42	645.37	591.64
A	OTH	CRT_PEN	P_HTHAB	Denmark	2302.55	2622.0	2585.11	1984.67	1600.53	1581.65	1666.34	1737.1	1886.65	2006.15	2120.91	1886.44	1675.94	1583.58	1610.36
A	OTH	CRT_PEN	P_HTHAB	Estonia	68.14	87.89	97.58	86.71	67.16										
A	OTH	CRT_PEN	P_HTHAB	Spain	385.89	496.23	529.09	575.82	635.23	714.19	690.51	619.68	554.7						0.0
A	OTH	CRT_PEN	P_HTHAB	Finland	177.55	182.96	181.93	182.04	177.72	194.1	69.84	80.74	67.63	72.05	49.21	42.57	42.98	35.17	36.71
A	OTH	CRT_PEN	P_HTHAB	Croatia	5491.44	5171.47	1609.49	1461.17	1391.21	1133.3	3045.39	2495.62	2451.61	2165.92	2211.38	2480.32	2574.93	2911.66	2824.97
A	OTH	CRT_PEN	P_HTHAB	Hungary	213.57	282.86	302.67	290.99	618.2	1797.45	1473.15	1861.85	1713.02	1561.9	1130.97	1040.24	1195.17	934.62	881.84
A	OTH	CRT_PEN	P_HTHAB	Italy	111.01	95.9	77.23	54.33	42.97	29.56	29.03			22.73	18.27	20.54	25.36	19.2	
A	OTH	CRT_PEN	P_HTHAB	Liechtenstein								112.4	103.66	124.31	152.18	143.31	152.27	179.23	
A	OTH	CRT_PEN	P_HTHAB	Lithuania	141.72	129.59	129.54	117.8	100.15	99.03	110.28	149.46	83.22	40.52	45.36	38.04	51.93	20.57	19.99
A	OTH	CRT_PEN	P_HTHAB	Luxembourg									249.89	226.86	219.1	168.27			
A	OTH	CRT_PEN	P_HTHAB	Latvia	38.32	30.28	32.07	37.12	78.05	64.83	63.55	31.42	40.63	61.53	67.57	91.04	48.07	48.44	44.04
A	OTH	CRT_PEN	P_HTHAB	Montenegro	3964.47	2885.33	2626.17	2444.62	1792.5	1646.34	1457.07	283.56	162.0	111.67	120.35	125.04	110.63	112.93	159.95
A	OTH	CRT_PEN	P_HTHAB	Malta											101.53	94.01	103.19	105.41	108.84
A	OTH	CRT_PEN	P_HTHAB	Poland	594.59	645.58	674.39	697.87	738.05	856.09	899.9	848.47	750.96	773.99	876.81	954.47	965.57	915.02	921.01
A	OTH	CRT_PEN	P_HTHAB	Portugal	151.45	126.46	110.02	96.45	72.51	61.24	67.43	61.68	53.96	36.47	34.67	30.4	33.63	37.64	43.77
A	OTH	CRT_PEN	P_HTHAB	Romania	44.71	45.92	59.63	65.11	48.02	33.39	298.48	514.08	505.02	557.92	526.18	524.55	622.23	650.59	630.45
A	OTH	CRT_PEN	P_HTHAB	Serbia						5577.7	6239.81	8330.09	8684.39	8697.36	7713.54	7909.29	8311.47	8510.12	6439.29
A	OTH	CRT_PEN	P_HTHAB	Sweden	29.69	29.72	27.2	33.42	33.34	35.42	32.33	30.79	33.81	30.11	35.54	33.83	33.02	32.72	33.34
A	OTH	CRT_PEN	P_HTHAB	Slovenia	1121.94	1142.71	1029.37	1091.36	2286.84	1858.25	1638.99	1375.12	1332.39	1409.12	1347.44	1319.95	1369.94	1343.87	1307.67
A	OTH	CRT_PEN	P_HTHAB	Slovakia	5787.97	3068.39	2566.95	3439.0	3821.24	4692.68	4260.69	2954.58	3746.38	2243.63	1695.15	3152.82	1574.66	1630.5	1652.67
A	OTH	CRT_PEN	P_HTHAB	Kosovo	7090.3	8210.58	8619.06	9215.46					7039.33	6509.73	6331.09	6428.7			
A	OTH	CRT_RESL	NR	Albania						5564.0	10273.0	6454.0	10879.0	11964.0	11667.0	10336.0	5384.0	13351.0	
A	OTH	CRT_RESL	NR	Bosnia and Herzegovina	0.0	0.0	0.0	0.0	0.0	0.0	0.0	0.0	0.0	0.0				0.0	
A	OTH	CRT_RESL	NR	Switzerland	47766.0		212531.0		84450.0				49990.0						
A	OTH	CRT_RESL	NR	Germany						835073.0	817818.0	784163.0	766061.0	730087.0	700068.0	741841.0	692195.0	632199.0	570950.0
A	OTH	CRT_RESL	NR	Denmark	466296.0	539022.0	571519.0	577157.0	524714.0	501540.0	490107.0	483232.0	486018.0	514154.0	525651.0	556955.0	498453.0	470156.0	498615.0
A	OTH	CRT_RESL	NR	Estonia	10351.0	23651.0	11559.0	5034.0	5903.0	7507.0	10329.0	10872.0	10628.0	7380.0	6771.0	6905.0	5926.0	5446.0	4878.0
A	OTH	CRT_RESL	NR	Spain	286064.0	341521.0	342766.0	333820.0	353657.0	355334.0	357335.0	365173.0	0.0	0.0	0.0		0.0	0.0	0.0
A	OTH	CRT_RESL	NR	Finland	20897.0	19584.0	20014.0	19223.0	18696.0	18235.0	17934.0	18289.0	17922.0	17940.0	20262.0	20402.0	21031.0	16268.0	18898.0
A	OTH	CRT_RESL	NR	Croatia	979094.0	905208.0	506717.0	505610.0	499196.0	510229.0	707721.0	638810.0	659606.0	662508.0	635162.0	628632.0	621175.0	705915.0	736646.0
A	OTH	CRT_RESL	NR	Hungary	72865.0	111228.0	116391.0	131373.0	174420.0	1241377.0	980426.0	956058.0	923208.0	908592.0	833811.0	760113.0	727040.0	799732.0	741542.0
A	OTH	CRT_RESL	NR	Italy	31376.0	22466.0	21449.0	19507.0	16504.0	14161.0	14161.0			5915.0	8503.0	7229.0	6188.0	10270.0	
A	OTH	CRT_RESL	NR	Liechtenstein								139.0	139.0	121.0	124.0	177.0	169.0	198.0	
A	OTH	CRT_RESL	NR	Lithuania	85400.0	91766.0	92950.0	80269.0	75470.0	76383.0	78863.0	87543.0	79454.0	22768.0	19203.0	22250.0	19245.0	13278.0	4587.0
A	OTH	CRT_RESL	NR	Luxembourg									4290.0	4072.0	4290.0	4365.0			
A	OTH	CRT_RESL	NR	Latvia	25501.0	19119.0	17050.0	16278.0	9324.0	9080.0	7443.0	7439.0	7368.0	8411.0	7604.0	8031.0	6628.0	2936.0	2496.0
A	OTH	CRT_RESL	NR	Montenegro	40272.0	39973.0	29381.0	32982.0	25645.0	28399.0	35151.0	7388.0	5632.0	5056.0	5025.0	6613.0	4738.0	5742.0	6808.0
A	OTH	CRT_RESL	NR	Malta											423.0	329.0	197.0	240.0	368.0
A	OTH	CRT_RESL	NR	Poland	964985.0	987678.0	968318.0	991525.0	1025090.0	1045701.0	1056931.0	1012180.0	932831.0	906050.0	933045.0	901653.0	782270.0	869377.0	923415.0
A	OTH	CRT_RESL	NR	Portugal	90136.0	21342.0	19783.0	21375.0	18592.0	14924.0	19666.0	18229.0	19396.0	19017.0	15964.0	14478.0	11402.0	14526.0	16014.0
A	OTH	CRT_RESL	NR	Romania	56272.0	53170.0	49831.0	43458.0	41705.0	32294.0	87992.0	214286.0	189741.0	186498.0	193738.0	189924.0	165126.0	204398.0	197584.0
A	OTH	CRT_RESL	NR	Serbia						655698.0	570670.0	692154.0	815815.0	739320.0	732276.0	676731.0	505031.0	593812.0	702220.0
A	OTH	CRT_RESL	NR	Sweden	3084.0	3283.0	3354.0	3941.0	5463.0	5636.0	5860.0	5901.0	6564.0	6435.0	6577.0	7374.0	7343.0	6860.0	7219.0
A	OTH	CRT_RESL	NR	Slovenia	119127.0	155371.0	159797.0	145412.0	204450.0	197415.0	178516.0	174125.0	186290.0	185169.0	178069.0	174643.0	157444.0	221049.0	233773.0
A	OTH	CRT_RESL	NR	Slovakia	553335.0	697075.0	743384.0	926423.0	1006530.0	1108811.0	976483.0	793026.0	665875.0	620046.0	408220.0	489780.0	521572.0	558548.0	554867.0
A	OTH	CRT_RESL	NR	England and Wales				232633.0	233931.0	206636.0	216744.0	190724.0	195820.0						
A	OTH	CRT_RESL	NR	Northern Ireland	0.0	0.0	0.0	0.0	0.0	0.0									
A	OTH	CRT_RESL	NR	Kosovo	37776.0	39322.0	42147.0	55522.0	61019.0	48855.0	58401.0	47111.0	61900.0	47149.0	42399.0	44250.0			
A	OTH	CRT_RESL	P_HTHAB	Albania							354.74	223.65	378.32	415.91	406.47	361.09	189.18	471.81	
A	OTH	CRT_RESL	P_HTHAB	Bosnia and Herzegovina	0.0	0.0	0.0	0.0	0.0										
A	OTH	CRT_RESL	P_HTHAB	Switzerland	629.04		2729.72		1061.64				600.33						
A	OTH	CRT_RESL	P_HTHAB	Germany						1037.05	1012.56	965.75	932.22	884.72	845.57	893.58	832.3	760.27	685.93
A	OTH	CRT_RESL	P_HTHAB	Denmark	8515.59	9780.04	10326.04	10379.35	9402.61	8951.87	8709.55	8538.1	8515.8	8943.72	9092.44	9592.62	8560.42	8050.55	8489.35
A	OTH	CRT_RESL	P_HTHAB	Estonia	773.36	1770.63	866.95	378.59	445.44	568.64	784.99	826.85	807.63	560.95	513.29	521.2	445.91	409.45	366.27
A	OTH	CRT_RESL	P_HTHAB	Spain	626.39	738.6	737.34	715.32	755.38	760.43	768.26	786.17	0.0	0.0	0.0		0.0	0.0	0.0
A	OTH	CRT_RESL	P_HTHAB	Finland	394.25	367.68	373.99	357.62	346.14	336.03	328.99	334.24	326.61	325.99	367.52	369.74	380.63	293.98	340.61
A	OTH	CRT_RESL	P_HTHAB	Croatia	22706.44	21003.5	11776.32	11786.17	11674.41	11971.19	16664.77	15118.63	15739.87	15947.86	15471.03	15421.84	15306.8	17488.92	19072.7
A	OTH	CRT_RESL	P_HTHAB	Hungary	725.36	1108.85	1162.25	1315.61	1756.16	12528.03	9925.99	9700.69	9391.28	9273.65	8527.1	7777.88	7441.92	8218.59	7653.43
A	OTH	CRT_RESL	P_HTHAB	Italy	53.49	38.08	36.24	32.86	27.79	23.73	23.3			9.76	14.06	12.09	10.38	17.34	
A	OTH	CRT_RESL	P_HTHAB	Liechtenstein								372.0	369.46	320.02	325.34	461.2	436.16	506.98	
A	OTH	CRT_RESL	P_HTHAB	Lithuania	2658.28	2882.23	2958.33	2629.54	2512.62	2570.17	2679.25	2996.75	2750.65	799.47	683.65	796.3	688.78	474.95	163.47
A	OTH	CRT_RESL	P_HTHAB	Luxembourg									744.47	689.39	712.62	711.03			
A	OTH	CRT_RESL	P_HTHAB	Latvia	1163.47	883.98	804.05	784.63	455.98	448.66	371.88	374.55	374.21	431.31	393.1	418.29	347.44	155.08	133.07
A	OTH	CRT_RESL	P_HTHAB	Montenegro	6542.52	6476.96	4746.52	5320.96	4134.24	4573.9	5655.64	1187.59	905.15	812.36	807.41	1062.87	761.89	925.03	1102.18
A	OTH	CRT_RESL	P_HTHAB	Malta											88.92	66.66	38.28	46.5	70.64
A	OTH	CRT_RESL	P_HTHAB	Poland	2531.73	2589.89	2546.67	2604.98	2693.08	2747.32	2780.09	2663.24	2456.94	2386.04	2456.89	2374.47	2060.88	2297.51	2452.35
A	OTH	CRT_RESL	P_HTHAB	Portugal	854.1	202.04	187.1	202.17	176.35	142.31	188.6	175.7	187.56	184.46	155.13	140.88	110.74	141.05	154.69
A	OTH	CRT_RESL	P_HTHAB	Romania	272.7	260.12	232.18	202.94	207.53	161.31	441.12	1078.4	960.21	949.37	991.97	978.26	854.3	1064.48	1037.6
A	OTH	CRT_RESL	P_HTHAB	Serbia						9130.37	7985.02	9728.93	11528.72	10501.3	10458.93	9717.89	7291.07	8641.61	10331.16
A	OTH	CRT_RESL	P_HTHAB	Sweden	33.58	35.47	35.91	41.86	57.61	58.98	60.76	60.54	66.63	64.38	64.99	72.08	71.1	66.09	69.07
A	OTH	CRT_RESL	P_HTHAB	Slovenia	5925.92	7644.85	7806.49	7092.61	9946.5	9588.74	8661.26	8440.89	9024.86	8963.14	8615.35	8392.63	7512.14	10481.34	11094.12
A	OTH	CRT_RESL	P_HTHAB	Slovakia	10292.57	12951.0	13790.86	17180.01	18624.54	20492.42	18029.77	14627.84	12271.36	11407.67	7499.74	8986.09	9556.32	10230.23	10209.69
A	OTH	CRT_RESL	P_HTHAB	England and Wales				415.92	414.99	364.06	379.08	330.71	336.76						
A	OTH	CRT_RESL	P_HTHAB	Northern Ireland	0.0	0.0	0.0	0.0	0.0	0.0									
A	OTH	CRT_RESL	P_HTHAB	Kosovo	1754.46	1803.19	1908.74	3094.56					3494.01	2643.58	2357.46	2464.27			
