freq	leg_stat	citizen	unit	geo	2008 	2009 	2010 	2011 	2012 	2013 	2014 	2015 	2016 	2017 	2018 	2019 	2020 	2021 	2022 	2023 
A	PER_CNV	FOR	NR	Austria	10991.0	11309.0	12062.0	11625.0	11795.0	12107.0	12210.0	12857.0	12520.0	13001.0	12033.0	11665.0	9665.0	9795.0	10414.0	11279.0
A	PER_CNV	FOR	NR	Bosnia and Herzegovina				39.0	43.0	41.0										
A	PER_CNV	FOR	NR	Belgium			21553.0	23541.0	28623.0	28530.0	24628.0	28355.0		53018.0	51534.0	45414.0	35396.0			
A	PER_CNV	FOR	NR	Bulgaria	903.0	1024.0	2286.0	1579.0	1931.0	3464.0	4851.0	3271.0	2281.0	1465.0	1211.0	1177.0	1011.0	1866.0	2515.0	2306.0
A	PER_CNV	FOR	NR	Switzerland	48519.0	50817.0	53598.0	53143.0	58875.0	60829.0	61374.0	61178.0	61496.0	59938.0	60499.0	53502.0	53502.0	54590.0	58135.0	61297.0
A	PER_CNV	FOR	NR	Czechia	5498.0	5328.0	4853.0	4853.0	4913.0	4920.0	4777.0	4877.0	5168.0	5128.0	5312.0	5843.0	4721.0	5001.0	5488.0	6396.0
A	PER_CNV	FOR	NR	Germany	173642.0	169315.0	169667.0	177575.0	176942.0	185042.0	194673.0	209603.0	231562.0	233065.0	242311.0	255885.0	247657.0	238665.0	238653.0	255669.0
A	PER_CNV	FOR	NR	Denmark							36347.0	29598.0	30119.0	29661.0	33005.0	11500.0	11104.0	10838.0	11527.0	12958.0
A	PER_CNV	FOR	NR	Greece														2179.0	1644.0	1393.0
A	PER_CNV	FOR	NR	Spain		0.0					55356.0	54897.0	65550.0	67424.0	70444.0	74506.0	57836.0	72755.0	81231.0	80426.0
A	PER_CNV	FOR	NR	Finland	19536.0	18243.0	21301.0	22280.0	21133.0	20263.0	19615.0	21402.0	19004.0	10644.0	10541.0	10643.0	9165.0	8537.0	8947.0	9534.0
A	PER_CNV	FOR	NR	France	80518.0	79846.0	144974.0	128149.0	118772.0	113214.0	90809.0	87996.0	69815.0	70495.0	83780.0	85963.0	72158.0	85716.0	87493.0	89553.0
A	PER_CNV	FOR	NR	Croatia				1310.0	739.0	667.0	542.0	436.0	427.0	491.0	521.0	773.0	669.0	761.0	891.0	895.0
A	PER_CNV	FOR	NR	Hungary	2936.0	2942.0	3049.0	1951.0	1854.0	1723.0	2197.0	2918.0	4388.0	2463.0	2479.0	2531.0	2400.0	2737.0	3468.0	4418.0
A	PER_CNV	FOR	NR	Italy	86067.0	84225.0	88625.0	91586.0	86467.0	74481.0	70985.0	71830.0	66644.0	65018.0	73281.0					
A	PER_CNV	FOR	NR	Luxembourg									5095.0	6030.0	5148.0	4665.0	4440.0	4985.0	3492.0	4017.0
A	PER_CNV	FOR	NR	Latvia	108.0	136.0	111.0	115.0	129.0	148.0	172.0	249.0	395.0	292.0	249.0	209.0	163.0	188.0	187.0	289.0
A	PER_CNV	FOR	NR	Montenegro		969.0	25.0	31.0	46.0	186.0	147.0									
A	PER_CNV	FOR	NR	North Macedonia										83.0		70.0	113.0	166.0	159.0	142.0
A	PER_CNV	FOR	NR	Norway				9774.0	13729.0	15783.0	15092.0	15016.0	14114.0	13929.0	3113.0	2849.0	2707.0	2419.0	2464.0	2477.0
A	PER_CNV	FOR	NR	Poland	5237.0	5279.0	7178.0	6529.0	7060.0	6915.0	6784.0	7142.0	9337.0	8379.0	10368.0	11987.0	11659.0			
A	PER_CNV	FOR	NR	Portugal	10689.0	10355.0	10401.0	10222.0	10161.0	8126.0	6043.0	6452.0	6290.0	5957.0	5415.0	5540.0	4635.0	6109.0	6953.0	6940.0
A	PER_CNV	FOR	NR	Romania	737.0	554.0							316.0	423.0	396.0	392.0	284.0	301.0	277.0	264.0
A	PER_CNV	FOR	NR	Serbia					763.0	567.0	527.0	732.0	667.0	1010.0	1073.0	737.0	815.0	1049.0	1253.0	1241.0
A	PER_CNV	FOR	NR	Slovenia								1232.0	1026.0	1430.0	975.0	1274.0	945.0	876.0	1233.0	831.0
A	PER_CNV	FOR	NR	Slovakia	597.0	547.0	580.0	574.0	672.0	708.0	696.0	770.0	824.0	883.0	1038.0	951.0	800.0	817.0	981.0	1192.0
A	PER_CNV	FOR	NR	Turkey		6401.0	6299.0	7641.0	8866.0	3400.0	5280.0	6002.0	5023.0	5833.0	9554.0	11205.0	10919.0	16647.0	16430.0	17008.0
A	PER_CNV	FOR	NR	Kosovo	95.0	74.0	96.0	110.0	97.0	84.0	59.0	80.0	37.0	36.0	32.0	44.0				
A	PER_CNV	FOR	P_HTHAB	Austria	132.29	135.68	144.43	138.8	140.28	143.25	143.53	149.91	143.9	148.2	136.39	131.68	108.58	109.65	115.98	123.88
A	PER_CNV	FOR	P_HTHAB	Bosnia and Herzegovina				1.01	1.12											
A	PER_CNV	FOR	P_HTHAB	Belgium			198.83	214.0	257.98	255.61	220.27	252.33		467.05	452.11	396.44	307.19			
A	PER_CNV	FOR	P_HTHAB	Bulgaria	12.01	13.71	30.8	21.43	26.35	47.55	66.95	45.42	31.89	20.63	17.18	16.81	14.54	26.98	38.8	35.76
A	PER_CNV	FOR	P_HTHAB	Switzerland	638.95	659.8	688.41	675.25	740.13	756.67	754.01	742.66	738.5	711.89	713.08	626.16	621.68	629.62	665.25	695.34
A	PER_CNV	FOR	P_HTHAB	Czechia	53.15	51.1	46.39	46.28	46.77	46.79	45.44	46.28	48.97	48.47	50.07	54.86	44.15	47.65	52.18	59.07
A	PER_CNV	FOR	P_HTHAB	Germany	211.2	206.48	207.41	221.35	220.27	229.8	241.03	258.14	281.79	282.43	292.67	308.22	297.78	287.01	286.71	307.6
A	PER_CNV	FOR	P_HTHAB	Denmark							645.91	522.96	527.73	515.95	570.9	198.07	190.7	185.58	196.26	218.42
A	PER_CNV	FOR	P_HTHAB	Greece														20.41	15.72	13.38
A	PER_CNV	FOR	P_HTHAB	Spain		0.0					119.01	118.19	141.15	144.91	150.98	158.74	122.19	153.5	171.06	167.26
A	PER_CNV	FOR	P_HTHAB	Finland	368.57	342.51	398.04	414.49	391.26	373.4	359.82	391.14	346.33	193.41	191.2	192.88	165.87	154.27	161.26	171.35
A	PER_CNV	FOR	P_HTHAB	France	125.8	124.08	224.21	197.22	181.95	172.58	137.24	132.41	104.77	105.52	125.0	127.96	106.94	126.56	128.49	131.16
A	PER_CNV	FOR	P_HTHAB	Croatia				30.54	17.28	15.65	12.76	10.32	10.19	11.82	12.69	18.96	16.49	18.85	23.07	23.24
A	PER_CNV	FOR	P_HTHAB	Hungary	29.23	29.33	30.45	19.54	18.67	17.39	22.24	29.61	44.64	25.14	25.35	25.9	24.77	28.36	36.09	46.02
A	PER_CNV	FOR	P_HTHAB	Italy	146.74	142.75	149.73	154.28	145.58	124.79	116.78	118.15	109.85	107.31	121.16					
A	PER_CNV	FOR	P_HTHAB	Luxembourg									884.17	1020.88	855.14	759.9	709.14	785.37	541.06	607.89
A	PER_CNV	FOR	P_HTHAB	Latvia	4.93	6.29	5.23	5.54	6.31	7.31	8.59	12.54	20.06	14.97	12.87	10.89	8.54	9.93	9.97	15.35
A	PER_CNV	FOR	P_HTHAB	Montenegro		157.01	4.04	5.0	7.42	29.96	23.65									
A	PER_CNV	FOR	P_HTHAB	North Macedonia										4.0		3.37	5.44	8.02	8.65	7.76
A	PER_CNV	FOR	P_HTHAB	Norway				198.65	275.36	312.46	295.46	290.64	270.86	264.89	58.78	53.47	50.43	44.87	45.42	45.13
A	PER_CNV	FOR	P_HTHAB	Poland	13.74	13.84	18.88	17.15	18.55	18.17	17.84	18.79	24.59	22.07	27.3	31.57	30.72			
A	PER_CNV	FOR	P_HTHAB	Portugal	101.29	98.03	98.37	96.68	96.38	77.48	57.95	62.19	60.82	57.78	52.62	53.91	44.67	58.77	66.72	65.99
A	PER_CNV	FOR	P_HTHAB	Romania	3.57	2.71							1.6	2.15	2.03	2.02	1.47	1.57	1.45	1.39
A	PER_CNV	FOR	P_HTHAB	Serbia					10.57	7.9	7.37	10.29	9.43	14.35	15.33	10.58	11.77	15.27	18.43	18.69
A	PER_CNV	FOR	P_HTHAB	Slovenia								59.72	49.7	69.22	47.17	61.22	45.09	41.54	58.51	39.25
A	PER_CNV	FOR	P_HTHAB	Slovakia	11.1	10.16	10.76	10.64	12.43	13.08	12.85	14.2	15.19	16.25	19.07	17.45	14.66	14.96	18.05	21.96
A	PER_CNV	FOR	P_HTHAB	Turkey		8.95	8.68	10.36	11.86	4.5	6.89	7.72	6.38	7.31	11.82	13.66	13.13	19.91	19.4	19.94
A	PER_CNV	FOR	P_HTHAB	Kosovo	4.41	3.39	4.35	6.13					2.09	2.02	1.78	2.45				
A	PER_CNV	NAT	NR	Austria	27235.0	26559.0	26332.0	24836.0	23746.0	22317.0	20770.0	19261.0	17930.0	17745.0	15622.0	15619.0	14051.0	13936.0	14052.0	13754.0
A	PER_CNV	NAT	NR	Bosnia and Herzegovina				15670.0	17803.0	18974.0										
A	PER_CNV	NAT	NR	Belgium			114277.0	113046.0	126993.0	105585.0	85360.0	94167.0		172333.0	164218.0	146013.0	114564.0			
A	PER_CNV	NAT	NR	Bulgaria	35234.0	39848.0	36784.0	39434.0	36065.0	30649.0	26998.0	24516.0	26020.0	24335.0	22762.0	22212.0	20878.0	22255.0	21532.0	20731.0
A	PER_CNV	NAT	NR	Switzerland	51529.0	51709.0	53337.0	48760.0	50248.0	46270.0	47503.0	47641.0	46897.0	45218.0	45686.0	43668.0	43668.0	44322.0	45309.0	44619.0
A	PER_CNV	NAT	NR	Czechia	70253.0	68459.0	65798.0	65307.0	66558.0	73056.0	68048.0	60692.0	56255.0	50577.0	49136.0	49751.0	43837.0	44646.0	44739.0	45003.0
A	PER_CNV	NAT	NR	Germany	701049.0	675205.0	643599.0	630240.0	596959.0	570896.0	554109.0	529884.0	506311.0	482979.0	470027.0	472983.0	451612.0	423435.0	408721.0	401232.0
A	PER_CNV	NAT	NR	Denmark							173041.0	165574.0	159631.0	148274.0	149799.0	39939.0	45176.0	41999.0	41151.0	44266.0
A	PER_CNV	NAT	NR	Greece														3207.0	3080.0	2898.0
A	PER_CNV	NAT	NR	Spain		0.0					178519.0	181946.0	218904.0	231555.0	229857.0	226537.0	174839.0	223050.0	241419.0	212918.0
A	PER_CNV	NAT	NR	Finland	218246.0	188187.0	184769.0	180642.0	169883.0	162416.0	153440.0	160291.0	136526.0	71638.0	72108.0	72064.0	71317.0	72035.0	68466.0	69103.0
A	PER_CNV	NAT	NR	France	534134.0	544399.0	537505.0	535268.0	560447.0	554365.0	487673.0	486479.0	396495.0	394048.0	462499.0	463589.0	386101.0	444485.0	416886.0	428304.0
A	PER_CNV	NAT	NR	Croatia	23675.0	25040.0		22893.0	20320.0	16495.0	14829.0	12535.0	13350.0	11933.0	11647.0	12522.0	11233.0	11789.0	11738.0	10628.0
A	PER_CNV	NAT	NR	Hungary	81521.0	83959.0	86294.0	83159.0	73437.0	68603.0	74120.0	68820.0	67298.0	66272.0	64202.0	61512.0	51450.0	52199.0	51939.0	51258.0
A	PER_CNV	NAT	NR	Italy	174308.0	167851.0	165759.0	174453.0	173456.0	172499.0	155954.0	149073.0	131533.0	129702.0	142690.0					
A	PER_CNV	NAT	NR	Luxembourg									3338.0	3516.0	3057.0	2917.0	3064.0	3047.0	2462.0	2559.0
A	PER_CNV	NAT	NR	Latvia	10871.0	10566.0	9515.0	9079.0	8813.0	8478.0	9041.0	9309.0	8615.0	8970.0	8338.0	7888.0	6930.0	6661.0	4630.0	4017.0
A	PER_CNV	NAT	NR	Montenegro		969.0	648.0	1089.0	1398.0	1145.0	1387.0									
A	PER_CNV	NAT	NR	North Macedonia										2686.0		4946.0	6588.0	7850.0	7872.0	6693.0
A	PER_CNV	NAT	NR	Norway				51804.0	49645.0	51239.0	48745.0	50149.0	48202.0	45782.0	11797.0	11884.0	11546.0	11083.0	10355.0	10230.0
A	PER_CNV	NAT	NR	Poland	442449.0	434946.0	448471.0	439742.0	422027.0	365428.0	304957.0	265129.0	291530.0	242714.0	275154.0	284911.0	249897.0			
A	PER_CNV	NAT	NR	Portugal	77172.0	67939.0	67399.0	67619.0	69065.0	63037.0	46818.0	53010.0	50649.0	46011.0	41273.0	39772.0	30710.0	36582.0	38894.0	35343.0
A	PER_CNV	NAT	NR	Romania	36058.0	33672.0							32404.0	34973.0	31808.0	33291.0	31199.0	35016.0	32630.0	31175.0
A	PER_CNV	NAT	NR	Serbia					32861.0	34147.0	36736.0	34257.0	33724.0	32296.0	30165.0	28957.0	25600.0	27568.0	25777.0	26961.0
A	PER_CNV	NAT	NR	Slovenia								7009.0	5980.0	5091.0	5349.0	4982.0	4062.0	5098.0	4334.0	4427.0
A	PER_CNV	NAT	NR	Slovakia	28084.0	30406.0	30599.0	29536.0	34405.0	35371.0	32914.0	28921.0	26384.0	25447.0	28347.0	27480.0	24592.0	22825.0	24273.0	22764.0
A	PER_CNV	NAT	NR	Turkey		1281933.0	1206918.0	1229807.0	1457180.0	491773.0	484830.0	513321.0	453811.0	439345.0	545611.0	581088.0	481335.0	675634.0	665912.0	665230.0
A	PER_CNV	NAT	NR	Kosovo	13159.0	13341.0	9829.0	18257.0	20893.0	15748.0	18271.0	16827.0	18514.0	19518.0	20402.0	17957.0				
A	PER_CNV	NAT	P_HTHAB	Austria	327.82	318.64	315.29	296.54	282.42	264.05	244.16	224.59	206.08	202.27	177.07	176.31	157.86	156.01	156.5	151.06
A	PER_CNV	NAT	P_HTHAB	Bosnia and Herzegovina				407.73	463.71											
A	PER_CNV	NAT	P_HTHAB	Belgium			1054.23	1027.63	1144.61	945.96	763.45	837.99		1518.12	1440.69	1274.61	994.27			
A	PER_CNV	NAT	P_HTHAB	Bulgaria	468.66	533.65	495.62	535.1	492.21	420.74	372.61	340.4	363.72	342.66	322.86	317.31	300.34	321.76	332.16	321.53
A	PER_CNV	NAT	P_HTHAB	Switzerland	678.59	671.38	685.05	619.56	631.68	575.56	583.6	578.33	563.18	537.06	538.49	511.06	507.41	511.19	518.48	506.15
A	PER_CNV	NAT	P_HTHAB	Czechia	679.2	656.63	628.92	622.76	633.56	694.7	647.31	575.92	533.03	478.1	463.11	467.15	409.92	425.41	425.41	415.63
A	PER_CNV	NAT	P_HTHAB	Germany	852.67	823.4	786.77	785.62	743.15	708.98	686.05	652.59	616.13	585.28	567.72	569.73	543.02	509.21	491.03	482.72
A	PER_CNV	NAT	P_HTHAB	Denmark							3075.06	2925.48	2796.99	2579.23	2591.14	687.88	775.85	719.16	700.63	746.14
A	PER_CNV	NAT	P_HTHAB	Greece														30.03	29.45	27.83
A	PER_CNV	NAT	P_HTHAB	Spain		0.0					383.81	391.71	471.37	497.67	492.64	482.64	369.38	470.58	508.39	442.79
A	PER_CNV	NAT	P_HTHAB	Finland	4117.47	3533.16	3452.71	3360.61	3145.24	2992.92	2814.76	2929.43	2488.03	1301.73	1307.93	1306.0	1290.74	1301.73	1234.01	1241.97
A	PER_CNV	NAT	P_HTHAB	France	834.49	845.99	831.29	823.76	858.57	845.06	737.04	732.01	594.99	589.81	690.03	690.09	572.22	656.27	612.24	627.3
A	PER_CNV	NAT	P_HTHAB	Croatia	549.05	581.0		533.65	475.21	387.01	349.18	296.66	318.56	287.25	283.69	307.19	276.8	292.07	303.91	275.99
A	PER_CNV	NAT	P_HTHAB	Hungary	811.53	837.0	861.71	832.78	739.4	692.34	750.4	698.29	684.58	676.41	656.57	629.42	530.99	540.84	540.45	533.95
A	PER_CNV	NAT	P_HTHAB	Italy	297.19	284.49	280.04	293.87	292.04	289.01	256.58	245.2	216.82	214.07	235.91					
A	PER_CNV	NAT	P_HTHAB	Luxembourg									579.26	595.26	507.8	475.16	489.37	480.05	381.47	387.25
A	PER_CNV	NAT	P_HTHAB	Latvia	495.98	488.53	448.71	437.63	430.99	418.91	451.72	468.71	437.54	459.97	431.04	410.84	363.27	351.83	246.83	213.33
A	PER_CNV	NAT	P_HTHAB	Montenegro		157.01	104.68	175.69	225.37	184.41	223.16									
A	PER_CNV	NAT	P_HTHAB	North Macedonia										129.53		238.12	317.3	379.45	428.5	365.75
A	PER_CNV	NAT	P_HTHAB	Norway				1052.8	995.71	1014.38	954.29	970.66	925.05	870.66	222.77	223.04	215.11	205.57	190.87	186.37
A	PER_CNV	NAT	P_HTHAB	Poland	1160.81	1140.52	1179.48	1155.31	1108.74	960.07	802.14	697.6	767.85	639.18	724.53	750.3	658.35			
A	PER_CNV	NAT	P_HTHAB	Portugal	731.26	643.18	637.43	639.56	655.12	601.08	448.99	510.95	489.77	446.29	401.06	387.01	295.99	351.94	373.22	336.07
A	PER_CNV	NAT	P_HTHAB	Romania	174.74	164.73							163.98	178.03	162.84	171.48	161.41	182.36	171.35	163.61
A	PER_CNV	NAT	P_HTHAB	Serbia					455.35	475.49	514.02	481.52	476.57	458.73	430.84	415.82	369.58	401.19	379.23	405.97
A	PER_CNV	NAT	P_HTHAB	Slovenia								339.77	289.7	246.43	258.8	239.41	193.81	241.73	205.68	209.12
A	PER_CNV	NAT	P_HTHAB	Slovakia	522.39	564.92	567.66	547.73	636.62	653.71	607.72	533.47	486.23	468.18	520.79	504.18	450.58	418.06	446.63	419.32
A	PER_CNV	NAT	P_HTHAB	Turkey		1792.48	1663.31	1668.15	1950.08	650.26	632.38	660.68	576.33	550.46	675.17	708.61	578.84	808.04	786.38	780.06
A	PER_CNV	NAT	P_HTHAB	Kosovo	611.15	611.78	445.13	1017.57					1045.04	1094.35	1134.39	1000.02				
A	PER_CNV	TOTAL	NR	Albania	8009.0	7670.0	8510.0	9754.0	9562.0	8577.0	13618.0	16141.0	14614.0	10911.0	11614.0	11052.0	9853.0	12603.0	11422.0	8856.0
A	PER_CNV	TOTAL	NR	Austria	38226.0	37868.0	38394.0	36461.0	35541.0	34424.0	32980.0	32118.0	30450.0	30746.0	27655.0	27284.0	23716.0	23731.0	24466.0	25033.0
A	PER_CNV	TOTAL	NR	Bosnia and Herzegovina	16951.0	17707.0	17294.0	15709.0	17846.0	19015.0	18442.0	17471.0	16592.0	15036.0	14447.0	13616.0	10702.0	11356.0	10770.0	10702.0
A	PER_CNV	TOTAL	NR	Belgium			140990.0	142882.0	163323.0	141857.0	117534.0	132122.0	43578.0	238286.0	229599.0	202990.0	159957.0			
A	PER_CNV	TOTAL	NR	Bulgaria	36137.0	40872.0	39070.0	41013.0	37996.0	34113.0	31849.0	27787.0	28301.0	25800.0	23973.0	23389.0	21889.0	24121.0	24047.0	23037.0
A	PER_CNV	TOTAL	NR	Switzerland	100048.0	102526.0	106935.0	101903.0	109123.0	107099.0	108877.0	108819.0	108393.0	105156.0	106185.0	97170.0	97170.0	98912.0	103444.0	105916.0
A	PER_CNV	TOTAL	NR	Cyprus	63775.0	62466.0	75693.0	86813.0	71545.0	60819.0	68708.0	54095.0	45324.0	43477.0	39502.0	39975.0	35541.0	33563.0	36984.0	
A	PER_CNV	TOTAL	NR	Czechia	75882.0	73787.0	70651.0	70160.0	71471.0	77976.0	72825.0	65569.0	61423.0	55705.0	54448.0	55594.0	45558.0	49647.0	50227.0	51399.0
A	PER_CNV	TOTAL	NR	Germany	874691.0	844520.0	813266.0	807815.0	773901.0	755938.0	748782.0	739487.0	737873.0	716044.0	712338.0	728868.0	699269.0	662100.0	647374.0	656901.0
A	PER_CNV	TOTAL	NR	Denmark	163095.0	173255.0	183599.0	200452.0	209632.0	206214.0	209388.0	195172.0	189750.0	177935.0	182804.0	51439.0	56280.0	52837.0	52678.0	57224.0
A	PER_CNV	TOTAL	NR	Estonia	11574.0	7881.0	9131.0	9992.0	9638.0	8477.0	7670.0	7375.0	7619.0	6714.0	5702.0	5703.0	4949.0	4569.0	3837.0	
A	PER_CNV	TOTAL	NR	Greece														5426.0	4764.0	4294.0
A	PER_CNV	TOTAL	NR	Spain	241743.0	257148.0	248313.0	256391.0	253715.0	245820.0	233875.0	236843.0	284454.0	298979.0	300301.0	301043.0	232675.0	295805.0	322650.0	293344.0
A	PER_CNV	TOTAL	NR	Finland	237782.0	206430.0	206070.0	202922.0	191015.0	182679.0	173056.0	181694.0	156034.0	82427.0	82822.0	82956.0	80692.0	80740.0	77562.0	78807.0
A	PER_CNV	TOTAL	NR	France	703695.0	703853.0	682489.0	663417.0	679219.0	667579.0	578482.0	574475.0	468583.0	466980.0	546279.0	549552.0	458259.0	530201.0	504379.0	517857.0
A	PER_CNV	TOTAL	NR	Croatia	25126.0	26355.0	25355.0	24203.0	21174.0	17162.0	15452.0	12972.0	13777.0	12424.0	12168.0	13295.0	11902.0	12550.0	12629.0	11523.0
A	PER_CNV	TOTAL	NR	Hungary	84457.0	86901.0	89343.0	85110.0	75291.0	70326.0	76317.0	71738.0	71686.0	68735.0	66681.0	64043.0	53850.0	54936.0	55407.0	55676.0
A	PER_CNV	TOTAL	NR	Ireland		3146.0	3308.0	3182.0												
A	PER_CNV	TOTAL	NR	Italy	260375.0	252076.0	254384.0	266039.0	259923.0	246980.0	226939.0	220903.0	198177.0	194720.0	215991.0					
A	PER_CNV	TOTAL	NR	Lithuania	12788.0	13050.0	13992.0	13697.0	16631.0	19530.0	20358.0	17273.0	15508.0	18058.0	19779.0	17564.0	16060.0	15010.0	14959.0	14717.0
A	PER_CNV	TOTAL	NR	Luxembourg									8433.0	9546.0	8205.0	7582.0	7504.0	8032.0	5954.0	6576.0
A	PER_CNV	TOTAL	NR	Latvia	10979.0	10702.0	9626.0	9194.0	8942.0	8626.0	9213.0	9558.0	8945.0	9262.0	8587.0	8099.0	7093.0	6849.0	4951.0	4306.0
A	PER_CNV	TOTAL	NR	Montenegro			673.0	1121.0	1444.0	3238.0	3111.0	2755.0	3712.0	3528.0	3344.0	3611.0	3703.0	3535.0	3002.0	2724.0
A	PER_CNV	TOTAL	NR	North Macedonia	10218.0	10549.0	9716.0	10532.0	9598.0	10012.0	12144.0			2769.0		5016.0	6701.0	8016.0	8031.0	6835.0
A	PER_CNV	TOTAL	NR	Netherlands	115051.0	114849.0	98150.0	93362.0	87879.0	92190.0	88878.0	91446.0	81799.0	82070.0	78546.0	76827.0	59444.0	62103.0	62543.0	66894.0
A	PER_CNV	TOTAL	NR	Norway	66503.0	64165.0	66983.0	64681.0	63428.0	67048.0	63859.0	65196.0	62343.0	59724.0	14910.0	14733.0	14253.0	13502.0	12819.0	12707.0
A	PER_CNV	TOTAL	NR	Poland	447686.0	440225.0	455649.0	446271.0	429087.0	372343.0	311741.0	272271.0	300867.0	251093.0	285522.0	296898.0	261556.0			
A	PER_CNV	TOTAL	NR	Portugal	87861.0	78266.0	77776.0	77811.0	79212.0	71171.0	52861.0	59462.0	56939.0	51968.0	46688.0	45312.0	35345.0	42691.0	45847.0	42283.0
A	PER_CNV	TOTAL	NR	Romania	36795.0	34226.0	41891.0	47577.0	49188.0	47133.0	40832.0	42276.0	32720.0	35396.0	32204.0	33683.0	31483.0	35317.0	32907.0	31439.0
A	PER_CNV	TOTAL	NR	Serbia	44367.0	42782.0	23321.0	33097.0	33624.0	34889.0	37410.0	35115.0	34557.0	33392.0	31298.0	29788.0	26726.0	28891.0	27413.0	28373.0
A	PER_CNV	TOTAL	NR	Sweden	69454.0	71715.0	74510.0	73680.0	71110.0	64391.0	60662.0	59344.0	56659.0	57372.0	60565.0	62708.0	68996.0	74581.0	76636.0	80008.0
A	PER_CNV	TOTAL	NR	Slovenia	9228.0	8453.0	8423.0	7965.0	8825.0	11758.0	9729.0	8241.0	7006.0	6521.0	6324.0	6256.0	5007.0	5974.0	5567.0	5258.0
A	PER_CNV	TOTAL	NR	Slovakia	28681.0	30953.0	31179.0	30110.0	35077.0	36079.0	33610.0	29691.0	27208.0	26330.0	29385.0	28431.0	25392.0	23642.0	25254.0	23963.0
A	PER_CNV	TOTAL	NR	Turkey		1288334.0	1213217.0	1237448.0	1514825.0	500608.0	492869.0	521213.0	459195.0	445436.0	555369.0	592398.0	492323.0	692281.0	682380.0	682243.0
A	PER_CNV	TOTAL	NR	England and Wales	1355146.0	1399856.0	1359715.0	1306509.0	1224976.0	1172953.0	1211152.0	1241080.0	1231726.0							
A	PER_CNV	TOTAL	NR	Scotland	60399.0	56428.0	54766.0	53249.0	48105.0	45659.0				82716.0						
A	PER_CNV	TOTAL	NR	Northern Ireland	39018.0	39539.0	39628.0	40538.0	38914.0	35276.0	26607.0	24379.0	22956.0	23630.0	24921.0					
A	PER_CNV	TOTAL	NR	Kosovo	13254.0	13415.0	9925.0	18367.0	20990.0	15832.0	18330.0	16907.0	18554.0	19519.0	20434.0	18001.0				
A	PER_CNV	TOTAL	P_HTHAB	Albania	252.64	240.83		344.45			470.24	559.33	508.21	379.3	404.62	386.11	346.21	445.38	408.86	320.66
A	PER_CNV	TOTAL	P_HTHAB	Austria	460.11	454.32	459.72	435.35	422.7	407.29	387.69	374.5	349.98	350.47	313.47	307.99	266.44	265.67	272.48	274.94
A	PER_CNV	TOTAL	P_HTHAB	Bosnia and Herzegovina	440.99	460.64	449.89	408.75	464.83											
A	PER_CNV	TOTAL	P_HTHAB	Belgium			1300.66	1298.85	1472.06	1270.93	1051.21	1175.75	385.27	2099.12	2014.28	1771.98	1388.22			
A	PER_CNV	TOTAL	P_HTHAB	Bulgaria	480.67	547.36	526.42	556.53	518.56	468.29	439.56	385.81	395.61	363.29	340.04	334.13	314.88	348.74	370.95	357.29
A	PER_CNV	TOTAL	P_HTHAB	Switzerland	1317.55	1331.19	1373.46	1294.81	1371.81	1332.23	1337.62	1320.99	1301.69	1248.95	1251.57	1137.22	1129.09	1140.81	1183.73	1201.49
A	PER_CNV	TOTAL	P_HTHAB	Cyprus	8214.9	7838.33	9240.54	10337.95	8299.78	7023.97	8007.93	6386.6	5342.8	5086.21	4570.74	4563.88	4002.34	3745.84	4087.96	
A	PER_CNV	TOTAL	P_HTHAB	Czechia	733.63	707.74	675.3	669.04	680.32	741.49	692.75	622.2	582.0	526.57	513.17	522.02	426.02	473.06	477.59	474.71
A	PER_CNV	TOTAL	P_HTHAB	Germany	1063.87	1029.87	994.19	1006.97	963.43	938.78	927.08	910.73	897.92	867.7	860.39	877.95	840.8	796.22	777.75	790.32
A	PER_CNV	TOTAL	P_HTHAB	Denmark	2978.47	3143.55	3317.21	3604.84	3756.5	3680.67	3720.97	3448.44	3324.72	3095.18	3162.05	885.95	966.55	904.74	896.89	964.56
A	PER_CNV	TOTAL	P_HTHAB	Estonia	864.74	590.01	684.85	751.47	727.28	642.11	582.91	560.89	578.98	510.32	432.25	430.47	372.39	343.52	288.11	
A	PER_CNV	TOTAL	P_HTHAB	Greece														50.81	45.55	41.23
A	PER_CNV	TOTAL	P_HTHAB	Spain	529.34	556.12	534.16	549.4	541.92	526.07	502.83	509.89	612.52	642.58	643.62	641.38	491.57	624.08	679.45	610.05
A	PER_CNV	TOTAL	P_HTHAB	Finland	4486.04	3875.66	3850.75	3775.1	3536.49	3366.32	3174.6	3320.58	2843.54	1497.77	1502.27	1503.39	1460.41	1459.04	1397.96	1416.38
A	PER_CNV	TOTAL	P_HTHAB	France	1099.4	1093.78	1055.52	1020.98	1040.52	1017.65	874.29	864.42	703.17	698.97	815.02	818.06	679.17	782.83	740.73	758.46
A	PER_CNV	TOTAL	P_HTHAB	Croatia	582.7	611.51	589.26	564.19	495.18	402.66	363.85	307.01	328.75	299.07	296.38	326.16	293.29	310.92	326.98	299.23
A	PER_CNV	TOTAL	P_HTHAB	Hungary	840.75	866.33	892.15	852.32	758.07	709.73	772.65	727.89	729.22	701.55	681.92	655.32	555.76	569.2	576.53	579.97
A	PER_CNV	TOTAL	P_HTHAB	Ireland		69.58	72.71	69.61												
A	PER_CNV	TOTAL	P_HTHAB	Italy	443.93	427.24	429.77	448.14	437.62	413.8	373.36	363.35	326.67	321.38	357.1					
A	PER_CNV	TOTAL	P_HTHAB	Lithuania	398.06	409.88	445.32	448.7	553.69	657.15	691.63	591.29	536.88	634.08	704.15	628.59	574.78	536.9	533.11	515.07
A	PER_CNV	TOTAL	P_HTHAB	Luxembourg									1463.43	1616.14	1362.95	1235.07	1198.52	1265.42	922.53	995.14
A	PER_CNV	TOTAL	P_HTHAB	Latvia	500.91	494.81	453.95	443.17	437.3	426.22	460.31	481.25	454.3	474.95	443.92	421.83	371.81	361.76	263.95	228.68
A	PER_CNV	TOTAL	P_HTHAB	Montenegro			108.72	180.85	232.79	521.51	500.55	442.86	596.58	566.85	537.31	580.38	595.46	569.48	486.01	441.71
A	PER_CNV	TOTAL	P_HTHAB	North Macedonia	499.61	514.93	473.32	511.94	465.97	485.48	587.87			133.53		241.49	322.74	387.47	437.15	373.51
A	PER_CNV	TOTAL	P_HTHAB	Netherlands	701.3	696.65	592.16	560.54	525.27	549.42	528.12	541.08	481.76	480.46	457.17	444.55	341.48	355.37	355.55	375.57
A	PER_CNV	TOTAL	P_HTHAB	Norway	1403.85	1336.98	1378.76	1314.57	1272.16	1327.35	1250.18	1261.9	1196.44	1135.8	281.55	276.51	265.54	250.44	236.28	231.5
A	PER_CNV	TOTAL	P_HTHAB	Poland	1174.55	1154.36	1198.36	1172.46	1127.28	978.24	819.99	716.4	792.44	661.24	751.83	781.87	689.06			
A	PER_CNV	TOTAL	P_HTHAB	Portugal	832.54	740.94	735.58	735.96	751.37	678.64	506.95	573.14	550.6	504.08	453.68	440.92	340.66	410.72	439.94	402.06
A	PER_CNV	TOTAL	P_HTHAB	Romania	178.31	167.44	195.19	222.18	244.77	235.43	204.7	212.76	165.58	180.19	164.87	173.49	162.88	183.93	172.81	164.99
A	PER_CNV	TOTAL	P_HTHAB	Serbia	602.36	583.26	319.17	456.41	465.92	485.82	523.45	493.58	488.34	474.3	447.02	427.76	385.84	420.44	403.3	427.23
A	PER_CNV	TOTAL	P_HTHAB	Sweden	756.34	774.77	797.69	782.53	749.88	673.84	628.96	608.82	575.16	574.0	598.45	612.97	668.07	718.56	733.2	760.42
A	PER_CNV	TOTAL	P_HTHAB	Slovenia	459.04	415.92	411.49	388.5	429.34	571.1	472.03	399.49	339.41	315.65	305.97	300.64	238.9	283.27	264.19	248.37
A	PER_CNV	TOTAL	P_HTHAB	Slovakia	533.49	575.08	578.42	558.37	649.05	666.79	620.57	547.67	501.41	484.42	539.86	521.63	465.24	433.02	464.68	441.41
A	PER_CNV	TOTAL	P_HTHAB	Turkey		1801.43	1671.99	1678.51	2027.22	661.94	642.86	670.84	583.17	558.09	687.25	722.4	592.05	827.95	805.83	800.01
A	PER_CNV	TOTAL	P_HTHAB	England and Wales	2481.26	2543.38	2451.5	2335.87	2173.09	2066.57	2118.27	2151.98	2118.28							
A	PER_CNV	TOTAL	P_HTHAB	Scotland	1164.66	1081.63	1043.85	1008.39	906.57	858.23				1527.61						
A	PER_CNV	TOTAL	P_HTHAB	Northern Ireland	2203.95	2213.6	2202.76	2240.24	2139.38	1931.18	1449.74	1320.48	1236.16	1265.91	1328.44					
A	PER_CNV	TOTAL	P_HTHAB	Kosovo	615.57	615.17	449.48	1023.7					1047.3	1094.4	1136.17	1002.47				
A	PER_PRSC	FOR	NR	Albania						152.0	125.0	162.0	140.0	164.0	241.0					
A	PER_PRSC	FOR	NR	Austria								100954.0								
A	PER_PRSC	FOR	NR	Bosnia and Herzegovina	15.0	20.0	52.0	76.0	53.0	36.0	20.0									
A	PER_PRSC	FOR	NR	Belgium	116565.0	127744.0	136707.0	144324.0	133973.0	133694.0	132371.0	160137.0	159976.0	156271.0	158898.0	161605.0	162394.0	149751.0	131511.0	136806.0
A	PER_PRSC	FOR	NR	Czechia	6865.0	6965.0	6068.0	6113.0	6310.0	6364.0	6290.0	6108.0	6482.0	6517.0	6633.0	6814.0	5706.0	5847.0	7048.0	8105.0
A	PER_PRSC	FOR	NR	Denmark	7364.0	8245.0	8419.0	9967.0	13147.0	12523.0	12511.0	15180.0	14521.0	14747.0	17332.0	17953.0	17349.0	16906.0	18193.0	18646.0
A	PER_PRSC	FOR	NR	Greece														2355.0	1885.0	3009.0
A	PER_PRSC	FOR	NR	Finland	19970.0	18739.0	21937.0	22977.0	21852.0	20833.0	20132.0	21714.0	19471.0	11114.0	11037.0	11101.0	9597.0	9033.0	9404.0	10061.0
A	PER_PRSC	FOR	NR	France				92613.0	104707.0	104534.0	105017.0	561588.0	106255.0	100958.0	117877.0	120229.0	105956.0	120902.0	131105.0	127721.0
A	PER_PRSC	FOR	NR	Croatia							27.0	28.0	38.0	13.0	11.0	21.0	19.0	16.0	6.0	9.0
A	PER_PRSC	FOR	NR	Hungary	3184.0	3057.0	3203.0	3015.0	2693.0	2554.0	2754.0	3702.0	5112.0	2755.0		3238.0	6998.0	4249.0	5747.0	7001.0
A	PER_PRSC	FOR	NR	Iceland				193.0	288.0	326.0	302.0	329.0	350.0	502.0	525.0	720.0	665.0	511.0	521.0	550.0
A	PER_PRSC	FOR	NR	Italy	148065.0	342558.6378	334603.9745861	341071.98	328516.6916	345002.0	365291.882717456	371027.837160504	358893.0	341638.0	448529.0					
A	PER_PRSC	FOR	NR	Liechtenstein								628.0	619.0	722.0	625.0		858.0	787.0	1061.0	968.0
A	PER_PRSC	FOR	NR	Lithuania	186.0	203.0	228.0	211.0	335.0	512.0	543.0	479.0	496.0	556.0	554.0	563.0	475.0	542.0	886.0	874.0
A	PER_PRSC	FOR	NR	Luxembourg								12071.0	10323.0	12961.0	7009.0	7281.0	6068.0	6294.0	6540.0	6820.0
A	PER_PRSC	FOR	NR	Latvia					249.0	314.0	331.0	471.0	545.0	410.0	394.0	339.0	357.0	359.0	419.0	513.0
A	PER_PRSC	FOR	NR	Montenegro	978.0	796.0	712.0	724.0	684.0	572.0										
A	PER_PRSC	FOR	NR	North Macedonia												239.0	150.0	135.0	182.0	255.0
A	PER_PRSC	FOR	NR	Malta								844.0								
A	PER_PRSC	FOR	NR	Norway	11338.0	11903.0	12739.0	13310.0	13987.0	15367.0	15309.0	14657.0	14734.0	13776.0	12850.0	12407.0	11135.0	9961.0	9863.0	9739.0
A	PER_PRSC	FOR	NR	Portugal	15302.0	14590.0	14759.0	14387.0	14487.0	12905.0	9041.0	10239.0	9750.0	9157.0	8149.0	7981.0	6601.0	8740.0	9661.0	9655.0
A	PER_PRSC	FOR	NR	Romania	1098.0	835.0	856.0	810.0	710.0	581.0	991.0	1222.0	894.0	760.0	673.0	614.0	609.0	558.0	595.0	680.0
A	PER_PRSC	FOR	NR	Slovenia							400.0	433.0	412.0	362.0	329.0	583.0	347.0	856.0	862.0	860.0
A	PER_PRSC	FOR	NR	Slovakia			1059.0	1111.0	1235.0	1258.0	3207.0	917.0	681.0	1308.0	1369.0	1267.0	1144.0	1075.0	1291.0	1500.0
A	PER_PRSC	FOR	NR	Turkey		31182.0	30614.0	27886.0	26695.0	31709.0	46816.0	57475.0	52575.0	68394.0	94448.0	135323.0	114003.0	147230.0	197949.0	237804.0
A	PER_PRSC	FOR	P_HTHAB	Albania							4.31	5.6	4.87	5.7	8.4					
A	PER_PRSC	FOR	P_HTHAB	Austria								1177.13								
A	PER_PRSC	FOR	P_HTHAB	Bosnia and Herzegovina	0.39	0.52	1.35	1.98	1.38											
A	PER_PRSC	FOR	P_HTHAB	Belgium	1092.78	1187.98	1261.15	1311.96	1207.52	1197.8	1183.91	1425.05	1414.33	1376.63	1394.01	1410.72	1409.37	1296.01	1132.0	1165.02
A	PER_PRSC	FOR	P_HTHAB	Czechia	66.37	66.81	58.0	58.29	60.06	60.52	59.83	57.96	61.42	61.6	62.52	63.98	53.36	55.71	67.02	74.86
A	PER_PRSC	FOR	P_HTHAB	Denmark	134.48	149.59	152.11	179.24	235.58	223.52	222.33	268.21	254.43	256.52	299.8	309.21	297.95	289.48	309.75	314.29
A	PER_PRSC	FOR	P_HTHAB	Greece														22.05	18.02	28.89
A	PER_PRSC	FOR	P_HTHAB	Finland	376.76	351.82	409.93	427.46	404.57	383.9	369.31	396.84	354.84	201.95	200.19	201.18	173.69	163.23	169.5	180.82
A	PER_PRSC	FOR	P_HTHAB	France				142.53	160.4	159.35	158.72	845.02	159.45	151.11	175.87	178.97	157.03	178.51	192.54	187.06
A	PER_PRSC	FOR	P_HTHAB	Croatia							0.64	0.66	0.91	0.31	0.27	0.52	0.47	0.4	0.16	0.23
A	PER_PRSC	FOR	P_HTHAB	Hungary	31.7	30.48	31.98	30.19	27.11	25.78	27.88	37.56	52.0	28.12		33.13	72.22	44.02	59.8	72.93
A	PER_PRSC	FOR	P_HTHAB	Iceland				60.61	90.12	101.29	92.73	99.97	105.25	148.37	150.67	201.69	182.63	138.56	138.47	141.84
A	PER_PRSC	FOR	P_HTHAB	Italy	252.44	580.6	565.3	574.54	553.11	578.04	600.98	610.29	591.59	563.86	741.57					
A	PER_PRSC	FOR	P_HTHAB	Liechtenstein								1680.67	1645.31	1909.55	1639.82		2214.36	2015.11	2699.2	2439.7
A	PER_PRSC	FOR	P_HTHAB	Lithuania	5.79	6.38	7.26	6.91	11.15	17.23	18.45	16.4	17.17	19.52	19.72	20.15	16.9	19.28	31.58	30.59
A	PER_PRSC	FOR	P_HTHAB	Luxembourg								2144.21	1791.41	2194.3	1164.28	1186.04	969.16	991.6	1013.33	1032.07
A	PER_PRSC	FOR	P_HTHAB	Latvia					12.18	15.52	16.54	23.71	27.68	21.02	20.37	17.66	18.71	18.96	22.34	27.24
A	PER_PRSC	FOR	P_HTHAB	Montenegro	158.88	128.98	115.02	116.8	110.27	92.13										
A	PER_PRSC	FOR	P_HTHAB	North Macedonia												11.51	7.22	6.53	9.91	13.93
A	PER_PRSC	FOR	P_HTHAB	Malta								196.58								
A	PER_PRSC	FOR	P_HTHAB	Norway	239.34	248.02	262.22	270.51	280.53	304.22	299.71	283.69	282.76	261.98	242.65	232.85	207.45	184.76	181.8	177.43
A	PER_PRSC	FOR	P_HTHAB	Portugal	145.0	138.12	139.59	136.08	137.42	123.05	86.71	98.69	94.28	88.82	79.19	77.66	63.62	84.08	92.71	91.81
A	PER_PRSC	FOR	P_HTHAB	Romania	5.32	4.09	3.99	3.78	3.53	2.9	4.97	6.15	4.52	3.87	3.45	3.16	3.15	2.91	3.12	3.57
A	PER_PRSC	FOR	P_HTHAB	Slovenia							19.41	20.99	19.96	17.52	15.92	28.02	16.56	40.59	40.91	40.62
A	PER_PRSC	FOR	P_HTHAB	Slovakia			19.65	20.6	22.85	23.25	59.21	16.91	12.55	24.06	25.15	23.25	20.96	19.69	23.75	27.63
A	PER_PRSC	FOR	P_HTHAB	Turkey		43.6	42.19	37.83	35.72	41.93	61.06	73.97	66.77	85.69	116.88	165.02	137.1	176.08	233.76	278.85
A	PER_PRSC	NAT	NR	Albania						12043.0	19322.0	19721.0			16008.0					
A	PER_PRSC	NAT	NR	Austria								169335.0								
A	PER_PRSC	NAT	NR	Bosnia and Herzegovina	20935.0	19253.0	19353.0	21178.0	21538.0	20230.0	20287.0									
A	PER_PRSC	NAT	NR	Belgium	456573.0	467799.0	465287.0	459335.0	419445.0	410810.0	411825.0	401708.0	387156.0	383543.0	388273.0	416852.0	489535.0	466154.0	429120.0	430599.0
A	PER_PRSC	NAT	NR	Czechia	103545.0	106250.0	95065.0	96654.0	96869.0	99314.0	97118.0	85364.0	78364.0	70703.0	70090.0	70507.0	62164.0	58534.0	61381.0	62336.0
A	PER_PRSC	NAT	NR	Denmark	51157.0	53708.0	52952.0	63328.0	82892.0	69614.0	65521.0	81069.0	75059.0	71917.0	82027.0	81311.0	80343.0	71217.0	77877.0	75439.0
A	PER_PRSC	NAT	NR	Greece														5876.0	4952.0	7612.0
A	PER_PRSC	NAT	NR	Finland	221978.0	191717.0	188099.0	184087.0	173420.0	165862.0	156616.0	162220.0	139336.0	74406.0	75102.0	74914.0	73803.0	75141.0	71521.0	72429.0
A	PER_PRSC	NAT	NR	France				574617.0	570995.0	565673.0	562365.0	104460.0	579065.0	573438.0	580986.0	575578.0	499057.0	532115.0	529375.0	540315.0
A	PER_PRSC	NAT	NR	Croatia							1923.0	1713.0	1494.0	1561.0	1185.0	1192.0	1060.0	984.0	1049.0	1087.0
A	PER_PRSC	NAT	NR	Hungary	89522.0	89583.0	96879.0	85017.0	74072.0	76478.0	76955.0	71592.0	68801.0	65518.0		105231.0	104609.0	114878.0	110830.0	118067.0
A	PER_PRSC	NAT	NR	Iceland				1764.0	2323.0	2511.0	2187.0	2066.0	1983.0	1784.0	1907.0	2064.0	1978.0	1653.0	1491.0	1114.0
A	PER_PRSC	NAT	NR	Italy	415883.0	1235390.362	1226933.025413	1201982.0	1216992.308	1233133.0	1283173.11728254	1239103.1628395	1187719.0	1082761.0	1413069.0					
A	PER_PRSC	NAT	NR	Liechtenstein								380.0	345.0	366.0	426.0		426.0	428.0	332.0	166.0
A	PER_PRSC	NAT	NR	Lithuania	16381.0	17407.0	18047.0	18225.0	19948.0	22433.0	22199.0	19182.0	17116.0	24343.0	20574.0	18456.0	17548.0	15736.0	15257.0	14930.0
A	PER_PRSC	NAT	NR	Luxembourg								6808.0	5909.0	4758.0	3434.0	3661.0	3400.0	3492.0	3676.0	3967.0
A	PER_PRSC	NAT	NR	Latvia					8262.0	9133.0	8833.0	9589.0	10068.0	9375.0	8981.0	9069.0	8876.0	8452.0	8129.0	8329.0
A	PER_PRSC	NAT	NR	Montenegro	7443.0	7193.0	6603.0	6120.0	5901.0	6014.0										
A	PER_PRSC	NAT	NR	North Macedonia												12541.0	14164.0	12687.0	12720.0	11752.0
A	PER_PRSC	NAT	NR	Malta								1853.0								
A	PER_PRSC	NAT	NR	Norway	58594.0	54975.0	55390.0	53348.0	51621.0	51294.0	49639.0	49588.0	49733.0	43981.0	42547.0	40756.0	38798.0	36771.0	35179.0	33431.0
A	PER_PRSC	NAT	NR	Portugal	125716.0	110578.0	109346.0	106132.0	106184.0	97769.0	71478.0	80238.0	76459.0	69001.0	61639.0	59480.0	44963.0	54929.0	58042.0	52476.0
A	PER_PRSC	NAT	NR	Romania	43975.0	48908.0	56093.0	60170.0	59029.0	65130.0	49351.0	57687.0	62828.0	59079.0	58064.0	61458.0	59256.0	62359.0	61688.0	58940.0
A	PER_PRSC	NAT	NR	Slovenia							11899.0	11660.0	10976.0	10703.0	8527.0	8303.0	8518.0	7263.0	6781.0	7146.0
A	PER_PRSC	NAT	NR	Slovakia			52498.0	50899.0	52865.0	52641.0	3201.0	1726.0	2085.0	38370.0	34379.0	32835.0	30722.0	28287.0	28622.0	27559.0
A	PER_PRSC	NAT	NR	Turkey		3030454.0	3185726.0	3207106.0	3380313.0	2514641.0	2535663.0	2547620.0	2330417.0	2575049.0	2976944.0	3564064.0	3078998.0	3544625.0	3797637.0	3765433.0
A	PER_PRSC	NAT	P_HTHAB	Albania							667.2	681.84			557.71					
A	PER_PRSC	NAT	P_HTHAB	Austria								1974.46								
A	PER_PRSC	NAT	P_HTHAB	Bosnia and Herzegovina	544.64	500.86	503.45	551.05	560.99											
A	PER_PRSC	NAT	P_HTHAB	Belgium	4280.29	4350.37	4292.35	4175.53	3780.54	3680.55	3683.31	3574.78	3422.79	3378.72	3406.33	3638.87	4248.54	4034.3	3693.7	3666.92
A	PER_PRSC	NAT	P_HTHAB	Czechia	1001.07	1019.11	908.66	921.68	922.08	944.4	923.84	810.04	742.52	668.34	660.6	662.05	581.3	557.74	583.65	575.72
A	PER_PRSC	NAT	P_HTHAB	Denmark	934.23	974.48	956.72	1138.86	1485.38	1242.52	1164.36	1432.39	1315.15	1251.0	1418.86	1400.45	1379.81	1219.46	1325.92	1271.59
A	PER_PRSC	NAT	P_HTHAB	Greece														55.03	47.34	73.09
A	PER_PRSC	NAT	P_HTHAB	Finland	4187.88	3599.43	3514.93	3424.7	3210.73	3056.42	2873.02	2964.68	2539.24	1352.03	1362.24	1357.65	1335.73	1357.86	1289.08	1301.75
A	PER_PRSC	NAT	P_HTHAB	France				884.32	874.73	862.3	849.93	157.18	868.97	858.31	866.8	856.8	739.63	785.66	777.44	791.35
A	PER_PRSC	NAT	P_HTHAB	Croatia							45.28	40.54	35.65	37.58	28.86	29.24	26.12	24.38	27.16	28.23
A	PER_PRSC	NAT	P_HTHAB	Hungary	891.17	893.06	967.4	851.39	745.8	771.82	779.1	726.41	699.87	668.72		1076.78	1079.63	1190.27	1153.23	1229.9
A	PER_PRSC	NAT	P_HTHAB	Iceland				553.93	726.9	780.16	671.54	627.77	596.34	527.27	547.28	578.17	543.21	448.22	396.28	287.29
A	PER_PRSC	NAT	P_HTHAB	Italy	709.06	2093.86	2072.87	2024.74	2049.01	2066.06	2111.08	2038.15	1957.81	1787.05	2336.27					
A	PER_PRSC	NAT	P_HTHAB	Liechtenstein								1016.97	917.02	968.0	1117.7		1099.44	1095.89	844.61	418.38
A	PER_PRSC	NAT	P_HTHAB	Lithuania	509.9	546.73	574.38	597.03	664.13	754.84	754.18	656.63	592.54	854.77	732.46	660.51	624.49	559.85	543.73	522.53
A	PER_PRSC	NAT	P_HTHAB	Luxembourg								1209.33	1025.42	805.53	570.43	596.36	543.04	550.16	569.57	600.32
A	PER_PRSC	NAT	P_HTHAB	Latvia					404.05	451.27	441.33	482.81	511.34	480.74	464.28	472.35	465.28	446.43	433.37	442.32
A	PER_PRSC	NAT	P_HTHAB	Montenegro	1209.18	1165.51	1066.72	987.34	951.3	968.6										
A	PER_PRSC	NAT	P_HTHAB	North Macedonia												603.77	682.19	613.25	692.39	642.2
A	PER_PRSC	NAT	P_HTHAB	Malta								431.59								
A	PER_PRSC	NAT	P_HTHAB	Norway	1236.9	1145.49	1140.13	1084.24	1035.35	1015.47	971.8	959.8	954.44	836.41	803.44	764.91	722.82	682.03	648.43	609.06
A	PER_PRSC	NAT	P_HTHAB	Portugal	1191.24	1046.84	1034.15	1003.83	1007.21	932.26	685.49	773.39	739.35	669.29	598.96	578.79	433.36	528.45	556.97	498.98
A	PER_PRSC	NAT	P_HTHAB	Romania	213.1	239.27	261.36	280.99	293.74	325.32	247.41	290.31	317.95	300.75	297.25	316.56	306.57	324.76	323.95	309.32
A	PER_PRSC	NAT	P_HTHAB	Slovenia							577.32	565.23	531.73	518.08	412.55	399.01	406.42	344.38	321.8	337.56
A	PER_PRSC	NAT	P_HTHAB	Slovakia			973.91	943.89	978.2	972.88	59.1	31.84	38.42	705.94	631.6	602.43	562.89	518.1	526.65	507.65
A	PER_PRSC	NAT	P_HTHAB	Turkey		4237.38	4390.39	4350.21	4523.72	3325.04	3307.33	3278.96	2959.6	3226.28	3683.86	4346.21	3702.72	4239.25	4484.68	4415.4
A	PER_PRSC	TOTAL	NR	Albania	11882.0	11389.0	10857.0	10882.0	11484.0	12043.0	19322.0	19721.0	17446.0	16356.0	16249.0	14723.0	13409.0	16196.0	16246.0	13963.0
A	PER_PRSC	TOTAL	NR	Austria	303762.0	285550.0	278848.0	283954.0	286507.0	286949.0	303654.0	303037.0	310090.0	313381.0	300664.0	332622.0	305834.0	301567.0	336157.0	364380.0
A	PER_PRSC	TOTAL	NR	Bosnia and Herzegovina	20950.0	19273.0	20010.0	22448.0	22677.0	20363.0	21064.0	20026.0	17223.0	15922.0	15038.0	13890.0	11452.0	13365.0	12532.0	12532.0
A	PER_PRSC	TOTAL	NR	Belgium	613091.0	635294.0	638423.0	637694.0	591321.0	581896.0	582356.0	557098.0	541718.0	537912.0	546725.0	584716.0	677467.0	633613.0	562478.0	567321.0
A	PER_PRSC	TOTAL	NR	Bulgaria	52149.0	52883.0	55210.0	57063.0	49484.0	47243.0	43077.0	38861.0	38469.0	37087.0	33318.0	31993.0	30861.0	31764.0	30915.0	30360.0
A	PER_PRSC	TOTAL	NR	Switzerland							108877.0	108456.0	107674.0	102579.0						
A	PER_PRSC	TOTAL	NR	Cyprus	103829.0	102179.0	117854.0	138744.0	129126.0	104344.0	125843.0	96039.0	82891.0	70960.0	60282.0	71190.0	53630.0	58704.0	64276.0	
A	PER_PRSC	TOTAL	NR	Czechia	110410.0	113215.0	101133.0	102767.0	103179.0	105678.0	103408.0	91472.0	84846.0	77220.0	76723.0	77321.0	67780.0	64381.0	68429.0	70441.0
A	PER_PRSC	TOTAL	NR	Germany	1087842.0	1056809.0	1018006.0	1003458.0	960225.0	935788.0	748782.0	739487.0	737873.0	716044.0						
A	PER_PRSC	TOTAL	NR	Denmark	58514.0	61948.0	61247.0	73097.0	96034.0	82145.0	78027.0	96239.0	89569.0	86656.0	99350.0	99262.0	97679.0	88113.0	96060.0	94074.0
A	PER_PRSC	TOTAL	NR	Estonia	13804.0	11920.0	11010.0	11213.0	10467.0	9542.0	8629.0	8047.0	8524.0	7241.0	6226.0	6053.0	5008.0	4636.0	3795.0	3278.0
A	PER_PRSC	TOTAL	NR	Greece														8566.0	7196.0	11320.0
A	PER_PRSC	TOTAL	NR	Spain							233875.0	236843.0	284454.0	298979.0						
A	PER_PRSC	TOTAL	NR	Finland	241948.0	210456.0	210036.0	207064.0	195272.0	186695.0	176748.0	185292.0	159319.0	85679.0	86331.0	86284.0	83632.0	84363.0	81094.0	82674.0
A	PER_PRSC	TOTAL	NR	France				689029.0	675702.0	669663.0	667382.0	666048.0	676408.0	674848.0	698863.0	695807.0	605013.0	653017.0	660480.0	668036.0
A	PER_PRSC	TOTAL	NR	Croatia	74640.0			70250.0	66068.0	58477.0	53088.0	59427.0	61726.0	59756.0	55266.0	53883.0	49351.0	48872.0	47100.0	46740.0
A	PER_PRSC	TOTAL	NR	Hungary	92706.0	92640.0	100082.0	88032.0	76765.0	79032.0	79835.0	75306.0	73915.0	68280.0		108483.0	111677.0	119159.0	116642.0	125111.0
A	PER_PRSC	TOTAL	NR	Ireland		90193.0	84139.0	76881.0	65161.0											
A	PER_PRSC	TOTAL	NR	Iceland	3224.0			1957.0	2611.0	2837.0	2489.0	2395.0	2333.0	2286.0	2419.0	2784.0	2643.0	2164.0	2012.0	1664.0
A	PER_PRSC	TOTAL	NR	Italy	563948.0	1577949.0	1561537.0	1543054.0	1567225.0	1578135.0	1648465.0	1610131.0	1546612.0	1424399.0	1861598.0					
A	PER_PRSC	TOTAL	NR	Liechtenstein	2089.0	2967.0	2864.0	1066.0	1086.0		1078.0	1008.0	964.0	1087.0	1051.0		1284.0	1215.0	1393.0	1134.0
A	PER_PRSC	TOTAL	NR	Lithuania	16630.0	17610.0	18275.0	18436.0	20283.0	22945.0	22742.0	19661.0	17612.0	24899.0	21128.0	19019.0	18023.0	16278.0	16143.0	15804.0
A	PER_PRSC	TOTAL	NR	Luxembourg									16232.0	14172.0	10443.0	10942.0	9468.0	9786.0	9746.0	10320.0
A	PER_PRSC	TOTAL	NR	Latvia	12685.0	12328.0	10937.0	12890.0	13563.0	12397.0	9164.0	10060.0	10613.0	9785.0	9375.0	9408.0	9233.0	8811.0	8548.0	8842.0
A	PER_PRSC	TOTAL	NR	Montenegro	8677.0	7126.0	5588.0	5684.0	5554.0	7745.0	7393.0	6953.0	7334.0	7837.0	8642.0	8658.0	10134.0	10039.0	9161.0	9227.0
A	PER_PRSC	TOTAL	NR	North Macedonia	26409.0	30404.0	30004.0	31284.0	31860.0	34436.0	37164.0			21460.0		12780.0	14314.0	12822.0	12902.0	12007.0
A	PER_PRSC	TOTAL	NR	Malta		1844.0		1577.0	1571.0	2903.0	2858.0	2697.0	1720.0	2311.0						
A	PER_PRSC	TOTAL	NR	Netherlands	252197.0	226509.0	208420.0	227953.0	222851.0	206328.0	208288.0	187950.0	186386.0	170789.0	166355.0	184416.0	168656.0	160641.0	179383.0	175654.0
A	PER_PRSC	TOTAL	NR	Norway	69958.0	66920.0	68185.0	66699.0	65654.0	66696.0	64977.0	64274.0	64500.0	57781.0	55414.0	53183.0	49948.0	46737.0	45053.0	43183.0
A	PER_PRSC	TOTAL	NR	Poland	555091.0	557119.0	549815.0	560949.0	533408.0	505927.0	361825.0	323612.0	389212.0	269512.0	269002.0	286620.0	260763.0	302338.0	241927.0	232739.0
A	PER_PRSC	TOTAL	NR	Portugal	141109.0	125260.0	124186.0	120604.0	120719.0	110682.0	80519.0	90477.0	86209.0	78158.0	69788.0	67461.0	51564.0	63669.0	67703.0	62131.0
A	PER_PRSC	TOTAL	NR	Romania	45073.0	49743.0	56949.0	60980.0	59739.0	65711.0	50342.0	58909.0	145851.0	132313.0	133354.0	133339.0	120231.0	125410.0	124858.0	123071.0
A	PER_PRSC	TOTAL	NR	Serbia	61740.0	63771.0	54908.0	54939.0	58955.0	58423.0	41011.0	123728.0	113191.0	105084.0	111546.0	104027.0	92072.0	90260.0	86788.0	85886.0
A	PER_PRSC	TOTAL	NR	Sweden	97464.0	100945.0	101438.0	98192.0	94198.0	87868.0	85238.0	84067.0	80325.0	82664.0	85145.0	86928.0	90784.0	87196.0	85990.0	88403.0
A	PER_PRSC	TOTAL	NR	Slovenia	15080.0	14511.0	14680.0	13867.0	13039.0	12815.0	12299.0	12093.0	11388.0	11065.0	8856.0	8886.0	8865.0	8119.0	7643.0	8006.0
A	PER_PRSC	TOTAL	NR	Slovakia	51029.0	53413.0	53557.0	52010.0	54100.0	53899.0	51733.0	45551.0	40679.0	39678.0	35748.0	34102.0	31866.0	29362.0	29913.0	29059.0
A	PER_PRSC	TOTAL	NR	Turkey		3154560.0	3287783.0	3317023.0	3474826.0	2556189.0	2590829.0	2614148.0	2387388.0	2649035.0	3077013.0	4409513.0	3860256.0	4567925.0	4866082.0	4808274.0
A	PER_PRSC	TOTAL	NR	England and Wales	1629113.0	1682888.0	1642548.0	1570312.0	1475470.0	1432318.0	1458921.0	1481472.0	1445304.0							
A	PER_PRSC	TOTAL	NR	Scotland	70136.0	66343.0	62999.0	62104.0	57010.0	55829.0	56714.0			95254.0						
A	PER_PRSC	TOTAL	NR	Northern Ireland			43725.0	38330.0	38422.0	48200.0	31480.0	29316.0	27649.0	28354.0	29308.0					
A	PER_PRSC	TOTAL	NR	Kosovo			29906.0	38323.0	36224.0	30869.0	18330.0	16907.0	18554.0	42469.0	38675.0	33124.0				
A	PER_PRSC	TOTAL	P_HTHAB	Albania	374.82	357.61		384.28			667.2	683.38	606.69	568.59	566.1	514.35	471.16	572.35	581.55	505.58
A	PER_PRSC	TOTAL	P_HTHAB	Austria	3656.26	3425.91	3338.84	3390.43	3407.5	3395.1	3569.13	3529.87	3564.06	3572.16	3408.01	3754.72	3435.93	3376.0	3743.84	4002.08
A	PER_PRSC	TOTAL	P_HTHAB	Bosnia and Herzegovina	545.03	501.38	520.55	584.1	590.66											
A	PER_PRSC	TOTAL	P_HTHAB	Belgium	5747.62	5908.02	5889.56	5796.88	5329.69	5213.35	5208.52	4957.59	4789.25	4738.59	4796.43	5104.23	5879.54	5483.56	4841.59	4831.23
A	PER_PRSC	TOTAL	P_HTHAB	Bulgaria	693.66	708.21	743.89	774.32	675.34	648.54	594.52	539.57	537.74	522.22	472.59	457.04	443.95	459.25	476.9	470.86
A	PER_PRSC	TOTAL	P_HTHAB	Switzerland							1337.62	1316.59	1293.05	1218.34						
A	PER_PRSC	TOTAL	P_HTHAB	Cyprus	13374.29	12821.58	14387.53	16522.04	14979.62	12050.66	14667.02	11338.62	9771.21	8301.34	6975.18	8127.65	6039.38	6551.73	7104.64	
A	PER_PRSC	TOTAL	P_HTHAB	Czechia	1067.44	1085.91	966.66	979.97	982.15	1004.91	983.67	868.0	803.93	729.95	723.12	726.03	633.82	613.45	650.67	650.57
A	PER_PRSC	TOTAL	P_HTHAB	Germany	1323.12	1288.75	1244.47	1250.85	1195.38	1162.13	927.08	910.73	897.92	867.7						
A	PER_PRSC	TOTAL	P_HTHAB	Denmark	1068.59	1123.99	1106.59	1314.55	1720.88	1466.19	1386.6	1700.42	1569.39	1507.38	1718.5	1709.62	1677.54	1508.77	1635.5	1585.7
A	PER_PRSC	TOTAL	P_HTHAB	Estonia	1031.35	892.39	825.78	843.3	789.83	722.78	655.79	612.0	647.75	550.38	471.98	456.89	376.83	348.55	284.95	239.99
A	PER_PRSC	TOTAL	P_HTHAB	Greece														80.22	68.8	108.7
A	PER_PRSC	TOTAL	P_HTHAB	Spain							502.83	509.89	612.52	642.58						
A	PER_PRSC	TOTAL	P_HTHAB	Finland	4564.64	3951.25	3924.86	3852.16	3615.3	3440.32	3242.33	3386.34	2903.41	1556.87	1565.92	1563.71	1513.62	1524.51	1461.62	1485.88
A	PER_PRSC	TOTAL	P_HTHAB	France				1060.39	1035.13	1020.82	1008.65	1002.21	1015.04	1010.1	1042.67	1035.77	896.67	964.17	969.99	978.42
A	PER_PRSC	TOTAL	P_HTHAB	Croatia	1731.0			1637.58	1545.09	1372.01	1250.07	1406.45	1472.94	1438.44	1346.15	1321.88	1216.09	1210.8	1219.48	1213.74
A	PER_PRSC	TOTAL	P_HTHAB	Hungary	922.87	923.54	999.39	881.58	772.91	797.59	808.26	764.1	751.9	696.91		1110.06	1152.57	1234.62	1213.71	1303.27
A	PER_PRSC	TOTAL	P_HTHAB	Ireland		1994.84	1849.44	1681.97	1421.89											
A	PER_PRSC	TOTAL	P_HTHAB	Iceland	1022.0			614.54	817.02	881.45	764.27	727.74	701.59	675.63	694.22	779.85	725.83	586.78	534.75	429.13
A	PER_PRSC	TOTAL	P_HTHAB	Italy	961.5	2674.46	2638.17	2599.28	2638.68	2644.1	2712.06	2648.43	2549.41	2350.9	3077.84					
A	PER_PRSC	TOTAL	P_HTHAB	Liechtenstein	5908.47	8336.85	7979.05	2948.91	2977.38		2903.39	2697.64	2562.33	2874.9	2757.52		3313.8	3111.0	3543.81	2858.08
A	PER_PRSC	TOTAL	P_HTHAB	Lithuania	517.65	553.1	581.64	603.95	675.28	772.06	772.62	673.03	609.72	874.29	752.18	680.66	641.39	579.13	575.3	553.11
A	PER_PRSC	TOTAL	P_HTHAB	Luxembourg									2816.84	2399.32	1734.7	1782.39	1512.2	1541.76	1510.08	1561.72
A	PER_PRSC	TOTAL	P_HTHAB	Latvia	578.75	569.99	515.77	621.32	663.29	612.55	457.86	506.52	539.02	501.77	484.65	490.01	483.99	465.4	455.71	469.57
A	PER_PRSC	TOTAL	P_HTHAB	Montenegro	1409.65	1154.65	902.74	917.0	895.36	1247.4	1189.5	1117.67	1178.69	1259.18	1388.59	1391.55	1629.59	1617.27	1483.12	1496.2
A	PER_PRSC	TOTAL	P_HTHAB	North Macedonia	1291.28	1484.12	1461.67	1520.65	1546.76	1669.79	1799.04			1034.86		615.27	689.41	619.78	702.3	656.14
A	PER_PRSC	TOTAL	P_HTHAB	Malta		448.74		380.01	376.25	688.95	665.54	613.39	381.87	502.07						
A	PER_PRSC	TOTAL	P_HTHAB	Netherlands	1537.28	1373.97	1257.44	1368.61	1332.02	1229.64	1237.65	1112.08	1097.74	999.85	968.25	1067.09	968.87	919.24	1019.76	986.19
A	PER_PRSC	TOTAL	P_HTHAB	Norway	1476.79	1394.38	1403.5	1355.59	1316.8	1320.38	1272.07	1244.05	1237.83	1098.85	1046.41	998.14	930.55	866.89	830.43	786.72
A	PER_PRSC	TOTAL	P_HTHAB	Poland	1456.33	1460.88	1446.01	1473.75	1401.35	1329.2	951.72	851.48	1025.13	709.75	708.33	754.8	686.98	798.99	655.81	633.24
A	PER_PRSC	TOTAL	P_HTHAB	Portugal	1337.1	1185.84	1174.5	1140.71	1145.08	1055.39	772.19	872.08	833.64	758.11	678.14	656.45	496.98	612.54	649.67	590.79
A	PER_PRSC	TOTAL	P_HTHAB	Romania	218.42	243.36	265.35	284.77	297.27	328.23	252.37	296.46	738.09	673.56	682.69	686.8	622.03	653.12	655.68	645.89
A	PER_PRSC	TOTAL	P_HTHAB	Serbia	838.23	869.41	751.48	757.62	816.93	813.52	573.84	1739.12	1599.56	1492.61	1593.19	1493.83	1329.23	1313.53	1276.84	1293.23
A	PER_PRSC	TOTAL	P_HTHAB	Sweden	1061.36	1090.55	1085.98	1042.87	993.35	919.52	883.77	862.46	815.4	827.04	841.33	849.72	879.04	840.1	822.69	840.21
A	PER_PRSC	TOTAL	P_HTHAB	Slovenia	750.15	714.0	717.16	676.38	634.35	622.44	596.72	586.22	551.69	535.6	428.47	427.03	422.98	384.97	362.71	378.18
A	PER_PRSC	TOTAL	P_HTHAB	Slovakia	949.19	992.36	993.56	964.5	1001.05	996.13	955.2	840.22	749.67	730.0	656.76	625.68	583.85	537.79	550.41	535.28
A	PER_PRSC	TOTAL	P_HTHAB	Turkey		4410.92	4531.04	4499.31	4650.2	3379.98	3379.29	3364.59	3031.95	3318.97	3807.69	5377.2	4642.24	5463.09	5746.42	5638.25
A	PER_PRSC	TOTAL	P_HTHAB	England and Wales	2982.89	3057.62	2961.43	2807.52	2617.47	2523.53	2551.61	2568.81	2485.59							
A	PER_PRSC	TOTAL	P_HTHAB	Scotland	1352.42	1271.69	1200.77	1176.08	1074.39	1049.39	1062.57			1759.17						
A	PER_PRSC	TOTAL	P_HTHAB	Northern Ireland			2430.49	2118.22	2112.33	2638.7	1715.26	1587.89	1488.87	1518.99	1562.3					
A	PER_PRSC	TOTAL	P_HTHAB	Kosovo			1354.37	2135.96					1047.3	2381.18	2150.4	1844.66				
A	PER_SUSP	FOR	NR	Albania								325.0	486.0	528.0	615.0	616.0	606.0	653.0	589.0	737.0
A	PER_SUSP	FOR	NR	Austria	65316.0	69791.0	69188.0	76764.0	80874.0	85376.0	89594.0	92804.0	105551.0	105812.0	115258.0	122067.0	109161.0	104070.0	128594.0	150481.0
A	PER_SUSP	FOR	NR	Bosnia and Herzegovina			3641.0			0.0		82.0	65.0		20.0	499.0	391.0	342.0	277.0	288.0
A	PER_SUSP	FOR	NR	Belgium	63397.0	66596.0	65993.0	70722.0	71801.0	72392.0	72651.0	59350.0	65392.0	68898.0	71527.0	73596.0	110359.0	85358.0	73400.0	75629.0
A	PER_SUSP	FOR	NR	Bulgaria	1384.0	1297.0	1741.0	1505.0	1943.0	2850.0	52536.0	3196.0	2273.0	1737.0	1514.0	1350.0	1407.0	2027.0	2394.0	2473.0
A	PER_SUSP	FOR	NR	Switzerland		65722.0	62759.0	63410.0	68838.0	70670.0	65844.0	67272.0	68615.0	66574.0	68278.0	68018.0	62204.0	62913.0	69581.0	77611.0
A	PER_SUSP	FOR	NR	Czechia	8572.0	8362.0	7377.0	7473.0	7513.0	7470.0	7382.0	7260.0	7552.0	7708.0	7817.0	8122.0	6367.0	6434.0	7897.0	9345.0
A	PER_SUSP	FOR	NR	Germany	454069.0	464480.0	457022.0	470968.0	490559.0	538449.0	617392.0	911864.0	953744.0	752310.0	708380.0	699261.0	663199.0	639127.0	783876.0	923269.0
A	PER_SUSP	FOR	NR	Denmark								13394.0	13106.0	12491.0	12378.0	12090.0	10521.0	10686.0	12290.0	11659.0
A	PER_SUSP	FOR	NR	Greece	64376.0	60531.0	53306.0	56633.0	37122.0	30722.0	34118.0	39667.0	33444.0	38786.0	46975.0	44230.0	35548.0	33526.0	38727.0	50239.0
A	PER_SUSP	FOR	NR	Spain	110840.0	122528.0	116277.0	130090.0	123993.0	116188.0	103781.0	104416.0	102888.0	104810.0	113340.0	123010.0	130620.0	144730.0	171761.0	196562.0
A	PER_SUSP	FOR	NR	Finland						19615.0	19482.0	19382.0	20095.0	20769.0	22817.0	21846.0	19482.0	15350.0	15503.0	17321.0
A	PER_SUSP	FOR	NR	France	241145.0	234235.0	226675.0	241305.0	227991.0	189635.0	178172.0	180875.0	177365.0	184522.0	299246.0	310574.0	291703.0	337350.0	360607.0	360027.0
A	PER_SUSP	FOR	NR	Croatia	3025.0	2862.0	2647.0	2719.0	2322.0	1000.0	969.0	1061.0	1199.0	1202.0	1772.0	1569.0	1570.0	2248.0	2107.0	3419.0
A	PER_SUSP	FOR	NR	Hungary	5305.0	5401.0	5739.0	6418.0	6149.0	5170.0	5267.0	5296.0	6842.0	4079.0	3080.0	4500.0	8146.0	5292.0	6922.0	8020.0
A	PER_SUSP	FOR	NR	Iceland							857.0	1027.0	1187.0	1590.0	1980.0	2200.0	1735.0	1745.0	1946.0	2397.0
A	PER_SUSP	FOR	NR	Italy	301960.0	276021.0	274364.0	283164.0	290903.0	306746.0	304870.0	302111.0	261242.0	262200.0	278353.0	264543.0	240663.0	264864.0	279010.0	268780.0
A	PER_SUSP	FOR	NR	Liechtenstein	893.0	996.0	907.0	942.0	397.0		1095.0	1109.0	1070.0			325.0	334.0	340.0	370.0	
A	PER_SUSP	FOR	NR	Lithuania	249.0	281.0	289.0	275.0	421.0	560.0	600.0	536.0	516.0	570.0	578.0	626.0	570.0	843.0	1241.0	1177.0
A	PER_SUSP	FOR	NR	Luxembourg	10879.0	13492.0	11607.0	14146.0	15615.0	16291.0	18074.0	17468.0	17296.0	15218.0	16400.0	18005.0	19656.0	20067.0	22650.0	
A	PER_SUSP	FOR	NR	Latvia	617.0	637.0	642.0	18.0	12.0	674.0	783.0	947.0	919.0	633.0	671.0	623.0	560.0	697.0	707.0	1008.0
A	PER_SUSP	FOR	NR	Montenegro	922.0	872.0	766.0	672.0	611.0	631.0	603.0	533.0	474.0	546.0	631.0	600.0	725.0	690.0	559.0	655.0
A	PER_SUSP	FOR	NR	Malta	400.0	430.0	509.0	632.0	731.0	775.0	903.0	919.0	1034.0	1160.0	1267.0	1120.0	1299.0	1362.0	1413.0	1700.0
A	PER_SUSP	FOR	NR	Netherlands							48478.0	45933.0	43003.0	38407.0						
A	PER_SUSP	FOR	NR	Norway	13505.0	14376.0	15231.0	15841.0	16864.0	18554.0	18848.0	18061.0	18030.0	17043.0	15942.0	15779.0	15331.0	13780.0	13334.0	13312.0
A	PER_SUSP	FOR	NR	Poland	2141.0	2034.0	2319.0	2242.0	2152.0											
A	PER_SUSP	FOR	NR	Romania	1000.0	860.0	707.0	671.0	615.0	526.0	439.0	625.0	611.0	510.0	509.0	556.0	333.0	372.0	523.0	827.0
A	PER_SUSP	FOR	NR	Serbia	1667.0	1619.0	1908.0	1687.0	1403.0	1269.0	1464.0	1452.0	1614.0	1867.0	2013.0	2062.0	1931.0	2530.0	2819.0	2521.0
A	PER_SUSP	FOR	NR	Slovenia	2391.0	2514.0	2861.0	2767.0	2832.0	3012.0	2967.0	2464.0	2421.0	2584.0	2842.0	3304.0	2921.0	2995.0	3004.0	3588.0
A	PER_SUSP	FOR	NR	Slovakia			1079.0	1152.0	1258.0	1132.0	1164.0	2184.0	1277.0	1427.0	1542.0	1525.0	1108.0	1217.0	1566.0	1685.0
A	PER_SUSP	FOR	NR	Turkey		7542.0	7917.0	10458.0	10277.0											
A	PER_SUSP	FOR	P_HTHAB	Albania								11.26	16.9	18.36	21.43	21.52	21.29	23.08	21.08	26.69
A	PER_SUSP	FOR	P_HTHAB	Austria	786.18	837.32	828.44	916.57	961.86	1010.14	1053.19	1082.1	1213.16	1206.13	1306.44	1377.92	1226.38	1165.05	1432.18	1652.77
A	PER_SUSP	FOR	P_HTHAB	Bosnia and Herzegovina			94.72													
A	PER_SUSP	FOR	P_HTHAB	Belgium	594.34	619.32	608.8	642.89	647.16	648.58	649.78	528.15	578.12	606.94	627.51	642.45	957.77	738.73	631.8	644.05
A	PER_SUSP	FOR	P_HTHAB	Bulgaria	18.41	17.37	23.46	20.42	26.52	39.12	725.07	44.38	31.77	24.46	21.48	19.29	20.24	29.31	36.93	38.35
A	PER_SUSP	FOR	P_HTHAB	Switzerland		853.33	806.07	805.7	865.38	879.08	808.93	816.64	823.99	790.71	804.77	796.04	722.8	725.62	796.23	880.4
A	PER_SUSP	FOR	P_HTHAB	Czechia	82.87	80.21	70.51	71.26	71.52	71.03	70.22	68.89	71.56	72.86	73.68	76.26	59.54	61.31	75.09	86.31
A	PER_SUSP	FOR	P_HTHAB	Germany	552.28	566.42	558.69	587.08	610.7	668.68	764.41	1123.02	1160.62	911.65	855.61	842.29	797.43	768.6	941.74	1110.79
A	PER_SUSP	FOR	P_HTHAB	Denmark								236.66	229.64	217.28	214.11	208.23	180.69	182.98	209.25	196.52
A	PER_SUSP	FOR	P_HTHAB	Greece	575.7	545.58	479.4	509.13	334.84	279.2	312.24	365.32	310.13	360.19	437.34	412.42	331.65	313.95	370.25	482.42
A	PER_SUSP	FOR	P_HTHAB	Spain	242.7	264.99	250.13	278.76	264.84	248.65	223.13	224.79	221.55	225.26	242.91	262.07	275.96	305.35	361.7	408.78
A	PER_SUSP	FOR	P_HTHAB	Finland						361.46	357.38	354.22	366.21	377.39	413.87	395.91	352.6	277.39	279.42	311.31
A	PER_SUSP	FOR	P_HTHAB	France	376.75	364.0	350.57	371.36	349.27	289.08	270.19	272.16	266.16	276.19	446.46	462.32	432.32	498.09	529.59	527.3
A	PER_SUSP	FOR	P_HTHAB	Croatia	70.15	66.41	61.52	63.38	54.3	23.46	22.82	25.11	28.61	28.93	43.16	38.49	38.69	55.69	54.55	88.78
A	PER_SUSP	FOR	P_HTHAB	Hungary	52.81	53.84	57.31	64.27	61.91	52.18	53.32	53.74	69.6	41.63	31.5	46.05	84.07	54.83	72.03	83.54
A	PER_SUSP	FOR	P_HTHAB	Iceland							263.15	312.06	356.96	469.93	568.23	616.26	476.47	473.17	517.21	618.17
A	PER_SUSP	FOR	P_HTHAB	Italy	514.83	467.83	463.53	476.99	489.78	513.94	501.57	496.93	430.63	432.75	460.21	442.26	403.52	447.13	472.66	455.58
A	PER_SUSP	FOR	P_HTHAB	Liechtenstein	2525.74	2798.62	2526.88	2605.88	1088.42		2949.18	2967.94	2844.08			846.84	862.0	870.57	941.28	
A	PER_SUSP	FOR	P_HTHAB	Lithuania	7.75	8.83	9.2	9.01	14.02	18.84	20.38	18.35	17.86	20.01	20.58	22.4	20.28	29.99	44.23	41.19
A	PER_SUSP	FOR	P_HTHAB	Luxembourg	2248.66	2733.94	2311.85	2763.75	2975.12	3033.49	3288.09	3102.9	3001.48	2576.41	2724.23	2932.92	3139.39	3161.5	3509.47	
A	PER_SUSP	FOR	P_HTHAB	Latvia	28.15	29.45	30.28	0.87	0.59	33.3	39.12	47.68	46.67	32.46	34.69	32.45	29.36	36.82	37.69	53.53
A	PER_SUSP	FOR	P_HTHAB	Montenegro	149.79	141.29	123.75	108.41	98.5	101.63	97.02	85.68	76.18	87.73	101.39	96.43	116.58	111.16	90.5	106.21
A	PER_SUSP	FOR	P_HTHAB	Malta	98.08	104.64	122.94	152.29	175.07	183.93	210.28	209.01	229.57	252.01	266.34	226.92	252.3	263.89	271.64	313.62
A	PER_SUSP	FOR	P_HTHAB	Netherlands							288.06	271.78	253.27	224.85						
A	PER_SUSP	FOR	P_HTHAB	Norway	285.09	299.55	313.51	321.95	338.24	367.31	368.99	349.58	346.02	324.12	301.04	296.14	285.62	255.59	245.78	242.52
A	PER_SUSP	FOR	P_HTHAB	Poland	5.62	5.33	6.1	5.89	5.65											
A	PER_SUSP	FOR	P_HTHAB	Romania	4.85	4.21	3.29	3.13	3.06	2.63	2.2	3.15	3.09	2.6	2.61	2.86	1.72	1.94	2.75	4.34
A	PER_SUSP	FOR	P_HTHAB	Serbia	22.63	22.07	26.11	23.26	19.44	17.67	20.48	20.41	22.81	26.52	28.75	29.61	27.88	36.82	41.47	37.96
A	PER_SUSP	FOR	P_HTHAB	Slovenia	118.94	123.7	139.77	134.96	137.78	146.3	143.95	119.45	117.29	125.08	137.5	158.78	139.37	142.01	142.56	169.49
A	PER_SUSP	FOR	P_HTHAB	Slovakia			20.02	21.36	23.28	20.92	21.49	40.29	23.53	26.25	28.33	27.98	20.3	22.29	28.81	31.04
A	PER_SUSP	FOR	P_HTHAB	Turkey		10.55	10.91	14.19	13.75											
A	PER_SUSP	NAT	NR	Albania								36787.0	34188.0	35523.0	39034.0	42429.0	40350.0	38675.0	37609.0	38752.0
A	PER_SUSP	NAT	NR	Austria	175238.0	176587.0	170766.0	182264.0	179049.0	174774.0	166221.0	157776.0	164609.0	164818.0	173156.0	182355.0	167183.0	162891.0	173909.0	179488.0
A	PER_SUSP	NAT	NR	Bosnia and Herzegovina			13338.0			519.0		275.0	292.0		562.0	11830.0	17856.0	18741.0	17899.0	18297.0
A	PER_SUSP	NAT	NR	Belgium	158135.0	162587.0	160099.0	160718.0	150961.0	147650.0	148574.0	110078.0	122484.0	124616.0	125730.0	128903.0	201931.0	151166.0	120991.0	116081.0
A	PER_SUSP	NAT	NR	Bulgaria	54120.0	54103.0	57465.0	49772.0	44128.0	41741.0	3337.0	50207.0	50781.0	48785.0	46935.0	44869.0	42947.0	42324.0	42852.0	43996.0
A	PER_SUSP	NAT	NR	Switzerland		67185.0	59108.0	56224.0	56559.0	56954.0	53030.0	54197.0	53042.0	53367.0	54075.0	54181.0	54311.0	52131.0	50419.0	49022.0
A	PER_SUSP	NAT	NR	Czechia	113481.0	114873.0	105100.0	107502.0	105513.0	110126.0	107010.0	94337.0	85541.0	79235.0	76799.0	77606.0	68635.0	62938.0	67259.0	69618.0
A	PER_SUSP	NAT	NR	Germany	1700236.0	1688580.0	1603821.0	1556275.0	1528110.0	1555711.0	1532112.0	1457172.0	1407062.0	1380566.0	1342886.0	1319950.0	1306418.0	1252876.0	1309906.0	1323498.0
A	PER_SUSP	NAT	NR	Denmark								21766.0	21720.0	21117.0	21664.0	23990.0	25203.0	24869.0	24825.0	22688.0
A	PER_SUSP	NAT	NR	Greece	151865.0	136163.0	118100.0	74290.0	83404.0	68049.0	66151.0	70658.0	78090.0	76657.0	77282.0	78075.0	77591.0	84039.0	106043.0	112953.0
A	PER_SUSP	NAT	NR	Spain	195269.0	211517.0	206607.0	247690.0	245610.0	251988.0	246143.0	273278.0	262184.0	267950.0	275809.0	283128.0	283190.0	306924.0	334801.0	358424.0
A	PER_SUSP	NAT	NR	Finland						405266.0	379471.0	379095.0	381857.0	393722.0	422277.0	395504.0	273648.0	135802.0	130039.0	133085.0
A	PER_SUSP	NAT	NR	France	931248.0	940602.0	919640.0	931242.0	924168.0	916387.0	933710.0	973606.0	951647.0	958877.0	1412283.0	1410257.0	1303236.0	1434097.0	1442241.0	1534947.0
A	PER_SUSP	NAT	NR	Croatia	28715.0	29569.0	28605.0	28210.0	25131.0	21350.0	19050.0	18722.0	17749.0	16671.0	15627.0	17106.0	17396.0	18408.0	18797.0	19681.0
A	PER_SUSP	NAT	NR	Hungary	151045.0	138459.0	158121.0	150318.0	141410.0	139936.0	114279.0	99848.0	90309.0	87348.0	54863.0	131339.0	130473.0	141112.0	136902.0	145043.0
A	PER_SUSP	NAT	NR	Iceland							4788.0	4352.0	4141.0	4251.0	4338.0	4227.0	3972.0	4129.0	3875.0	3913.0
A	PER_SUSP	NAT	NR	Italy	587833.0	593109.0	593478.0	617706.0	642992.0	671336.0	675975.0	659838.0	632447.0	616432.0	590951.0	590114.0	560709.0	565938.0	539609.0	527864.0
A	PER_SUSP	NAT	NR	Liechtenstein	499.0	544.0	142.0	437.0	187.0		606.0	598.0	577.0			164.0	192.0	156.0	174.0	
A	PER_SUSP	NAT	NR	Lithuania	22867.0	23716.0	24096.0	23965.0	28615.0	30162.0	30052.0	26289.0	20578.0	27168.0	23497.0	22818.0	24313.0	21223.0	21114.0	20680.0
A	PER_SUSP	NAT	NR	Luxembourg	6942.0	7983.0	8593.0	9370.0	9806.0	10584.0	11376.0	10968.0	10481.0	8693.0	9357.0	11031.0	11934.0	12286.0	12010.0	
A	PER_SUSP	NAT	NR	Latvia	25829.0	26542.0	24972.0	24511.0	24576.0	21459.0	21178.0	22288.0	14078.0	13692.0	12713.0	12697.0	12144.0	11634.0	11526.0	11514.0
A	PER_SUSP	NAT	NR	Montenegro	5852.0	5765.0	5067.0	4395.0	3751.0	4159.0	3682.0	3319.0	3132.0	3045.0	3794.0	3268.0	5916.0	4929.0	3556.0	3688.0
A	PER_SUSP	NAT	NR	Malta	3144.0	3239.0	3993.0	4443.0	4440.0	4565.0	4386.0	4518.0	4350.0	4312.0	4524.0	4131.0	4042.0	4648.0	4508.0	4910.0
A	PER_SUSP	NAT	NR	Netherlands							168627.0	156482.0	145691.0	130269.0						
A	PER_SUSP	NAT	NR	Norway	72301.0	68369.0	68309.0	65863.0	64005.0	63691.0	62281.0	62210.0	61908.0	56735.0	54525.0	53536.0	54526.0	51145.0	48188.0	47412.0
A	PER_SUSP	NAT	NR	Poland	514485.0	519665.0	513835.0	519700.0	498387.0											
A	PER_SUSP	NAT	NR	Romania	229419.0	234751.0	242328.0	212204.0	237819.0	239110.0	208583.0	183901.0	193179.0	189010.0	195300.0	198594.0	170175.0	194630.0	203950.0	207394.0
A	PER_SUSP	NAT	NR	Serbia	55299.0	53964.0	53356.0	50601.0	48735.0	46508.0	47142.0	47941.0	47636.0	48691.0	48309.0	48627.0	45002.0	44073.0	43010.0	42506.0
A	PER_SUSP	NAT	NR	Slovenia	15114.0	16871.0	17438.0	16563.0	15831.0	15440.0	15392.0	13572.0	13282.0	12877.0	12839.0	12882.0	12706.0	11273.0	12364.0	12368.0
A	PER_SUSP	NAT	NR	Slovakia							49885.0	44245.0	42149.0	41188.0	39884.0	38814.0	35216.0	32945.0	33324.0	32525.0
A	PER_SUSP	NAT	NR	Turkey		1262447.0	1394451.0	1490772.0	1668260.0											
A	PER_SUSP	NAT	P_HTHAB	Albania								1274.76	1188.9	1234.9	1359.92	1482.27	1417.8	1366.73	1346.26	1403.15
A	PER_SUSP	NAT	P_HTHAB	Austria	2109.27	2118.62	2044.7	2176.24	2129.48	2067.88	1953.96	1839.68	1891.96	1878.72	1962.72	2058.47	1878.24	1823.54	1936.86	1971.36
A	PER_SUSP	NAT	P_HTHAB	Bosnia and Herzegovina			346.98													
A	PER_SUSP	NAT	P_HTHAB	Belgium	1482.49	1512.0	1476.94	1460.99	1360.64	1322.83	1328.83	979.58	1082.86	1097.77	1103.03	1125.25	1752.5	1308.26	1041.44	988.53
A	PER_SUSP	NAT	P_HTHAB	Bulgaria	719.87	724.55	774.28	675.38	602.25	573.01	46.06	697.11	709.85	686.93	665.74	640.98	617.81	611.92	661.04	682.35
A	PER_SUSP	NAT	P_HTHAB	Switzerland		872.32	759.18	714.4	711.02	708.47	651.5	657.92	636.98	633.85	637.37	634.1	631.08	601.26	576.96	556.1
A	PER_SUSP	NAT	P_HTHAB	Czechia	1097.13	1101.82	1004.58	1025.12	1004.36	1047.21	1017.94	895.18	810.52	749.0	723.83	728.71	641.81	599.7	639.54	642.97
A	PER_SUSP	NAT	P_HTHAB	Germany	2067.96	2059.18	1960.61	1939.96	1902.34	1931.99	1896.94	1794.6	1712.26	1672.97	1621.99	1589.93	1570.84	1506.67	1573.7	1592.3
A	PER_SUSP	NAT	P_HTHAB	Denmark								384.58	380.57	367.33	374.73	413.19	432.84	425.84	422.67	382.43
A	PER_SUSP	NAT	P_HTHAB	Greece	1358.09	1227.27	1062.12	667.87	752.31	618.42	605.4	650.74	724.15	711.88	719.49	728.0	723.89	786.98	1013.82	1084.63
A	PER_SUSP	NAT	P_HTHAB	Spain	427.58	457.44	444.44	530.76	524.6	539.27	529.2	588.33	564.56	575.89	591.12	603.21	598.3	647.54	705.04	745.39
A	PER_SUSP	NAT	P_HTHAB	Finland						7468.04	6961.15	6928.22	6958.91	7154.29	7659.48	7167.63	4952.64	2454.05	2343.79	2391.91
A	PER_SUSP	NAT	P_HTHAB	France	1454.91	1461.69	1422.3	1433.15	1415.76	1396.92	1415.95	1464.99	1428.08	1435.23	2107.06	2099.3	1931.47	2117.42	2118.09	2248.11
A	PER_SUSP	NAT	P_HTHAB	Croatia	665.94	686.09	664.79	657.6	587.72	500.92	448.57	443.09	423.54	401.3	380.64	419.65	428.67	456.06	486.68	511.08
A	PER_SUSP	NAT	P_HTHAB	Hungary	1503.62	1380.31	1578.95	1505.33	1423.79	1412.24	1156.98	1013.11	918.66	891.53	561.06	1343.93	1346.56	1462.08	1424.52	1510.9
A	PER_SUSP	NAT	P_HTHAB	Iceland							1470.2	1322.39	1245.3	1256.4	1244.94	1184.06	1090.81	1119.6	1029.91	1009.13
A	PER_SUSP	NAT	P_HTHAB	Italy	1002.22	1005.26	1002.66	1040.53	1082.58	1124.79	1112.12	1085.34	1042.51	1017.39	977.04	986.54	940.13	955.39	914.12	894.73
A	PER_SUSP	NAT	P_HTHAB	Liechtenstein	1411.36	1528.56	395.61	1208.89	512.68		1632.15	1600.39	1533.68			427.33	495.52	399.44	442.66	
A	PER_SUSP	NAT	P_HTHAB	Lithuania	711.79	744.88	766.91	785.07	952.68	1014.9	1020.97	899.92	712.4	953.96	836.52	816.62	865.24	755.06	752.46	723.77
A	PER_SUSP	NAT	P_HTHAB	Luxembourg	1434.89	1617.63	1711.53	1830.65	1868.33	1970.81	2069.57	1948.28	1818.83	1471.73	1554.31	1796.89	1906.06	1935.63	1860.87	
A	PER_SUSP	NAT	P_HTHAB	Latvia	1178.43	1227.19	1177.64	1181.48	1201.87	1060.32	1058.12	1122.2	715.0	702.11	657.21	661.31	636.59	614.51	614.47	611.47
A	PER_SUSP	NAT	P_HTHAB	Montenegro	950.71	934.12	818.58	709.04	604.7	669.84	592.42	533.52	503.36	489.25	609.62	525.25	951.32	794.05	575.7	598.03
A	PER_SUSP	NAT	P_HTHAB	Malta	770.91	788.22	964.43	1070.63	1063.36	1083.39	1021.37	1027.54	965.78	936.79	951.02	836.98	785.08	900.56	866.63	905.82
A	PER_SUSP	NAT	P_HTHAB	Netherlands							1001.99	925.89	858.06	762.63						
A	PER_SUSP	NAT	P_HTHAB	Norway	1526.25	1424.58	1406.06	1338.6	1283.73	1260.89	1219.29	1204.1	1188.09	1078.96	1029.62	1004.76	1015.84	948.65	888.21	863.77
A	PER_SUSP	NAT	P_HTHAB	Poland	1349.8	1362.67	1351.38	1365.38	1309.35											
A	PER_SUSP	NAT	P_HTHAB	Romania	1111.77	1148.47	1129.09	990.97	1183.41	1194.35	1045.67	925.49	977.61	962.18	999.82	1022.92	880.42	1013.61	1071.03	1088.42
A	PER_SUSP	NAT	P_HTHAB	Serbia	750.78	735.71	730.24	697.8	675.31	647.61	659.63	673.86	673.17	691.61	689.99	698.29	649.69	641.38	632.77	640.04
A	PER_SUSP	NAT	P_HTHAB	Slovenia	751.84	830.12	851.89	807.88	770.18	749.94	746.79	657.92	643.45	623.31	621.18	619.06	606.24	534.52	586.76	584.23
A	PER_SUSP	NAT	P_HTHAB	Slovakia							921.08	816.13	776.76	757.78	732.74	712.13	645.23	603.41	613.17	599.12
A	PER_SUSP	NAT	P_HTHAB	Turkey		1765.24	1921.76	2022.13	2232.55											
A	PER_SUSP	TOTAL	NR	Albania	13085.0	11989.0	15107.0	17773.0	21028.0	21843.0	29593.0	37112.0	34674.0	36051.0	39649.0	43045.0	40956.0	39328.0	38198.0	39489.0
A	PER_SUSP	TOTAL	NR	Austria	240554.0	246378.0	239954.0	259028.0	259923.0	260150.0	255815.0	250580.0	270160.0	270630.0	288414.0	304422.0	276344.0	266961.0	302503.0	329969.0
A	PER_SUSP	TOTAL	NR	Bosnia and Herzegovina	12065.0	25395.0	27407.0	29113.0	29253.0	27505.0	25856.0	22186.0	21589.0		19216.0	18575.0	18247.0	19083.0	18176.0	18303.0
A	PER_SUSP	TOTAL	NR	Belgium	264433.0	278531.0	275665.0	284684.0	274645.0	271918.0	261631.0	170515.0	189420.0	195083.0	199089.0	204636.0	315387.0	240384.0	196595.0	193602.0
A	PER_SUSP	TOTAL	NR	Bulgaria	55504.0	55400.0	59206.0	51277.0	46071.0	44591.0	55873.0	53403.0	53054.0	50522.0	48449.0	46219.0	44354.0	44351.0	45246.0	46469.0
A	PER_SUSP	TOTAL	NR	Switzerland		132907.0	121867.0	119634.0	125109.0	127624.0	118874.0	121469.0	121657.0	119941.0	122353.0	122199.0	116515.0	115044.0	120000.0	126633.0
A	PER_SUSP	TOTAL	NR	Cyprus	9840.0	9316.0	9685.0	6243.0	6385.0	5956.0	5605.0	5218.0	4474.0	4642.0	4347.0	4358.0	3813.0	4239.0	5349.0	5561.0
A	PER_SUSP	TOTAL	NR	Czechia	122053.0	123235.0	112477.0	114975.0	113026.0	117596.0	114392.0	101597.0	93093.0	86787.0	84990.0	86209.0	75405.0	69749.0	75474.0	79356.0
A	PER_SUSP	TOTAL	NR	Germany	2255693.0	2250339.0	2152803.0	2112843.0	2094118.0	2094160.0	2149504.0	2369036.0	2360806.0	2132876.0	2051266.0	2019211.0	1969617.0	1892003.0	2093782.0	2246767.0
A	PER_SUSP	TOTAL	NR	Denmark								35160.0	34826.0	33608.0	34042.0	36080.0	35724.0	35555.0	37115.0	34347.0
A	PER_SUSP	TOTAL	NR	Estonia	18249.0	15620.0	16924.0	19744.0												
A	PER_SUSP	TOTAL	NR	Greece	216241.0	196694.0	171406.0	130923.0	120526.0	98771.0	100269.0	110325.0	111534.0	115443.0	124257.0	122305.0	113139.0	117565.0	144770.0	163192.0
A	PER_SUSP	TOTAL	NR	Spain	350801.0	334045.0	322884.0	377965.0	369612.0	374807.0	349924.0	377694.0	365072.0	372760.0	389149.0	406138.0	413810.0	451654.0	506562.0	554986.0
A	PER_SUSP	TOTAL	NR	Finland	401971.0	446701.0	462985.0	467458.0	416883.0	424881.0	398953.0	398477.0	401952.0	414491.0	445114.0	417374.0	293152.0	151164.0	145554.0	150421.0
A	PER_SUSP	TOTAL	NR	France	1172393.0	1174837.0	1146315.0	1172547.0	1152159.0	1106022.0	1111882.0	1154490.0	1129039.0	1143435.0	1711529.0	1720831.0	1594939.0	1771447.0	1802848.0	1894974.0
A	PER_SUSP	TOTAL	NR	Croatia	31740.0	32431.0	31252.0	30929.0	27453.0	22350.0	20019.0	19783.0	18728.0	17873.0	17399.0	18675.0	18966.0	20656.0	20904.0	23100.0
A	PER_SUSP	TOTAL	NR	Hungary	156350.0	143860.0	163860.0	156736.0	147559.0	145106.0	119546.0	105144.0	97151.0	91427.0	57943.0	135839.0	138619.0	146404.0	143824.0	153063.0
A	PER_SUSP	TOTAL	NR	Ireland												122941.0	111268.0	99082.0	104538.0	107884.0
A	PER_SUSP	TOTAL	NR	Iceland		4614.0		3895.0	3711.0		5685.0	5401.0	5481.0	6112.0	6596.0	6421.0	5708.0	5874.0	5821.0	6313.0
A	PER_SUSP	TOTAL	NR	Italy	889793.0	869132.0	867842.0	900870.0	933895.0	978082.0	980845.0	961949.0	893689.0	878632.0	869304.0	854657.0	801372.0	830802.0	818619.0	796644.0
A	PER_SUSP	TOTAL	NR	Liechtenstein	1392.0	1496.0	1049.0	1379.0	584.0		1701.0	1707.0	1647.0			523.0	602.0	496.0	544.0	
A	PER_SUSP	TOTAL	NR	Lithuania	20904.0	21327.0	21736.0	21600.0	26446.0	30722.0	30652.0	26825.0	21094.0	27738.0	24075.0	23444.0	24883.0	22066.0	22355.0	21857.0
A	PER_SUSP	TOTAL	NR	Luxembourg	18162.0	22457.0	20579.0	23945.0	25952.0	27315.0	29450.0	28436.0	27777.0	23911.0	25757.0	29036.0	31590.0	32353.0	34660.0	
A	PER_SUSP	TOTAL	NR	Latvia	26446.0	23810.0	25614.0	24529.0	24589.0	22133.0	21961.0	23235.0	14997.0	14325.0	13384.0	13320.0	12704.0	12356.0	12274.0	12544.0
A	PER_SUSP	TOTAL	NR	Montenegro	6774.0	6637.0	5833.0	5067.0	4362.0	4790.0	4285.0	3852.0	3606.0	3591.0	4425.0	3868.0	6641.0	5619.0	4115.0	4343.0
A	PER_SUSP	TOTAL	NR	North Macedonia	22690.0	21226.0	21093.0	20429.0	17577.0	18311.0	17182.0	15920.0	15913.0	14752.0						
A	PER_SUSP	TOTAL	NR	Malta	3544.0	3669.0	4502.0	5075.0	5171.0	5340.0	5289.0	5437.0	5384.0	5472.0	5791.0	5251.0	5341.0	6010.0	5921.0	6610.0
A	PER_SUSP	TOTAL	NR	Netherlands	470955.0	423420.0	386430.0	376685.0	364070.0	342535.0	217105.0	200400.0	186910.0	172550.0	165960.0	167850.0	152810.0	142040.0	155810.0	150450.0
A	PER_SUSP	TOTAL	NR	Norway	85875.0	82809.0	83635.0	81787.0	80958.0	82312.0	81198.0	80340.0	80001.0	73814.0	70497.0	69345.0	69886.0	64938.0	61549.0	60751.0
A	PER_SUSP	TOTAL	NR	Poland	516626.0	521699.0	516154.0	521942.0	500539.0	430101.0	363616.0	319399.0	312423.0	309015.0	336886.0	338584.0	310684.0	322200.0	317079.0	305577.0
A	PER_SUSP	TOTAL	NR	Portugal	224383.0	240166.0	208934.0	206492.0	205826.0	194385.0	180205.0	183952.0	173696.0	180676.0	174822.0	152788.0	132443.0	138890.0	159486.0	175486.0
A	PER_SUSP	TOTAL	NR	Romania	230419.0	235611.0	243035.0	212875.0	238434.0	239636.0	209022.0	184526.0	193790.0	189520.0	195809.0	199150.0	170508.0	195002.0	204473.0	208221.0
A	PER_SUSP	TOTAL	NR	Serbia	56966.0	55583.0	55264.0	52288.0	50138.0	52017.0	48606.0	49393.0	49242.0	50528.0	50322.0	50689.0	46933.0	46603.0	45829.0	45027.0
A	PER_SUSP	TOTAL	NR	Sweden	184251.0	193905.0	196046.0	191561.0	186857.0	176062.0	172431.0	172681.0	170971.0	176993.0	180770.0	189190.0	199930.0	192092.0	189678.0	194503.0
A	PER_SUSP	TOTAL	NR	Slovenia	17471.0	19286.0	20134.0	19177.0	18508.0	18373.0	18270.0	16041.0	15651.0	15415.0	15676.0	16161.0	15611.0	14256.0	15365.0	15948.0
A	PER_SUSP	TOTAL	NR	Slovakia	52573.0	54887.0	52050.0	53023.0	53507.0	53853.0	51049.0	46429.0	43426.0	42911.0	41426.0	40339.0	36324.0	34162.0	34890.0	34210.0
A	PER_SUSP	TOTAL	NR	Turkey		1269989.0	1402368.0	1501230.0	1678537.0											
A	PER_SUSP	TOTAL	NR	Scotland	228171.0	206537.0	196095.0	204239.0	192785.0											
A	PER_SUSP	TOTAL	NR	Northern Ireland	81185.0															
A	PER_SUSP	TOTAL	NR	Kosovo										35300.0	34450.0	33411.0	30614.0			
A	PER_SUSP	TOTAL	P_HTHAB	Albania	412.77	376.45		627.63			1021.87	1286.02	1205.8	1253.25	1381.34	1503.79	1439.1	1389.81	1367.34	1429.84
A	PER_SUSP	TOTAL	P_HTHAB	Austria	2895.45	2955.94	2873.14	3092.81	3091.33	3078.02	3007.15	2921.79	3105.12	3084.85	3269.16	3436.39	3104.62	2988.59	3369.03	3624.13
A	PER_SUSP	TOTAL	P_HTHAB	Bosnia and Herzegovina	313.88	660.64	712.97	757.52	761.94											
A	PER_SUSP	TOTAL	P_HTHAB	Belgium	2479.01	2590.24	2543.06	2587.89	2475.43	2436.18	2339.99	1517.41	1674.64	1718.53	1746.61	1786.35	2737.15	2080.39	1692.21	1648.69
A	PER_SUSP	TOTAL	P_HTHAB	Bulgaria	738.28	741.92	797.73	695.81	628.76	612.13	771.12	741.48	741.62	711.39	687.22	660.27	638.05	641.23	697.97	720.71
A	PER_SUSP	TOTAL	P_HTHAB	Switzerland		1725.65	1565.25	1520.1	1572.78	1587.55	1460.43	1474.56	1460.97	1424.55	1442.14	1430.14	1353.88	1326.87	1373.19	1436.5
A	PER_SUSP	TOTAL	P_HTHAB	Cyprus	1267.5	1168.99	1182.34	743.43	740.71	687.86	653.26	616.05	527.4	543.05	502.99	497.55	429.39	473.1	591.24	585.93
A	PER_SUSP	TOTAL	P_HTHAB	Czechia	1180.01	1182.02	1075.09	1096.39	1075.88	1118.24	1088.16	964.08	882.08	820.38	801.03	809.49	705.12	664.6	717.66	732.91
A	PER_SUSP	TOTAL	P_HTHAB	Germany	2743.56	2744.24	2631.72	2633.74	2606.96	2600.67	2661.35	2917.62	2872.88	2584.63	2477.6	2432.22	2368.28	2275.27	2515.44	2703.09
A	PER_SUSP	TOTAL	P_HTHAB	Denmark								621.23	610.21	584.61	588.84	621.42	613.52	608.81	631.91	578.95
A	PER_SUSP	TOTAL	P_HTHAB	Estonia	1363.45	1169.39	1269.34	1484.89												
A	PER_SUSP	TOTAL	P_HTHAB	Greece	1933.79	1772.86	1541.52	1177.01	1087.15	897.62	917.64	1016.07	1034.28	1072.07	1156.83	1140.42	1055.54	1100.94	1384.06	1567.05
A	PER_SUSP	TOTAL	P_HTHAB	Spain	768.14	722.43	694.57	809.92	789.46	802.11	752.33	813.13	786.11	801.15	834.04	865.28	874.26	952.88	1066.74	1154.17
A	PER_SUSP	TOTAL	P_HTHAB	Finland	7583.67	8386.68	8651.62	8696.45	7718.24	7829.49	7318.53	7282.44	7325.12	7531.69	8073.71	7563.97	5305.64	2731.65	2623.43	2703.48
A	PER_SUSP	TOTAL	P_HTHAB	France	1831.66	1825.69	1772.87	1804.51	1765.03	1686.0	1686.15	1737.17	1694.28	1711.48	2553.52	2561.61	2363.8	2615.51	2647.68	2775.41
A	PER_SUSP	TOTAL	P_HTHAB	Croatia	736.09	752.5	726.31	720.98	642.03	524.38	471.39	468.2	446.9	430.24	423.8	458.14	467.35	511.75	541.23	599.86
A	PER_SUSP	TOTAL	P_HTHAB	Hungary	1556.43	1434.16	1636.26	1569.6	1485.7	1464.42	1210.3	1066.85	988.26	933.16	592.56	1389.98	1430.63	1516.91	1496.54	1594.45
A	PER_SUSP	TOTAL	P_HTHAB	Ireland												2506.83	2219.77	1955.48	2028.18	2046.59
A	PER_SUSP	TOTAL	P_HTHAB	Iceland		1444.73		1223.1	1161.23		1745.63	1641.14	1648.28	1806.42	1892.95	1798.64	1567.55	1592.77	1547.12	1628.08
A	PER_SUSP	TOTAL	P_HTHAB	Italy	1517.05	1473.09	1466.19	1517.52	1572.37	1638.73	1613.69	1582.27	1473.14	1450.14	1437.25	1428.79	1343.65	1402.52	1386.78	1350.31
A	PER_SUSP	TOTAL	P_HTHAB	Liechtenstein	3937.1	4203.55	2922.49	3814.77	1601.1		4581.32	4568.32	4377.76			1362.76	1553.67	1270.0	1383.94	
A	PER_SUSP	TOTAL	P_HTHAB	Lithuania	650.69	669.85	691.79	707.6	880.46	1033.75	1041.36	918.27	730.26	973.98	857.1	839.03	885.52	785.05	796.69	764.96
A	PER_SUSP	TOTAL	P_HTHAB	Luxembourg	3754.04	4550.56	4098.86	4678.22	4944.62	5086.22	5357.66	5051.18	4820.31	4048.14	4278.54	4729.81	5045.46	5097.13	5370.34	
A	PER_SUSP	TOTAL	P_HTHAB	Latvia	1206.58	1100.87	1207.92	1182.35	1202.51	1093.62	1097.24	1169.88	761.67	734.57	691.9	693.76	665.94	652.64	654.35	666.17
A	PER_SUSP	TOTAL	P_HTHAB	Montenegro	1100.49	1075.42	942.32	817.46	703.2	771.47	689.44	619.19	579.54	576.97	711.0	621.68	1067.9	905.21	666.2	704.24
A	PER_SUSP	TOTAL	P_HTHAB	North Macedonia	1109.44	1036.11	1027.56	993.01	853.34	887.89	831.75	769.39	768.27	711.38						
A	PER_SUSP	TOTAL	P_HTHAB	Malta	868.99	892.86	1087.37	1222.92	1238.43	1267.31	1231.65	1236.55	1195.34	1188.8	1217.36	1063.91	1037.38	1164.45	1138.27	1219.44
A	PER_SUSP	TOTAL	P_HTHAB	Netherlands	2870.73	2568.39	2331.4	2261.58	2176.11	2041.38	1290.04	1185.75	1100.82	1010.16	965.95	971.23	877.84	812.8	885.75	844.69
A	PER_SUSP	TOTAL	P_HTHAB	Norway	1812.79	1725.45	1721.52	1662.23	1623.75	1629.53	1589.63	1555.02	1535.32	1403.76	1331.23	1301.47	1302.0	1204.48	1134.49	1106.78
A	PER_SUSP	TOTAL	P_HTHAB	Poland	1355.42	1368.0	1357.48	1371.27	1315.0	1129.99	956.43	840.4	822.88	813.78	887.09	891.65	818.49	851.48	859.53	831.42
A	PER_SUSP	TOTAL	P_HTHAB	Portugal	2126.18	2273.65	1976.02	1953.06	1952.36	1853.53	1728.2	1773.06	1679.63	1752.51	1698.78	1486.75	1276.51	1336.21	1530.41	1668.65
A	PER_SUSP	TOTAL	P_HTHAB	Romania	1116.62	1152.68	1132.39	994.1	1186.48	1196.98	1047.87	928.64	980.7	964.78	1002.43	1025.78	882.14	1015.55	1073.77	1092.76
A	PER_SUSP	TOTAL	P_HTHAB	Serbia	773.42	757.78	756.35	721.06	694.75	724.32	680.11	694.27	695.87	717.7	718.74	727.9	677.57	678.2	674.24	678.0
A	PER_SUSP	TOTAL	P_HTHAB	Sweden	2006.45	2094.83	2098.84	2034.51	1970.47	1842.44	1787.8	1771.57	1735.57	1770.79	1786.22	1849.33	1935.88	1850.72	1814.7	1848.61
A	PER_SUSP	TOTAL	P_HTHAB	Slovenia	869.09	948.95	983.6	935.38	900.42	892.4	886.43	777.6	758.22	746.17	758.44	776.63	744.85	675.97	729.17	753.34
A	PER_SUSP	TOTAL	P_HTHAB	Slovakia	977.91	1019.75	965.6	983.28	990.08	995.28	942.57	856.41	800.29	789.48	761.07	740.11	665.53	625.7	641.98	630.16
A	PER_SUSP	TOTAL	P_HTHAB	Turkey		1775.78	1932.67	2036.31	2246.31											
A	PER_SUSP	TOTAL	P_HTHAB	Scotland	4399.77	3958.98	3737.59	3867.74	3633.16											
A	PER_SUSP	TOTAL	P_HTHAB	Northern Ireland	4585.78															
A	PER_SUSP	TOTAL	P_HTHAB	Kosovo										1979.22	1915.48	1860.65	1717.85			
