freq	leg_stat	sex	unit	geo	2008 	2009 	2010 	2011 	2012 	2013 	2014 	2015 	2016 	2017 	2018 	2019 	2020 	2021 	2022 	2023 
A	PER_CNV	F	NR	Albania	569.0	527.0	565.0	511.0	373.0	338.0	401.0	881.0	976.0	1033.0	841.0	735.0	525.0	702.0	570.0	461.0
A	PER_CNV	F	NR	Austria	5406.0	5337.0	5561.0	5426.0	5195.0	5158.0	4947.0	4555.0	4340.0	4368.0	4114.0	4103.0	3620.0	3631.0	3707.0	3926.0
A	PER_CNV	F	NR	Bosnia and Herzegovina				1234.0	1182.0	1698.0	1746.0	1510.0	1274.0	1173.0	1129.0	1166.0	822.0	919.0	925.0	908.0
A	PER_CNV	F	NR	Belgium			19388.0	20364.0	27928.0	21541.0	17976.0	26655.0		46607.0	45365.0	38358.0	27726.0			
A	PER_CNV	F	NR	Bulgaria	2133.0	2467.0	2589.0	2960.0	2842.0	2739.0	2599.0	2341.0	2523.0	2138.0	2022.0	1893.0	2005.0	2014.0	2074.0	1870.0
A	PER_CNV	F	NR	Switzerland	16435.0	16747.0	17785.0	16383.0	17662.0	17187.0	16979.0	18497.0	18613.0	18084.0	18667.0	17081.0	17081.0	17525.0	18911.0	18777.0
A	PER_CNV	F	NR	Cyprus	11202.0	10704.0	12587.0	16516.0	13246.0	11840.0	13757.0	10824.0	8636.0	8725.0	9571.0	8290.0	7662.0	7848.0	8403.0	
A	PER_CNV	F	NR	Czechia	9502.0	9415.0	9186.0	9202.0	9425.0	10957.0	9008.0	9882.0	10121.0	9500.0	9284.0	9619.0	8083.0	7887.0	8169.0	8452.0
A	PER_CNV	F	NR	Germany	158618.0	155970.0	153247.0	154543.0	148325.0	146411.0	147003.0	146233.0	142921.0	136330.0	133917.0	136438.0	129169.0	119409.0	118551.0	120735.0
A	PER_CNV	F	NR	Denmark	31618.0	33946.0	36590.0	38255.0	38439.0	40415.0	41134.0	40744.0	39585.0	36546.0	35982.0	9281.0	10352.0	9593.0	10080.0	11475.0
A	PER_CNV	F	NR	Greece														280.0	308.0	235.0
A	PER_CNV	F	NR	Spain							30120.0	34826.0	54828.0	62407.0	62337.0	62161.0	45337.0	57000.0	61554.0	57030.0
A	PER_CNV	F	NR	Finland	43706.0	39385.0	40889.0	39550.0	37874.0	36851.0	36115.0	37849.0	31775.0	13536.0	13545.0	13986.0	13436.0	13947.0	13572.0	14297.0
A	PER_CNV	F	NR	France	68350.0	67919.0	66886.0	66426.0	70080.0	70057.0	58267.0	67457.0	52051.0	51666.0	55320.0	55268.0	44185.0	50829.0	49144.0	52030.0
A	PER_CNV	F	NR	Croatia	2583.0	2587.0	2445.0	2459.0	2025.0	1752.0	1858.0	1481.0	1756.0	1604.0	1581.0	1728.0	1583.0	1780.0	1647.0	1494.0
A	PER_CNV	F	NR	Hungary	12053.0	13096.0	14269.0	11400.0	9884.0	9168.0	9302.0	8896.0	9088.0	8943.0	8884.0	8460.0	7247.0	7521.0	7594.0	7754.0
A	PER_CNV	F	NR	Iceland						429.0										
A	PER_CNV	F	NR	Italy	41305.0	39118.0	38784.0	41291.0	41373.0	40993.0	38422.0	36623.0	33118.0	30176.0	33034.0					
A	PER_CNV	F	NR	Lithuania	1354.0	1385.0	15.0	14.0	16.0	2110.0	2138.0	1669.0	1451.0	1564.0	1605.0	1543.0	1230.0	1247.0	1263.0	1288.0
A	PER_CNV	F	NR	Luxembourg									1755.0	2069.0	1696.0	1694.0	1606.0	1634.0	1048.0	1178.0
A	PER_CNV	F	NR	Latvia	1051.0	1198.0	1106.0	1038.0	1030.0	971.0	1083.0	1165.0	1024.0	1053.0	994.0	833.0	744.0	689.0	585.0	451.0
A	PER_CNV	F	NR	Montenegro			36.0	64.0	83.0	75.0	233.0		308.0	301.0	256.0	346.0	338.0	363.0	263.0	235.0
A	PER_CNV	F	NR	North Macedonia	673.0	734.0	689.0	683.0	633.0	725.0	1142.0			303.0		427.0	575.0	694.0	780.0	583.0
A	PER_CNV	F	NR	Malta							42.0	19.0	25.0	30.0	35.0	2.0	3.0	7.0	16.0	8.0
A	PER_CNV	F	NR	Netherlands	14722.0	14649.0	12513.0	12008.0	10575.0	11562.0	11161.0	11607.0	10025.0	9980.0	9140.0	8673.0	6019.0	6196.0	5842.0	6127.0
A	PER_CNV	F	NR	Norway	10510.0	10160.0	10508.0	10358.0	10024.0	10386.0	10225.0	11134.0	10237.0	9673.0	2120.0	2031.0	1884.0	1820.0	1639.0	1700.0
A	PER_CNV	F	NR	Poland	40440.0	39077.0	40736.0	39795.0	38137.0	36074.0	32669.0	29466.0	32312.0	28688.0	30419.0	32186.0	30620.0			
A	PER_CNV	F	NR	Portugal	9188.0	8360.0	8318.0	8583.0	9290.0	8868.0	6835.0	7541.0	7381.0	6560.0	6372.0	6223.0	4552.0	5474.0	6003.0	5474.0
A	PER_CNV	F	NR	Romania	2387.0	1822.0	2113.0	2567.0	2818.0	2581.0	2858.0	2878.0	2516.0	1990.0	2448.0	5542.0	4962.0	5499.0	5626.0	4898.0
A	PER_CNV	F	NR	Serbia	3926.0	3895.0	2291.0	3120.0	3230.0	3332.0	3495.0	3226.0	3200.0	3055.0	3094.0	2984.0	2856.0	2974.0	2809.0	3061.0
A	PER_CNV	F	NR	Sweden	10300.0	10901.0	11509.0	11169.0	10923.0	9474.0	9455.0	9445.0	9051.0	8659.0	9309.0	9480.0	10753.0	12236.0	12483.0	13312.0
A	PER_CNV	F	NR	Slovenia	1061.0	978.0	949.0	963.0	1116.0	1406.0	1401.0	1137.0	1026.0	888.0	802.0	904.0	746.0	933.0	796.0	713.0
A	PER_CNV	F	NR	Slovakia	4055.0	4582.0	4600.0	4636.0	5191.0	5267.0	5116.0	4640.0	4380.0	4365.0	4745.0	4467.0	3924.0	3281.0	3962.0	3935.0
A	PER_CNV	F	NR	Turkey		92704.0	86101.0	79420.0	100918.0	34316.0	32686.0	35895.0	31886.0	30318.0	39430.0	42554.0	34237.0	47109.0	47213.0	50066.0
A	PER_CNV	F	NR	England and Wales	288451.0	314914.0	305249.0	300008.0	294463.0	285322.0	306516.0	314302.0	309507.0							
A	PER_CNV	F	NR	Scotland	10067.0	9399.0	9146.0	8871.0	8119.0	7455.0				14535.0						
A	PER_CNV	F	NR	Northern Ireland	7610.0	7772.0	7769.0	7934.0	8602.0	7928.0	4419.0	7850.0	7501.0	4484.0	4462.0					
A	PER_CNV	F	NR	Kosovo	453.0	510.0	405.0	655.0	843.0	590.0	761.0	785.0	874.0	1011.0	1044.0	941.0				
A	PER_CNV	F	P_HTHAB	Albania	35.98	32.94		36.24				61.84	68.87	72.59	58.74	51.3	36.83	49.45	40.53	33.05
A	PER_CNV	F	P_HTHAB	Austria	126.74	124.75	129.76	126.29	120.53	119.17	113.69	103.89	98.01	97.93	91.75	91.14	80.05	80.05	81.41	84.98
A	PER_CNV	F	P_HTHAB	Bosnia and Herzegovina				62.78	60.19											
A	PER_CNV	F	P_HTHAB	Belgium			350.74	363.71	494.91	379.63	316.09	466.55		808.8	784.27	660.13	474.66			
A	PER_CNV	F	P_HTHAB	Bulgaria	55.29	64.39	67.99	78.3	75.58	73.25	69.85	63.27	68.62	58.55	55.74	52.52	55.98	56.46	61.65	55.85
A	PER_CNV	F	P_HTHAB	Switzerland	216.44	217.44	228.43	208.17	222.03	422.23	412.36	444.24	442.57	425.9	436.38	396.55	393.83	401.24	429.74	423.34
A	PER_CNV	F	P_HTHAB	Cyprus	2829.68	2629.95	3000.23	3832.08	2989.95	2661.62	3123.31	2487.23	1982.43	1991.38	2161.82	1850.17	1689.4	1712.2	1812.47	
A	PER_CNV	F	P_HTHAB	Czechia	180.02	177.34	172.48	172.34	176.26	204.74	168.37	184.32	188.56	176.64	172.24	177.94	149.08	148.14	153.18	153.14
A	PER_CNV	F	P_HTHAB	Germany	378.17	372.97	367.51	376.04	360.91	355.86	356.71	353.54	343.05	325.96	319.24	324.45	306.6	283.44	281.12	286.11
A	PER_CNV	F	P_HTHAB	Denmark	577.41	615.92	661.1	687.96	688.81	1431.24	1450.96	1430.27	1379.57	1265.18	1238.74	318.17	353.81	326.83	341.64	384.6
A	PER_CNV	F	P_HTHAB	Greece														5.11	5.76	4.42
A	PER_CNV	F	P_HTHAB	Spain							127.44	147.42	232.0	263.39	262.18	259.79	187.86	235.82	254.38	232.59
A	PER_CNV	F	P_HTHAB	Finland	1616.53	1450.83	1499.77	1445.09	1377.87	1335.16	1303.36	1361.53	1140.6	484.99	484.79	500.46	480.37	498.11	483.83	508.7
A	PER_CNV	F	P_HTHAB	France	206.95	204.56	200.52	198.19	208.13	207.1	170.77	196.76	151.35	149.78	159.83	159.27	126.86	145.45	139.98	147.86
A	PER_CNV	F	P_HTHAB	Croatia	115.57	115.85	109.73	110.71	91.48	79.43	84.57	67.75	81.0	74.64	74.45	82.14	75.87	85.93	82.35	75.11
A	PER_CNV	F	P_HTHAB	Hungary	228.46	248.6	271.41	217.48	189.81	176.55	179.78	172.41	176.74	174.59	173.97	165.98	144.2	150.3	152.44	155.88
A	PER_CNV	F	P_HTHAB	Iceland						267.42										
A	PER_CNV	F	P_HTHAB	Italy	136.58	128.55	126.99	134.72	134.91	133.11	122.76	117.03	106.12	96.89	106.37					
A	PER_CNV	F	P_HTHAB	Lithuania	78.48	80.97	91.86	89.89	99.68	131.63	134.68	105.97	93.08	101.84	106.18	102.96	82.56	84.14	84.23	84.66
A	PER_CNV	F	P_HTHAB	Luxembourg									611.38	703.68	566.42	555.09	516.16	518.28	327.16	358.75
A	PER_CNV	F	P_HTHAB	Latvia	88.71	102.38	96.21	92.13	92.79	88.49	99.87	108.38	96.18	99.86	95.14	80.48	72.46	67.68	58.11	44.62
A	PER_CNV	F	P_HTHAB	Montenegro			11.47	20.4	26.44	23.88	74.12		97.94	95.67	81.37	110.03	107.53	115.65	84.16	75.32
A	PER_CNV	F	P_HTHAB	North Macedonia	65.98	71.83	67.29	66.54	61.58	70.45	110.77			29.27		41.18	55.47	67.14	84.22	63.17
A	PER_CNV	F	P_HTHAB	Malta							19.54	8.67	11.16	13.12	14.89	0.83	1.21	2.82	6.41	3.11
A	PER_CNV	F	P_HTHAB	Netherlands	177.52	175.87	149.47	142.74	125.19	136.47	131.38	136.11	117.09	115.96	105.62	99.68	68.71	70.5	66.05	68.37
A	PER_CNV	F	P_HTHAB	Norway	221.86	211.7	216.29	210.52	201.05	412.9	402.41	433.69	395.69	370.73	80.69	76.84	70.8	68.11	60.98	62.42
A	PER_CNV	F	P_HTHAB	Poland	205.24	198.15	207.72	202.69	194.21	183.71	166.56	150.27	164.94	146.4	155.23	164.28	156.35			
A	PER_CNV	F	P_HTHAB	Portugal	167.55	152.47	150.97	155.51	168.54	161.48	124.97	138.34	135.68	120.87	117.49	114.73	83.55	100.41	110.07	99.6
A	PER_CNV	F	P_HTHAB	Romania	22.55	17.37	19.19	23.36	27.31	25.16	28.02	28.32	24.88	19.82	24.53	55.9	50.28	56.03	57.39	50.03
A	PER_CNV	F	P_HTHAB	Serbia	103.74	103.36	61.04	83.86	87.24	90.43	95.31	88.38	88.15	84.6	86.16	83.56	80.4	84.36	80.51	89.72
A	PER_CNV	F	P_HTHAB	Sweden	112.16	117.77	123.21	118.62	115.19	197.79	195.74	193.74	183.96	173.81	184.79	186.33	209.54	237.3	240.45	254.86
A	PER_CNV	F	P_HTHAB	Slovenia	103.64	95.1	91.88	92.99	107.44	135.22	134.68	109.26	98.57	85.32	77.13	86.74	71.4	88.94	75.85	67.67
A	PER_CNV	F	P_HTHAB	Slovakia	146.79	165.77	166.25	167.53	187.23	189.81	184.23	166.97	157.54	156.81	170.28	160.15	140.52	117.46	142.68	141.87
A	PER_CNV	F	P_HTHAB	Turkey		260.29	238.51	216.52	271.35	91.09	85.58	92.72	81.28	76.23	97.9	104.14	82.63	112.98	111.74	117.59
A	PER_CNV	F	P_HTHAB	England and Wales	1036.73	1123.86	1081.79	1055.14	1028.51	990.29	1056.73	1075.56	1051.38							
A	PER_CNV	F	P_HTHAB	Scotland	375.6	348.95	337.9	325.96	297.11	272.24				522.68						
A	PER_CNV	F	P_HTHAB	Northern Ireland	842.04	852.73	846.75	859.94	927.92	851.72	472.46	435.83	409.59	472.56						
A	PER_CNV	F	P_HTHAB	Kosovo	42.51	47.25	37.06	73.6					98.39	112.17	114.68	103.38				
A	PER_CNV	M	NR	Albania		7143.0	7945.0	9243.0	9189.0	8239.0	13217.0	15260.0	13638.0	9878.0	10773.0	10317.0	9328.0	11901.0	10852.0	8395.0
A	PER_CNV	M	NR	Austria	32820.0	32531.0	32833.0	31035.0	30346.0	29266.0	28033.0	27563.0	26110.0	26378.0	23541.0	23181.0	20096.0	20100.0	20759.0	21107.0
A	PER_CNV	M	NR	Bosnia and Herzegovina				14475.0	16664.0	17317.0	16696.0	15961.0	15318.0	13863.0	13318.0	12450.0	9880.0	10437.0	9845.0	9794.0
A	PER_CNV	M	NR	Belgium			119526.0	119972.0	132878.0	116738.0	96008.0	103233.0		183993.0	176669.0	158204.0	126401.0			
A	PER_CNV	M	NR	Bulgaria	34004.0	38405.0	36481.0	38053.0	35154.0	31374.0	29250.0	25446.0	25778.0	23662.0	21951.0	21496.0	19884.0	22107.0	21973.0	21167.0
A	PER_CNV	M	NR	Switzerland	83613.0	85779.0	89150.0	85520.0	91461.0	89912.0	90607.0	89602.0	89780.0	87072.0	87518.0	80089.0	80089.0	81387.0	84533.0	87139.0
A	PER_CNV	M	NR	Cyprus	52573.0	51762.0	63106.0	70297.0	58299.0	48979.0	54951.0	43271.0	36688.0	34752.0	29931.0	31685.0	27879.0	25715.0	28581.0	
A	PER_CNV	M	NR	Czechia		64372.0	61465.0	60958.0	62046.0	67019.0	63817.0	55687.0	51302.0	46205.0	45164.0	45975.0	40475.0	41760.0	42058.0	42947.0
A	PER_CNV	M	NR	Germany	716073.0	688550.0	660019.0	653272.0	625576.0	609527.0	601779.0	593254.0	594952.0	579714.0	578421.0	592430.0	570100.0	542691.0	528823.0	536166.0
A	PER_CNV	M	NR	Denmark	128687.0	136412.0	143228.0	156288.0	165904.0	161335.0	161698.0	154462.0	150217.0	141388.0	146822.0	42157.0	45928.0	43244.0	42598.0	45749.0
A	PER_CNV	M	NR	Greece														5146.0	4456.0	4059.0
A	PER_CNV	M	NR	Spain							203755.0	202017.0	229626.0	236572.0	237964.0	238882.0	187338.0	238805.0	261096.0	236314.0
A	PER_CNV	M	NR	Finland	194076.0	167045.0	165181.0	163372.0	153141.0	145790.0	136880.0	143819.0	124237.0	68851.0	69221.0	68874.0	67199.0	66751.0	63947.0	64437.0
A	PER_CNV	M	NR	France	635345.0	634350.0	615603.0	596991.0	609139.0	597522.0	520215.0	570033.0	416532.0	415314.0	490959.0	494284.0	414074.0	479372.0	455235.0	465827.0
A	PER_CNV	M	NR	Croatia	22543.0	23768.0	22910.0	21744.0	19149.0	15410.0	13594.0	11491.0	12021.0	10820.0	10587.0	11567.0	10319.0	10770.0	10982.0	10029.0
A	PER_CNV	M	NR	Hungary	72404.0	73805.0	75074.0	73710.0	65407.0	61158.0	67015.0	61909.0	62598.0	59792.0	57797.0	55583.0	6503.0	47415.0	47813.0	47922.0
A	PER_CNV	M	NR	Iceland						3051.0										
A	PER_CNV	M	NR	Italy	219070.0	212958.0	215600.0	224748.0	218550.0	205987.0	188517.0	184342.0	176803.0	164544.0	182957.0					
A	PER_CNV	M	NR	Lithuania	11434.0	11665.0	124.0	122.0	150.0	17420.0	18220.0	15604.0	14057.0	16494.0	18174.0	16021.0	14830.0	13763.0	13696.0	13429.0
A	PER_CNV	M	NR	Luxembourg									6677.0	7477.0	6509.0	5888.0	5898.0	6398.0	4906.0	5398.0
A	PER_CNV	M	NR	Latvia	9933.0	9502.0	8520.0	8156.0	7912.0	7655.0	8130.0	8393.0	7905.0	8209.0	7593.0	6951.0	6329.0	5260.0	4232.0	3745.0
A	PER_CNV	M	NR	Montenegro			637.0	1057.0	1361.0	1256.0	1301.0		3394.0	3227.0	3088.0	3265.0	3365.0	3172.0	2739.0	2489.0
A	PER_CNV	M	NR	North Macedonia	9545.0	9815.0	9027.0	9849.0	8965.0	9287.0	11002.0			2465.0		4589.0	6126.0	7322.0	7251.0	6252.0
A	PER_CNV	M	NR	Malta							66.0	54.0	29.0	48.0	50.0	11.0	11.0	20.0	39.0	16.0
A	PER_CNV	M	NR	Netherlands	100007.0	99944.0	85313.0	81094.0	77062.0	80464.0	77585.0	79747.0	71696.0	71947.0	69274.0	68063.0	53389.0	55875.0	56680.0	60739.0
A	PER_CNV	M	NR	Norway	55993.0	54005.0	56475.0	54323.0	53404.0	56662.0	53634.0	55298.0	52106.0	50051.0	12790.0	12702.0	12369.0	11682.0	11180.0	11007.0
A	PER_CNV	M	NR	Poland	407246.0	401148.0	414913.0	406476.0	390950.0	336269.0	279072.0	242805.0	268555.0	222405.0	255103.0	264712.0	230936.0			
A	PER_CNV	M	NR	Portugal	78622.0	69733.0	69458.0	69228.0	69922.0	62303.0	46026.0	51585.0	49084.0	44908.0	40316.0	39089.0	30793.0	37217.0	39844.0	36809.0
A	PER_CNV	M	NR	Romania	34408.0	32404.0	39778.0	45010.0	46370.0	44552.0	37974.0	39398.0	30204.0	33406.0	29756.0	28141.0	26521.0	29818.0	27281.0	26541.0
A	PER_CNV	M	NR	Serbia	40441.0	38887.0	21030.0	29977.0	30394.0	31557.0	33915.0	31889.0	31357.0	30337.0	28204.0	26804.0	23870.0	25917.0	24604.0	25312.0
A	PER_CNV	M	NR	Sweden	59154.0	60814.0	63001.0	62511.0	60186.0	54916.0	51207.0	49899.0	47608.0	48713.0	51256.0	53228.0	58243.0	62345.0	64153.0	66690.0
A	PER_CNV	M	NR	Slovenia	8167.0	7475.0	7474.0	7002.0	7709.0	10352.0	8328.0	7104.0	5980.0	5633.0	5522.0	5352.0	4261.0	5041.0	4771.0	4545.0
A	PER_CNV	M	NR	Slovakia	24626.0	26371.0	26579.0	25474.0	29886.0	30812.0	28494.0	25051.0	22807.0	21965.0	24640.0	23964.0	21468.0	20361.0	21396.0	20028.0
A	PER_CNV	M	NR	Turkey		1195630.0	1127116.0	1158027.0	1365128.0	465927.0	459973.0	485039.0	427306.0	415116.0	515936.0	549838.0	458084.0	645172.0	635129.0	632172.0
A	PER_CNV	M	NR	England and Wales	1046179.0	1048347.0	1015566.0	960706.0	879875.0	833870.0	848179.0	851508.0	841504.0							
A	PER_CNV	M	NR	Scotland	50331.0	47029.0	45618.0	44377.0	39986.0	38203.0				68179.0						
A	PER_CNV	M	NR	Northern Ireland	30649.0	31305.0	31526.0	32183.0	29993.0	27048.0	22188.0	23563.0	22411.0	19372.0	20459.0					
A	PER_CNV	M	NR	Kosovo	12801.0	12905.0	9520.0	17712.0	20147.0	15242.0	17573.0	16122.0	17677.0	18508.0	19390.0	17060.0				
A	PER_CNV	M	P_HTHAB	Albania		450.77		650.09				1044.35	935.1	679.58	748.85	721.67	656.62	844.05	782.37	614.15
A	PER_CNV	M	P_HTHAB	Austria	811.88	801.86	807.46	760.87	740.48	709.72	674.58	656.2	611.11	611.67	542.6	532.04	458.94	457.13	469.08	470.63
A	PER_CNV	M	P_HTHAB	Bosnia and Herzegovina				770.98	888.46											
A	PER_CNV	M	P_HTHAB	Belgium			2250.02	2221.0	2437.33	2127.37	1747.57	1868.79		3291.9	3146.81	2802.64	2224.89			
A	PER_CNV	M	P_HTHAB	Bulgaria	928.98	1056.29	1009.45	1060.29	985.6	885.0	829.8	726.61	741.35	685.86	641.39	633.04	590.09	659.97	704.67	682.92
A	PER_CNV	M	P_HTHAB	Switzerland	1101.11	1113.74	1145.03	1086.64	1149.78	2265.63	2252.73	2199.43	2178.35	2086.34	2080.57	1890.17	1876.12	1891.58	1948.57	1989.5
A	PER_CNV	M	P_HTHAB	Cyprus	13818.35	13274.83	15792.09	17197.71	13914.07	11632.97	13160.72	10507.13	8889.92	8340.55	7100.93	7405.96	6416.77	5875.7	6479.73	
A	PER_CNV	M	P_HTHAB	Czechia		1258.08	1196.71	1184.29	1202.86	1297.72	1236.19	1075.68	989.18	888.44	865.25	876.68	767.74	807.6	811.34	809.02
A	PER_CNV	M	P_HTHAB	Germany	1777.99	1713.48	1645.78	1669.72	1594.64	1547.77	1521.3	1489.26	1468.51	1424.46	1416.19	1446.13	1389.21	1322.78	1287.71	1310.29
A	PER_CNV	M	P_HTHAB	Denmark	2350.11	2475.07	2587.8	2810.62	2972.92	5805.81	5790.9	5494.89	5293.27	4943.33	5104.24	1459.19	1585.41	1488.68	1457.38	1551.34
A	PER_CNV	M	P_HTHAB	Greece														99.04	87.12	79.69
A	PER_CNV	M	P_HTHAB	Spain							890.64	885.01	1006.8	1036.02	1039.97	1038.2	807.52	1028.12	1121.12	1002.79
A	PER_CNV	M	P_HTHAB	Finland	7473.7	6396.14	6292.45	6192.05	5773.38	5467.22	5106.77	5342.73	4598.83	2538.45	2545.7	2529.07	2463.07	2441.69	2331.19	2340.2
A	PER_CNV	M	P_HTHAB	France	2050.81	2036.57	1966.67	1897.44	1927.33	1880.62	1623.38	1771.71	1291.68	1285.23	1514.64	1522.0	1268.42	1462.3	1380.23	1407.83
A	PER_CNV	M	P_HTHAB	Croatia	1085.37	1144.47	1104.28	1051.07	928.52	749.34	663.2	563.5	594.28	539.59	534.21	586.39	523.37	548.11	589.7	538.65
A	PER_CNV	M	P_HTHAB	Hungary	1518.04	1549.53	1578.21	1553.78	1384.37	1296.83	1424.82	1318.4	1335.13	1278.89	1237.2	1188.73	139.43	1020.26	1032.93	1036.09
A	PER_CNV	M	P_HTHAB	Iceland						1889.89										
A	PER_CNV	M	P_HTHAB	Italy	771.07	745.39	752.55	782.68	760.79	713.01	639.38	624.85	600.22	558.8	621.72					
A	PER_CNV	M	P_HTHAB	Lithuania	768.71	791.73	857.68	868.23	1085.35	1272.56	1343.66	1159.07	1057.23	1256.99	1400.92	1236.58	1136.96	1047.73	1048.22	1005.3
A	PER_CNV	M	P_HTHAB	Luxembourg									2308.84	2520.56	2151.17	1907.23	1872.59	2002.78	1509.24	1623.73
A	PER_CNV	M	P_HTHAB	Latvia	986.36	957.24	877.51	860.39	846.37	826.16	886.54	921.09	874.16	916.51	853.49	785.5	718.42	600.99	486.96	429.31
A	PER_CNV	M	P_HTHAB	Montenegro			208.7	345.28	444.25	409.39	423.56		1102.9	1048.57	1003.44	1061.06	1094.11	1033.68	897.52	816.89
A	PER_CNV	M	P_HTHAB	North Macedonia	931.0	955.88	877.42	955.4	868.76	898.91	1063.16			237.34		441.17	589.2	707.29	795.93	689.28
A	PER_CNV	M	P_HTHAB	Malta							30.76	24.49	12.81	20.72	20.78	4.37	4.13	7.47	14.42	5.62
A	PER_CNV	M	P_HTHAB	Netherlands	1232.82	1225.35	1039.96	983.73	930.38	968.59	930.9	952.45	851.79	848.92	812.4	793.17	617.35	643.24	648.11	686.29
A	PER_CNV	M	P_HTHAB	Norway	1181.99	1125.28	1162.47	1104.06	1071.11	2234.39	2089.36	2127.5	1986.03	1889.34	479.32	473.06	457.0	429.6	408.43	398.02
A	PER_CNV	M	P_HTHAB	Poland	2211.91	2178.39	2253.46	2205.55	2121.58	1824.96	1516.37	1319.8	1461.36	1210.18	1387.92	1440.19	1256.91			
A	PER_CNV	M	P_HTHAB	Portugal	1550.81	1379.43	1371.67	1369.89	1389.98	1247.13	928.31	1047.69	1001.41	919.78	828.24	805.57	624.99	752.94	802.13	733.15
A	PER_CNV	M	P_HTHAB	Romania	342.4	325.61	380.61	431.81	474.27	456.41	389.63	405.87	313.0	347.9	311.42	296.21	280.33	317.63	295.25	286.5
A	PER_CNV	M	P_HTHAB	Serbia	1129.29	1090.33	591.8	848.98	864.84	902.4	974.61	920.48	909.89	884.71	826.95	790.02	707.33	774.57	743.76	783.78
A	PER_CNV	M	P_HTHAB	Sweden	644.17	657.0	674.48	663.91	634.68	1152.27	1063.63	1024.15	965.49	971.67	1008.45	1035.07	1120.96	1193.7	1219.47	1258.7
A	PER_CNV	M	P_HTHAB	Slovenia	827.85	744.56	737.0	690.15	758.21	1015.84	815.77	694.95	584.37	549.49	537.66	515.28	405.4	475.59	451.08	427.45
A	PER_CNV	M	P_HTHAB	Slovakia	942.19	1007.17	1013.09	970.37	1135.59	1168.9	1079.7	948.07	861.92	828.34	927.53	900.54	805.45	763.59	805.0	754.32
A	PER_CNV	M	P_HTHAB	Turkey		3330.34	3091.17	3126.15	3637.15	1227.54	1195.56	1244.19	1081.48	1036.66	1272.81	1336.51	1097.97	1539.2	1496.95	1480.35
A	PER_CNV	M	P_HTHAB	England and Wales	3904.81	3880.14	3727.18	3490.85	3171.71	2983.8	3010.91	2995.67	2932.59							
A	PER_CNV	M	P_HTHAB	Scotland	2008.66	1863.72	1796.09	1734.12	1553.72	1479.75				2588.53						
A	PER_CNV	M	P_HTHAB	Northern Ireland	3536.67	3578.7	3576.35	3628.65	3362.76	3019.31	2465.39	2238.61	2092.28	2110.78						
A	PER_CNV	M	P_HTHAB	Kosovo	1177.06	1171.65	853.62	1958.71					2001.26	2097.87	2183.19	1926.78				
A	PER_CNV	T	NR	Albania	8009.0	7670.0	8510.0	9754.0	9562.0	8577.0	13618.0	16141.0	14614.0	10911.0	11614.0	11052.0	9853.0	12603.0	11422.0	8856.0
A	PER_CNV	T	NR	Austria	38226.0	37868.0	38394.0	36461.0	35541.0	34424.0	303654.0	32118.0	30450.0	30746.0	27655.0	27284.0	23716.0	23731.0	24466.0	25033.0
A	PER_CNV	T	NR	Bosnia and Herzegovina	16951.0	17707.0	17294.0	15709.0	17846.0	19015.0	18442.0	17471.0	16592.0	15036.0	14447.0	13616.0	10702.0	11356.0	10770.0	10702.0
A	PER_CNV	T	NR	Belgium			140990.0	142882.0	163323.0	141857.0	117534.0	132122.0		238286.0	229599.0	202990.0	159957.0			
A	PER_CNV	T	NR	Bulgaria	36137.0	40872.0	39070.0	41013.0	37996.0	34113.0	31849.0	27787.0	28301.0	25800.0	23973.0	23389.0	21889.0	24121.0	24047.0	23037.0
A	PER_CNV	T	NR	Switzerland	100048.0	102526.0	106935.0	101903.0	109123.0	107099.0	108877.0	108099.0	108393.0	105156.0	106185.0	97170.0	97170.0	98912.0	103444.0	105916.0
A	PER_CNV	T	NR	Cyprus	63775.0	62466.0	75693.0	86813.0	71545.0	60819.0	68708.0	54095.0	45324.0	43477.0	39502.0	39975.0	35541.0	33563.0	36984.0	
A	PER_CNV	T	NR	Czechia	75882.0	73787.0	70651.0	70160.0	71471.0	77976.0	72825.0	65569.0	61423.0	55705.0	54448.0	55594.0	45558.0	49647.0	50227.0	51399.0
A	PER_CNV	T	NR	Germany	874691.0	844520.0	813266.0	807815.0	773901.0	755938.0	748782.0	739487.0	737873.0	716044.0	712338.0	728868.0	699269.0	662100.0	647374.0	656901.0
A	PER_CNV	T	NR	Denmark	163095.0	173255.0	183599.0	200452.0	209632.0	206214.0	209388.0	202314.0	196486.0	177935.0	182804.0	51439.0	56280.0	52837.0	52678.0	57224.0
A	PER_CNV	T	NR	Estonia	11574.0	7881.0	9131.0	9992.0	9638.0	8477.0	7670.0	7375.0	7619.0	6714.0	5702.0	5703.0	4949.0	4569.0	3837.0	
A	PER_CNV	T	NR	Greece														5426.0	4764.0	4294.0
A	PER_CNV	T	NR	Spain	241743.0	257148.0	248313.0	256391.0	253715.0	245820.0	233875.0	235875.0	232058.0	298979.0	300301.0	301043.0	232675.0	295805.0	322650.0	293344.0
A	PER_CNV	T	NR	Finland	237782.0	206430.0	206070.0	202922.0	191015.0	182679.0	173056.0	181694.0	156034.0	82427.0	82822.0	82956.0	80692.0	80740.0	77562.0	78807.0
A	PER_CNV	T	NR	France	703695.0	703853.0	682489.0	663417.0	679219.0	667579.0	578482.0	637490.0	468583.0	466980.0	546279.0	549552.0	458259.0	530201.0	504379.0	517857.0
A	PER_CNV	T	NR	Croatia	25126.0	26355.0	25355.0	24203.0	21174.0	17162.0	15452.0	12972.0	13777.0	12424.0	12168.0	13295.0	11902.0	12550.0	12629.0	11523.0
A	PER_CNV	T	NR	Hungary	84457.0	86901.0	89343.0	85110.0	75291.0	70326.0	76317.0	70805.0	71686.0	68735.0	66681.0	64043.0	53850.0	54936.0	55407.0	55676.0
A	PER_CNV	T	NR	Ireland		3146.0	3308.0	3182.0												
A	PER_CNV	T	NR	Iceland							2489.0	2395.0	2333.0	2286.0						
A	PER_CNV	T	NR	Italy	260375.0	252076.0	254384.0	266039.0	259923.0	246980.0	226939.0	220965.0	209921.0	194720.0	215991.0					
A	PER_CNV	T	NR	Liechtenstein							1078.0	1008.0	964.0	1087.0						
A	PER_CNV	T	NR	Lithuania	12788.0	13050.0	13992.0	13697.0	16631.0	19530.0	22742.0	17273.0	15508.0	18058.0	19779.0	17564.0	16060.0	15010.0	14959.0	14717.0
A	PER_CNV	T	NR	Luxembourg									8433.0	9546.0	8205.0	7582.0	7504.0	8032.0	5954.0	6576.0
A	PER_CNV	T	NR	Latvia	10979.0	10702.0	9626.0	9194.0	8942.0	8626.0	9213.0	9558.0	8929.0	9262.0	8587.0	8099.0	7093.0	6849.0	4951.0	4306.0
A	PER_CNV	T	NR	Montenegro			673.0	1121.0	1444.0	3238.0	3111.0	2755.0	3712.0	3528.0	3344.0	3611.0	3703.0	3535.0	3002.0	2724.0
A	PER_CNV	T	NR	North Macedonia	10218.0	10549.0	9716.0	10532.0	9598.0	10012.0	12144.0			2769.0		5016.0	6701.0	8016.0	8031.0	6835.0
A	PER_CNV	T	NR	Malta							2858.0	2697.0	1720.0	2311.0						
A	PER_CNV	T	NR	Netherlands	115051.0	114849.0	98150.0	93362.0	87879.0	92190.0	88878.0	91446.0	81799.0	82070.0	78546.0	76827.0	59444.0	62103.0	62543.0	66894.0
A	PER_CNV	T	NR	Norway	66503.0	64165.0	66983.0	64681.0	63428.0	67048.0	63859.0	66432.0	62343.0	59724.0	14910.0	14733.0	14253.0	13502.0	12819.0	12707.0
A	PER_CNV	T	NR	Poland	447686.0	440225.0	455649.0	446271.0	429087.0	372343.0	311741.0	272271.0	300867.0	251093.0	285522.0	296898.0	261556.0			
A	PER_CNV	T	NR	Portugal	87861.0	78266.0	77776.0	77811.0	79212.0	71171.0	52861.0	59126.0	56465.0	51968.0	46688.0	45312.0	35345.0	42691.0	45847.0	42283.0
A	PER_CNV	T	NR	Romania	36795.0	34226.0	41891.0	47577.0	49188.0	47133.0	50342.0	42276.0	32720.0	35396.0	32204.0	33683.0	31483.0	35317.0	32907.0	31439.0
A	PER_CNV	T	NR	Serbia	44367.0	42782.0	23321.0	33097.0	33624.0	34889.0	37410.0	35115.0	34557.0	33392.0	31298.0	29788.0	26726.0	28891.0	27413.0	28373.0
A	PER_CNV	T	NR	Sweden	69454.0	71715.0	74510.0	73680.0	71110.0	64391.0	60662.0	59344.0	56659.0	57372.0	60565.0	62708.0	68996.0	74581.0	76636.0	80008.0
A	PER_CNV	T	NR	Slovenia	9228.0	8453.0	8423.0	7965.0	8825.0	11758.0	9729.0	8241.0	7006.0	6521.0	6324.0	6256.0	5007.0	5974.0	5567.0	5258.0
A	PER_CNV	T	NR	Slovakia	28681.0	30953.0	31179.0	30110.0	35077.0	36079.0	33610.0	29691.0	27187.0	26330.0	29385.0	28431.0	25392.0	23642.0	25254.0	23963.0
A	PER_CNV	T	NR	Turkey		1288334.0	1213217.0	1237448.0	1514825.0	500608.0	492869.0	521213.0	459195.0	445436.0	555369.0	592398.0	492323.0	692281.0	682380.0	682243.0
A	PER_CNV	T	NR	England and Wales	1355146.0	1399856.0	1359715.0	1306509.0	1224976.0	1172953.0	1211152.0	1241080.0	1231726.0							
A	PER_CNV	T	NR	Scotland	60399.0	56428.0	54766.0	53249.0	48105.0	45659.0				82716.0						
A	PER_CNV	T	NR	Northern Ireland	39018.0	39539.0	39628.0	40538.0	38914.0	35276.0	26607.0	31413.0	29912.0	23630.0	24921.0					
A	PER_CNV	T	NR	Kosovo	13254.0	13415.0	9925.0	18367.0	20990.0	15832.0	18330.0	16907.0	18551.0	19519.0	20434.0	18001.0				
A	PER_CNV	T	P_HTHAB	Albania	252.65	240.84		344.45				559.33	508.21	379.3	404.62	386.11	346.21	445.38	408.86	320.66
A	PER_CNV	T	P_HTHAB	Austria	460.11	454.32	459.72	435.35	422.7	407.29	3569.13	374.12	349.98	350.47	313.47	307.99	266.44	265.67	272.48	274.94
A	PER_CNV	T	P_HTHAB	Bosnia and Herzegovina	440.99	460.64	449.89	408.75	464.83											
A	PER_CNV	T	P_HTHAB	Belgium			1300.66	1298.85	1472.06	1270.93	1051.21	1175.75		2099.12	2014.28	1771.98	1388.22			
A	PER_CNV	T	P_HTHAB	Bulgaria	480.67	547.36	526.42	556.53	518.56	468.29	439.56	385.81	395.61	363.29	340.04	334.13	314.88	348.74	370.95	357.29
A	PER_CNV	T	P_HTHAB	Switzerland	1317.55	1331.19	1373.46	1294.81	1371.81	1332.23	1337.62	1312.25	1301.69	1248.95	1251.57	1137.22	1129.09	1140.81	1183.73	1201.49
A	PER_CNV	T	P_HTHAB	Cyprus	8214.9	7838.33	9240.54	10337.95	8299.78	7023.97	8007.93	6386.6	5342.8	5086.21	4570.74	4563.88	4002.34	3745.84	4087.96	
A	PER_CNV	T	P_HTHAB	Czechia	733.63	707.74	675.3	669.04	680.32	741.49	692.75	622.2	582.0	526.57	513.17	522.02	426.02	473.06	477.59	474.71
A	PER_CNV	T	P_HTHAB	Germany	1063.87	1029.87	994.19	1006.97	963.43	938.78	927.08	910.73	897.92	867.7	860.39	877.95	840.8	796.22	777.75	790.32
A	PER_CNV	T	P_HTHAB	Denmark	2978.47	3143.55	3317.21	3604.84	3756.5	3680.67	3720.97	3574.63	3442.74	3095.18	3162.05	885.95	966.55	904.74	896.89	964.56
A	PER_CNV	T	P_HTHAB	Estonia	864.74	590.01	684.85	751.47	727.28	642.11	582.91	560.89	578.98	510.32	432.25	430.47	372.39	343.52	288.11	
A	PER_CNV	T	P_HTHAB	Greece														50.81	45.55	41.23
A	PER_CNV	T	P_HTHAB	Spain	529.34	556.12	534.16	549.4	541.92	526.07	502.83	507.81	499.69	642.58	643.62	641.38	491.57	624.08	679.45	610.05
A	PER_CNV	T	P_HTHAB	Finland	4486.04	3875.66	3850.75	3775.1	3536.49	3366.32	3174.6	3320.58	2843.54	1497.77	1502.27	1503.39	1460.41	1459.04	1397.96	1416.38
A	PER_CNV	T	P_HTHAB	France	1099.4	1093.78	1055.52	1020.98	1040.52	1017.65	874.29	959.24	703.17	698.97	815.02	818.06	679.17	782.83	740.73	758.46
A	PER_CNV	T	P_HTHAB	Croatia	582.7	611.51	589.26	564.19	495.18	402.66	363.85	307.01	328.75	299.07	296.38	326.16	293.29	310.92	326.98	299.23
A	PER_CNV	T	P_HTHAB	Hungary	840.75	866.33	892.15	852.32	758.07	709.73	772.65	718.43	729.22	701.55	681.92	655.32	555.76	569.2	576.53	579.97
A	PER_CNV	T	P_HTHAB	Ireland		69.58	72.71	69.61												
A	PER_CNV	T	P_HTHAB	Iceland							764.27	727.74	701.59	675.63						
A	PER_CNV	T	P_HTHAB	Italy	443.93	427.24	429.77	448.14	437.62	413.8	373.36	363.46	346.03	321.38	357.1					
A	PER_CNV	T	P_HTHAB	Liechtenstein							2903.39	2697.64	2562.33	2874.9						
A	PER_CNV	T	P_HTHAB	Lithuania	398.06	409.88	445.32	448.7	553.69	657.15	772.62	591.29	536.88	634.08	704.15	628.59	574.78	536.9	533.11	515.07
A	PER_CNV	T	P_HTHAB	Luxembourg									1463.43	1616.14	1362.95	1235.07	1198.52	1265.42	922.53	995.14
A	PER_CNV	T	P_HTHAB	Latvia	500.91	494.81	453.95	443.17	437.3	426.22	460.31	481.25	453.49	474.95	443.92	421.83	371.81	361.76	263.95	228.68
A	PER_CNV	T	P_HTHAB	Montenegro			108.72	180.85	232.79	521.51	500.55	442.86	596.58	566.85	537.31	580.38	595.46	569.48	486.01	441.71
A	PER_CNV	T	P_HTHAB	North Macedonia	499.61	514.93	473.32	511.94	465.97	485.48	587.87			133.53		241.49	322.74	387.47	437.15	373.51
A	PER_CNV	T	P_HTHAB	Malta							665.54	613.39	381.87	502.07						
A	PER_CNV	T	P_HTHAB	Netherlands	701.3	696.65	592.16	560.54	525.27	549.42	528.12	541.08	481.76	480.46	457.17	444.55	341.48	355.37	355.55	375.57
A	PER_CNV	T	P_HTHAB	Norway	1403.85	1336.98	1378.76	1314.57	1272.16	1327.35	1250.18	1285.82	1196.44	1135.8	281.55	276.51	265.54	250.44	236.28	231.5
A	PER_CNV	T	P_HTHAB	Poland	1174.55	1154.36	1198.36	1172.46	1127.28	978.24	819.99	716.4	792.44	661.24	751.83	781.87	689.06			
A	PER_CNV	T	P_HTHAB	Portugal	832.54	740.94	735.58	735.96	751.37	678.64	506.95	569.9	546.01	504.08	453.68	440.92	340.66	410.72	439.94	402.06
A	PER_CNV	T	P_HTHAB	Romania	178.31	167.44	195.19	222.18	244.77	235.43	252.37	212.76	165.58	180.19	164.87	173.49	162.88	183.93	172.81	164.99
A	PER_CNV	T	P_HTHAB	Serbia	602.36	583.26	319.17	456.41	465.92	485.82	523.45	493.58	488.34	474.3	447.02	427.76	385.84	420.44	403.3	427.23
A	PER_CNV	T	P_HTHAB	Sweden	756.34	774.77	797.69	782.53	749.88	673.84	628.96	608.82	575.16	574.0	598.45	612.97	668.07	718.56	733.2	760.42
A	PER_CNV	T	P_HTHAB	Slovenia	459.04	415.92	411.49	388.5	429.34	571.1	472.03	399.49	339.41	315.65	305.97	300.64	238.9	283.27	264.19	248.37
A	PER_CNV	T	P_HTHAB	Slovakia	533.49	575.08	578.42	558.37	649.05	666.79	620.57	547.67	501.03	484.42	539.86	521.63	465.24	433.02	464.68	441.41
A	PER_CNV	T	P_HTHAB	Turkey		1801.43	1671.99	1678.51	2027.22	661.94	642.86	670.84	583.17	558.09	687.25	722.4	592.05	827.95	805.83	800.01
A	PER_CNV	T	P_HTHAB	England and Wales	2481.26	2543.38	2451.5	2335.87	2173.09	2066.57	2118.27	2152.9	2118.8							
A	PER_CNV	T	P_HTHAB	Scotland	1164.66	1081.63	1043.85	1008.39	906.57	858.23				1527.61						
A	PER_CNV	T	P_HTHAB	Northern Ireland	2203.95	2213.6	2202.76	2240.24	2139.38	1931.18	1449.74	1320.48	1236.16	1265.91						
A	PER_CNV	T	P_HTHAB	Kosovo	615.57	615.17	449.48	1023.7					1047.13	1094.4	1136.17	1002.47				
A	PER_PRSC	F	NR	Albania	456.0	377.0	458.0	445.0	414.0	550.0	818.0	1096.0	1103.0	1066.0	959.0	847.0	658.0	828.0	853.0	740.0
A	PER_PRSC	F	NR	Austria		57606.0	59781.0	61116.0	61315.0	61899.0	59664.0	57209.0								
A	PER_PRSC	F	NR	Bosnia and Herzegovina				1689.0	1555.0	2003.0	2093.0	1672.0	1340.0	1263.0	1304.0	1204.0	911.0	1185.0	1181.0	1181.0
A	PER_PRSC	F	NR	Belgium	119978.0	128003.0	133967.0	137987.0	127372.0	124457.0	126558.0	116050.0		119895.0	125201.0	142903.0	161845.0	159807.0	136772.0	138985.0
A	PER_PRSC	F	NR	Bulgaria			4101.0	3995.0	4032.0	3793.0										
A	PER_PRSC	F	NR	Cyprus	18623.0	17727.0	20163.0	26718.0	23978.0	19912.0	25022.0	18326.0	16630.0	13939.0	13780.0	19694.0	11953.0	12401.0	14126.0	
A	PER_PRSC	F	NR	Czechia	13511.0	14447.0	13226.0	13578.0	13921.0	14846.0	15150.0	14084.0	14233.0	13189.0	13088.0	13282.0	11226.0	10450.0	11047.0	11457.0
A	PER_PRSC	F	NR	Germany	199060.0	196898.0	193891.0	194228.0	186157.0	183067.0	182819.0									
A	PER_PRSC	F	NR	Denmark	8315.0	8923.0	9070.0	11713.0	16733.0	13910.0	13179.0	17659.0	16753.0	16458.0	19370.0	19183.0	19064.0	17696.0	18970.0	19271.0
A	PER_PRSC	F	NR	Greece														588.0	454.0	878.0
A	PER_PRSC	F	NR	Finland	44508.0	40193.0	41674.0	40359.0	38768.0	37707.0	36927.0	38650.0	32503.0	14201.0	14314.0	14764.0	14101.0	14756.0	14392.0	15229.0
A	PER_PRSC	F	NR	France				67963.0	70748.0	68925.0	69624.0	68433.0	70609.0	69516.0	72297.0	71132.0	59312.0	64426.0	65980.0	69972.0
A	PER_PRSC	F	NR	Croatia	6012.0	6090.0	6024.0	6209.0	4523.0	3910.0	3579.0	4729.0	5873.0	5946.0	5490.0	5391.0	5471.0	5686.0	5128.0	5037.0
A	PER_PRSC	F	NR	Hungary	12919.0	14616.0	16085.0	13483.0	11627.0	11156.0	11303.0	10812.0	10254.0	9439.0		20934.0	17279.0	18628.0	20701.0	22740.0
A	PER_PRSC	F	NR	Iceland	2737.0			272.0	410.0	477.0	417.0	401.0	368.0	421.0	393.0	464.0	475.0	393.0	375.0	244.0
A	PER_PRSC	F	NR	Italy	83481.0	271918.0	284789.8598468	286834.39	297341.4418312	297374.0	311805.03657557	306600.0	298481.632288547	270192.0	344241.0					
A	PER_PRSC	F	NR	Liechtenstein		448.0	470.0	204.0	238.0		210.0	215.0	207.0	212.0	265.0		433.0	284.0	337.0	259.0
A	PER_PRSC	F	NR	Lithuania	1695.0	1778.0	2048.0	1958.0	1984.0	2484.0	2497.0	1923.0	1828.0	2526.0	1980.0	1839.0	1621.0	1594.0	1573.0	1483.0
A	PER_PRSC	F	NR	Luxembourg									4270.0	3558.0	2507.0	2773.0	2321.0	2271.0	2258.0	2486.0
A	PER_PRSC	F	NR	Latvia		1707.0	1586.0	1714.0	1894.0	1786.0	1276.0	1452.0	2018.0	1376.0	1288.0	1236.0	1110.0	1012.0	1006.0	1134.0
A	PER_PRSC	F	NR	Montenegro						846.0	646.0	523.0								
A	PER_PRSC	F	NR	North Macedonia	1306.0	1486.0	1527.0	1327.0	1499.0	1505.0	1793.0			971.0		1414.0	1392.0	1443.0	1360.0	1385.0
A	PER_PRSC	F	NR	Malta		254.0		212.0	228.0	404.0	416.0	454.0								
A	PER_PRSC	F	NR	Netherlands	37497.0	33984.0	31370.0	35048.0	34860.0	33867.0	33685.0	29697.0	29542.0	26273.0	25683.0	27816.0	23238.0	21668.0	21872.0	21183.0
A	PER_PRSC	F	NR	Norway	10569.0	9966.0	10097.0	10017.0	9922.0	9861.0	9797.0	10027.0	10109.0	8946.0	8561.0	7908.0	7487.0	7341.0	7187.0	6766.0
A	PER_PRSC	F	NR	Poland						40155.0										
A	PER_PRSC	F	NR	Portugal	20526.0	18515.0	18329.0	18209.0	18611.0	17830.0	13230.0	14998.0	14651.0	13564.0	12209.0	12093.0	8590.0	10837.0	11682.0	10407.0
A	PER_PRSC	F	NR	Romania	2850.0	2746.0	3553.0	3796.0	4045.0	4726.0	3989.0	5116.0	5342.0	5302.0	4746.0	4851.0	4709.0	4951.0	4787.0	4492.0
A	PER_PRSC	F	NR	Serbia									3337.0	12320.0	13344.0	13997.0	12695.0	11687.0	11795.0	12571.0
A	PER_PRSC	F	NR	Sweden	19350.0	20542.0	19977.0	18182.0	17374.0	15924.0	15820.0	15712.0	14625.0	14169.0	14699.0	15397.0	17065.0	16650.0	16587.0	17892.0
A	PER_PRSC	F	NR	Slovenia							1787.0	1787.0	1762.0	1624.0	1222.0	1306.0	1276.0	1157.0	1093.0	1145.0
A	PER_PRSC	F	NR	Slovakia	6958.0	7515.0	7477.0	7789.0	7916.0	7927.0	7562.0	6745.0	6299.0	6340.0	5952.0	5639.0	4822.0	4296.0	4955.0	4820.0
A	PER_PRSC	F	NR	Turkey		380244.0	404077.0	421678.0	463620.0	440671.0	448220.0	463362.0	422181.0	466969.0	558371.0	665906.0	584756.0	676274.0	733531.0	740129.0
A	PER_PRSC	F	NR	England and Wales	339507.0	370748.0	363927.0	354220.0	348599.0	340602.0	360830.0	368580.0	359036.0							
A	PER_PRSC	F	NR	Scotland	11961.0	11326.0	10641.0	10460.0	9669.0	9524.0	9928.0			17296.0						
A	PER_PRSC	F	NR	Northern Ireland			6869.0	6129.0	6551.0	11058.0	5250.0	10350.0	9749.0	5122.0	5264.0					
A	PER_PRSC	F	P_HTHAB	Albania	28.83	23.56		31.56					77.83	74.91	66.98	59.11	46.16	58.32	60.65	53.05
A	PER_PRSC	F	P_HTHAB	Austria		1346.54	1394.98	1422.53	1422.63	1430.12	1371.19	1305.76								
A	PER_PRSC	F	P_HTHAB	Bosnia and Herzegovina				85.92	79.19											
A	PER_PRSC	F	P_HTHAB	Belgium	2204.44	2333.93	2423.56	2464.53	2257.14	2193.38	2225.37	2031.26		2080.62	2164.47	2459.31	2770.74	2729.74	2324.48	2337.2
A	PER_PRSC	F	P_HTHAB	Bulgaria			107.7	105.67	107.22	101.43										
A	PER_PRSC	F	P_HTHAB	Cyprus	4704.26	4355.49	4806.04	6199.17	5412.42	4476.2	5680.85	4211.1	3817.49	3181.41	3112.52	4395.31	2635.52	2705.53	3046.88	
A	PER_PRSC	F	P_HTHAB	Czechia	255.97	272.12	248.33	254.29	260.34	277.4	283.18	262.7	265.17	245.23	242.81	245.71	207.05	196.28	207.15	207.59
A	PER_PRSC	F	P_HTHAB	Germany	474.59	470.84	464.98	472.6	452.96	444.96	443.62									
A	PER_PRSC	F	P_HTHAB	Denmark	151.85	161.9	163.87	210.64	299.85	492.6	464.87	619.9	583.86	569.76	666.85	657.63	651.57	602.89	642.94	645.89
A	PER_PRSC	F	P_HTHAB	Greece														10.72	8.49	16.5
A	PER_PRSC	F	P_HTHAB	Finland	1646.19	1480.59	1528.56	1474.65	1410.4	1366.17	1332.67	1390.34	1166.73	508.82	512.31	528.3	504.14	527.0	513.06	541.86
A	PER_PRSC	F	P_HTHAB	France				202.78	210.11	203.75	204.05	199.61	205.31	201.52	208.88	204.98	170.3	184.36	187.93	198.85
A	PER_PRSC	F	P_HTHAB	Croatia	269.0	272.72	270.35	279.55	204.32	177.27	162.9	216.32	270.91	276.69	258.51	256.27	262.21	274.5	256.4	253.24
A	PER_PRSC	F	P_HTHAB	Hungary	244.87	277.45	305.95	257.22	223.28	214.83	218.46	209.54	199.42	184.27		410.72	343.83	372.25	415.56	457.13
A	PER_PRSC	F	P_HTHAB	Iceland	1770.8			171.67	257.52	297.35	256.85	244.64	222.68	251.62	230.03	266.43	268.07	218.64	204.75	129.93
A	PER_PRSC	F	P_HTHAB	Italy	276.05	893.57	932.49	935.86	969.56	965.64	996.24	979.74	956.39	867.56	1108.44					
A	PER_PRSC	F	P_HTHAB	Liechtenstein		2489.17	2593.1	1117.01	1291.16		1121.26	1142.83	1091.66	1112.04	1378.49		2216.87	1442.58	1700.99	1295.71
A	PER_PRSC	F	P_HTHAB	Lithuania	98.25	103.95	121.06	119.0	122.46	154.96	157.29	122.09	117.26	164.48	130.99	122.72	107.32	105.86	104.91	97.47
A	PER_PRSC	F	P_HTHAB	Luxembourg									1487.51	1210.1	837.27	908.66	745.96	720.33	704.89	757.08
A	PER_PRSC	F	P_HTHAB	Latvia		145.87	137.96	152.13	170.63	162.77	117.67	135.08	189.54	130.5	123.28	119.41	108.11	99.41	99.93	112.2
A	PER_PRSC	F	P_HTHAB	Montenegro						269.35	205.49	166.26								
A	PER_PRSC	F	P_HTHAB	North Macedonia	128.05	145.43	149.13	129.29	145.84	146.24	173.92			93.81		136.36	134.29	139.61	146.85	150.07
A	PER_PRSC	F	P_HTHAB	Malta		123.11		101.64	108.65	191.03	195.34	211.55								
A	PER_PRSC	F	P_HTHAB	Netherlands	452.13	408.0	374.72	416.63	412.67	399.74	396.53	348.23	345.04	305.27	296.77	319.68	265.29	246.54	247.28	236.39
A	PER_PRSC	F	P_HTHAB	Norway	223.11	207.66	207.83	203.58	199.0	392.03	385.56	390.57	390.75	342.87	325.85	299.19	281.36	274.73	267.38	248.43
A	PER_PRSC	F	P_HTHAB	Poland						204.49										
A	PER_PRSC	F	P_HTHAB	Portugal	374.32	336.83	332.67	329.92	337.65	324.68	241.9	275.13	269.33	249.93	225.12	222.94	157.66	198.79	214.2	189.36
A	PER_PRSC	F	P_HTHAB	Romania	26.92	26.18	32.27	34.54	39.2	46.07	39.1	50.34	52.83	52.8	47.56	48.93	47.72	50.45	48.83	45.88
A	PER_PRSC	F	P_HTHAB	Serbia									91.93	341.16	371.61	391.97	357.4	331.49	338.06	368.47
A	PER_PRSC	F	P_HTHAB	Sweden	210.72	221.92	213.87	193.11	183.21	332.44	327.5	322.29	297.25	284.41	291.79	302.63	332.54	322.9	319.5	342.55
A	PER_PRSC	F	P_HTHAB	Slovenia							171.79	171.72	169.28	156.04	117.52	125.31	122.13	110.29	104.15	108.66
A	PER_PRSC	F	P_HTHAB	Slovakia	251.88	271.88	270.23	281.47	285.51	285.67	272.32	242.71	226.57	227.76	213.59	202.16	172.68	153.8	178.44	173.78
A	PER_PRSC	F	P_HTHAB	Turkey		1067.62	1119.36	1149.62	1246.58	1169.78	1173.52	1196.96	1076.17	1174.14	1386.38	1629.57	1411.3	1621.82	1736.08	1738.39
A	PER_PRSC	F	P_HTHAB	England and Wales	1220.23	1323.11	1289.74	1246.07	1217.63	1182.16	1243.97	1261.3	1219.62							
A	PER_PRSC	F	P_HTHAB	Scotland	446.26	420.49	393.13	384.34	353.83	347.79	361.56			621.97						
A	PER_PRSC	F	P_HTHAB	Northern Ireland			748.66	664.3	706.67	1187.98	561.31	521.34	497.23	539.8						
A	PER_PRSC	M	NR	Albania	8308.0	7319.0	9174.0	10437.0	11070.0	11493.0	18504.0	18625.0	16343.0	15290.0	15289.0	13876.0	12751.0	15368.0	15393.0	13223.0
A	PER_PRSC	M	NR	Austria		201915.0	212784.0	216623.0	219228.0	219071.0	215032.0	209330.0								
A	PER_PRSC	M	NR	Bosnia and Herzegovina				19565.0	20036.0	18360.0	18971.0	18354.0	15883.0	14659.0	13734.0	12686.0	10541.0	12180.0	11351.0	11351.0
A	PER_PRSC	M	NR	Belgium	483502.0	498567.0	496350.0	491857.0	456048.0	450241.0	448264.0	421560.0		418017.0	421524.0	441813.0	515622.0	473806.0	425706.0	428336.0
A	PER_PRSC	M	NR	Bulgaria			51109.0	53068.0	45452.0	43450.0										
A	PER_PRSC	M	NR	Cyprus	85206.0	84452.0	97691.0	112026.0	105148.0	84432.0	100821.0	77713.0	66261.0	57021.0	46502.0	51496.0	41677.0	46303.0	50150.0	
A	PER_PRSC	M	NR	Czechia	96899.0	98768.0	87907.0	89189.0	89258.0	90832.0	88258.0	77388.0	70613.0	64031.0	63635.0	64039.0	56644.0	53931.0	57382.0	58984.0
A	PER_PRSC	M	NR	Germany	888782.0	859911.0	824115.0	809230.0	774068.0	752721.0	740565.0									
A	PER_PRSC	M	NR	Denmark	50374.0	53208.0	52462.0	61736.0	79492.0	68406.0	64981.0	78780.0	72938.0	70311.0	80098.0	80197.0	78726.0	70790.0	77400.0	75113.0
A	PER_PRSC	M	NR	Greece														7978.0	6632.0	10049.0
A	PER_PRSC	M	NR	Finland	197440.0	170263.0	168362.0	166705.0	156504.0	148946.0	139757.0	146608.0	126787.0	71435.0	71957.0	71416.0	69465.0	69556.0	66647.0	67364.0
A	PER_PRSC	M	NR	France				621066.0	604954.0	600738.0	597758.0	593432.0	605799.0	605332.0	626566.0	624675.0	545701.0	588591.0	594500.0	598064.0
A	PER_PRSC	M	NR	Croatia	38602.0	39859.0	39486.0	39029.0	32097.0	25364.0	24574.0	25139.0	27286.0	25766.0	24274.0	23927.0	24169.0	24695.0	22600.0	21720.0
A	PER_PRSC	M	NR	Hungary	79787.0	78024.0	83997.0	74549.0	65138.0	67876.0	68527.0	64493.0	63659.0	58841.0		87533.0	94381.0	100513.0	95925.0	102358.0
A	PER_PRSC	M	NR	Iceland	487.0			1685.0	2201.0	2360.0	2072.0	1994.0	1965.0	1865.0	2026.0	2320.0	2168.0	1771.0	1636.0	1419.0
A	PER_PRSC	M	NR	Italy	480467.0	1306031.0	1276747.1401532	1256219.6	1269883.5581688	1280761.0	1336659.96342443	1303895.0	1248130.36771145	1154207.0	1517357.0					
A	PER_PRSC	M	NR	Liechtenstein		2519.0	2394.0	862.0	848.0		868.0	793.0	757.0	875.0	786.0		851.0	931.0	1056.0	875.0
A	PER_PRSC	M	NR	Lithuania	14935.0	15832.0	16227.0	16478.0	18299.0	20461.0	20245.0	17738.0	15784.0	22373.0	19148.0	17180.0	16402.0	14684.0	14570.0	14321.0
A	PER_PRSC	M	NR	Luxembourg									11915.0	10614.0	7936.0	8169.0	7147.0	7515.0	7488.0	7834.0
A	PER_PRSC	M	NR	Latvia		10621.0	9351.0	11176.0	11669.0	10611.0	7879.0	8608.0	10906.0	8448.0	8122.0	8196.0	8166.0	7831.0	7576.0	7740.0
A	PER_PRSC	M	NR	Montenegro						6899.0	4649.0	4252.0								
A	PER_PRSC	M	NR	North Macedonia	25103.0	28918.0	28477.0	29957.0	30361.0	32931.0	35371.0			20189.0		11366.0	12922.0	11379.0	11542.0	10622.0
A	PER_PRSC	M	NR	Malta		1590.0		1365.0	1343.0	2499.0	2437.0	2243.0								
A	PER_PRSC	M	NR	Netherlands	214447.0	191230.0	176094.0	192015.0	187134.0	171627.0	173796.0	157475.0	156079.0	143589.0	139820.0	155917.0	144814.0	138466.0	156986.0	153581.0
A	PER_PRSC	M	NR	Norway	59389.0	56954.0	58088.0	56682.0	55732.0	56835.0	55180.0	54247.0	54391.0	48835.0	46853.0	45275.0	42461.0	39396.0	37866.0	36417.0
A	PER_PRSC	M	NR	Poland						364833.0										
A	PER_PRSC	M	NR	Portugal	120583.0	106745.0	105857.0	102395.0	102108.0	92852.0	67289.0	75071.0	71047.0	64594.0	57579.0	55368.0	42974.0	52832.0	56021.0	51724.0
A	PER_PRSC	M	NR	Romania	42223.0	46997.0	53396.0	57184.0	55694.0	60985.0	46353.0	53793.0	58380.0	54537.0	53991.0	57221.0	55156.0	57966.0	57496.0	55128.0
A	PER_PRSC	M	NR	Serbia									38210.0	84931.0	90640.0	81981.0	73024.0	72846.0	68936.0	66710.0
A	PER_PRSC	M	NR	Sweden	77980.0	80263.0	81321.0	79287.0	76705.0	71899.0	69418.0	68194.0	64348.0	68444.0	70382.0	71490.0	73684.0	70512.0	69370.0	70480.0
A	PER_PRSC	M	NR	Slovenia							10512.0	10306.0	9626.0	9441.0	7634.0	7580.0	7589.0	6962.0	6550.0	6861.0
A	PER_PRSC	M	NR	Slovakia	44071.0	45898.0	46080.0	44221.0	46184.0	45972.0	44171.0	37027.0	32840.0	33338.0	31785.0	30077.0	28491.0	26375.0	26104.0	24239.0
A	PER_PRSC	M	NR	Turkey		2228267.0	2352689.0	2314431.0	2343176.0	2115325.0	2142295.0	2150300.0	1964505.0	2181188.0	2517569.0	3033481.0	2608245.0	3015581.0	3262055.0	3263108.0
A	PER_PRSC	M	NR	England and Wales	1264025.0	1266098.0	1229327.0	1156460.0	1061184.0	1020372.0	1022097.0	1012507.0	983814.0							
A	PER_PRSC	M	NR	Scotland	58147.0	55017.0	52358.0	51644.0	47341.0	46305.0	46786.0			77956.0						
A	PER_PRSC	M	NR	Northern Ireland			36856.0	32201.0	31871.0	36714.0	26230.0	29460.0	27888.0	23232.0	24044.0					
A	PER_PRSC	M	P_HTHAB	Albania	522.98	461.87		734.06					1120.57	1051.91	1062.76	970.63	897.57	1089.94	1109.76	967.36
A	PER_PRSC	M	P_HTHAB	Austria		4977.03	5232.99	5310.86	5349.45	5312.59	5174.47	4990.03								
A	PER_PRSC	M	P_HTHAB	Bosnia and Herzegovina				1042.09	1068.24											
A	PER_PRSC	M	P_HTHAB	Belgium	9254.85	9462.9	9343.55	9105.57	8365.12	8204.94	8159.46	7631.33		7478.92	7508.15	7826.87	9075.89	8311.69	7424.7	7390.01
A	PER_PRSC	M	P_HTHAB	Bulgaria			1414.21	1478.66	1274.32	1225.64										
A	PER_PRSC	M	P_HTHAB	Cyprus	22395.64	21658.47	24446.89	27406.44	25095.41	20053.39	24146.54	18870.39	16055.8	13685.16	11032.29	12036.53	9592.59	10579.92	11369.74	
A	PER_PRSC	M	P_HTHAB	Czechia	1913.07	1930.31	1711.53	1732.76	1730.41	1758.83	1709.64	1494.86	1361.52	1231.2	1219.11	1221.14	1074.43	1042.97	1106.95	1111.12
A	PER_PRSC	M	P_HTHAB	Germany	2206.82	2139.92	2054.96	2068.34	1973.16	1911.38	1872.15									
A	PER_PRSC	M	P_HTHAB	Denmark	919.94	965.41	947.87	1110.23	1424.46	2461.66	2327.17	2802.55	2570.15	2458.27	2784.59	2775.87	2717.58	2436.95	2648.04	2547.07
A	PER_PRSC	M	P_HTHAB	Greece														153.54	129.66	197.3
A	PER_PRSC	M	P_HTHAB	Finland	7603.24	6519.36	6413.63	6318.37	5900.17	5585.57	5214.11	5446.34	4693.22	2633.72	2646.32	2622.42	2546.13	2544.29	2429.62	2446.51
A	PER_PRSC	M	P_HTHAB	France				1973.96	1914.09	1890.74	1865.36	1844.43	1878.6	1873.26	1933.0	1923.5	1671.62	1795.46	1802.46	1807.47
A	PER_PRSC	M	P_HTHAB	Croatia	1858.56	1919.28	1903.26	1886.6	1556.36	1233.37	1198.88	1232.77	1348.92	1284.95	1224.85	1212.98	1225.83	1256.79	1213.56	1166.57
A	PER_PRSC	M	P_HTHAB	Hungary	1672.84	1638.11	1765.79	1571.47	1378.68	1439.28	1456.97	1373.42	1357.76	1258.55		1872.03	2023.66	2162.8	2072.32	2213.02
A	PER_PRSC	M	P_HTHAB	Iceland	302.68			1053.09	1372.5	1461.86	1268.69	1207.12	1174.75	1090.43	1140.77	1268.89	1159.72	936.82	847.25	709.65
A	PER_PRSC	M	P_HTHAB	Italy	1691.12	4571.34	4456.46	4374.75	4420.58	4433.29	4533.42	4419.74	4237.22	3919.78	5156.24					
A	PER_PRSC	M	P_HTHAB	Liechtenstein		14319.82	13472.9	4819.41	4700.14		4717.39	4274.24	4056.81	4667.66	4160.93		4428.83	4806.9	5416.5	4444.33
A	PER_PRSC	M	P_HTHAB	Lithuania	1004.09	1074.56	1118.95	1170.96	1322.65	1494.71	1493.0	1317.58	1187.12	1705.02	1476.0	1326.04	1262.2	1125.24	1115.11	1072.08
A	PER_PRSC	M	P_HTHAB	Luxembourg									4120.09	3578.06	2622.78	2646.09	2269.15	2352.44	2303.55	2356.49
A	PER_PRSC	M	P_HTHAB	Latvia		1069.97	963.1	1178.98	1248.27	1145.18	859.17	944.68	1206.02	943.19	912.95	926.2	926.95	894.74	871.75	887.29
A	PER_PRSC	M	P_HTHAB	Montenegro						2248.69	1513.57	1382.67								
A	PER_PRSC	M	P_HTHAB	North Macedonia	2448.5	2816.31	2767.94	2905.96	2942.17	3187.47	3418.01			1943.84		1092.67	1242.84	1099.19	1266.94	1171.07
A	PER_PRSC	M	P_HTHAB	Malta		777.1		661.32	646.62	1190.68	1147.23	1044.54								
A	PER_PRSC	M	P_HTHAB	Netherlands	2643.55	2344.54	2146.58	2329.29	2259.29	2065.97	2085.29	1880.78	1854.3	1694.25	1639.72	1816.98	1674.53	1594.03	1795.06	1735.32
A	PER_PRSC	M	P_HTHAB	Norway	1253.68	1186.73	1195.67	1152.0	1117.8	2241.21	2149.59	2087.06	2073.12	1843.44	1755.87	1686.17	1568.82	1448.78	1383.32	1316.85
A	PER_PRSC	M	P_HTHAB	Poland						1979.98										
A	PER_PRSC	M	P_HTHAB	Portugal	2378.48	2106.99	2090.49	2026.2	2029.8	1858.64	1357.17	1524.7	1449.49	1322.98	1182.88	1141.05	872.22	1068.85	1127.8	1030.23
A	PER_PRSC	M	P_HTHAB	Romania	420.16	472.24	510.91	548.61	569.64	624.75	475.61	554.16	604.99	567.97	565.06	602.3	583.0	617.47	622.26	595.08
A	PER_PRSC	M	P_HTHAB	Serbia									1108.74	2476.83	2657.6	2416.31	2163.91	2177.13	2083.9	2065.66
A	PER_PRSC	M	P_HTHAB	Sweden	849.18	867.11	870.61	842.08	808.88	1508.61	1441.9	1399.64	1304.98	1365.24	1384.75	1390.2	1418.14	1350.07	1318.64	1330.23
A	PER_PRSC	M	P_HTHAB	Slovenia							1029.71	1008.19	940.65	920.96	743.3	729.79	722.03	656.83	619.27	645.27
A	PER_PRSC	M	P_HTHAB	Slovakia	1686.16	1752.94	1756.4	1684.5	1754.88	1744.02	1673.74	1401.3	1241.08	1257.24	1196.49	1130.26	1068.94	989.13	982.13	912.92
A	PER_PRSC	M	P_HTHAB	Turkey		6206.67	6452.36	6247.93	6242.98	5573.07	5568.26	5515.81	4972.02	5447.03	6210.83	7373.56	6251.62	7194.35	7688.43	7641.2
A	PER_PRSC	M	P_HTHAB	England and Wales	4717.91	4686.06	4511.69	4204.46	3825.35	21409.83	21230.19	3562.08	3428.54							
A	PER_PRSC	M	P_HTHAB	Scotland	2320.59	2180.27	2061.46	2018.1	1839.51	1793.57	1805.29			2959.74						
A	PER_PRSC	M	P_HTHAB	Northern Ireland			4180.99	3630.68	3573.31	4098.31	2914.51	2694.81	2515.97	2531.36						
A	PER_PRSC	T	NR	Albania	11882.0	11389.0	10857.0	10882.0	11484.0	12043.0	19322.0	19721.0	17446.0	16356.0	16249.0	14723.0	13409.0	16196.0	16246.0	13963.0
A	PER_PRSC	T	NR	Austria	303762.0	285550.0	278848.0	283954.0	286507.0	286949.0	303654.0	303037.0	310090.0	313381.0	300664.0	332622.0	305834.0	301567.0	336157.0	364380.0
A	PER_PRSC	T	NR	Bosnia and Herzegovina	20950.0	19273.0	20010.0	22448.0	22677.0	20363.0	21064.0	20026.0	17223.0	15922.0	15038.0	13890.0	11452.0	13365.0	12532.0	12532.0
A	PER_PRSC	T	NR	Belgium	613091.0	635294.0	638423.0	637694.0	591321.0	581896.0	582356.0	543239.0		537912.0	546725.0	584716.0	677467.0	633613.0	562478.0	567321.0
A	PER_PRSC	T	NR	Bulgaria	52149.0	52883.0	55210.0	57063.0	49484.0	47243.0	43077.0	38861.0	38469.0	37087.0	33318.0	31993.0	30861.0	31764.0	30915.0	30360.0
A	PER_PRSC	T	NR	Cyprus	103829.0	102179.0	117854.0	138744.0	129126.0	104344.0	125843.0	96039.0	82891.0	70960.0	60282.0	71190.0	53630.0	58704.0	64276.0	
A	PER_PRSC	T	NR	Czechia	110410.0	113215.0	101133.0	102767.0	103179.0	105678.0	103408.0	91472.0	84846.0	77220.0	76723.0	77321.0	67780.0	64381.0	68429.0	70441.0
A	PER_PRSC	T	NR	Germany	1087842.0	1056809.0	1018006.0	1003458.0	960225.0	935788.0	923384.0	910681.0	900615.0							
A	PER_PRSC	T	NR	Denmark	58514.0	61948.0	61247.0	73097.0	96034.0	82145.0	78027.0	96312.0	89569.0	86656.0	99350.0	99262.0	97679.0	88113.0	96060.0	94074.0
A	PER_PRSC	T	NR	Estonia	13804.0	11920.0	11010.0	11213.0	10467.0	9542.0	8629.0	8047.0	8524.0	7241.0	6226.0	6053.0	5008.0	4636.0	3795.0	3278.0
A	PER_PRSC	T	NR	Greece														8566.0	7196.0	11320.0
A	PER_PRSC	T	NR	Finland	241948.0	210456.0	210036.0	207064.0	195272.0	186695.0	176748.0	185292.0	159319.0	85679.0	86331.0	86284.0	83632.0	84363.0	81094.0	82674.0
A	PER_PRSC	T	NR	France				689029.0	675702.0	669663.0	667382.0	661865.0	676408.0	674848.0	698863.0	695807.0	605013.0	653017.0	660480.0	668036.0
A	PER_PRSC	T	NR	Croatia	74640.0			70250.0	66068.0	58477.0	53088.0	59427.0	61726.0	59756.0	55266.0	53883.0	49351.0	48872.0	47100.0	46740.0
A	PER_PRSC	T	NR	Hungary	92706.0	92640.0	100082.0	88032.0	76765.0	79032.0	79835.0	75299.0	73915.0	68280.0		108483.0	111677.0	119159.0	116642.0	125111.0
A	PER_PRSC	T	NR	Ireland		90193.0	84139.0	76881.0	65161.0											
A	PER_PRSC	T	NR	Iceland	3224.0			1957.0	2611.0	2837.0	2489.0	2395.0	2333.0	2286.0	2419.0	2784.0	2643.0	2164.0	2012.0	1664.0
A	PER_PRSC	T	NR	Italy	563948.0	1577949.0	1561537.0	1543054.0	1567225.0	1578135.0	1648465.0	1610495.0	1546612.0	1424399.0	1861598.0					
A	PER_PRSC	T	NR	Liechtenstein	2089.0	2967.0	2864.0	1066.0	1086.0		1078.0	1008.0	964.0	1087.0	1051.0		1284.0	1215.0	1393.0	1134.0
A	PER_PRSC	T	NR	Lithuania	16630.0	17610.0	18275.0	18436.0	20283.0	22945.0	22742.0	19661.0	17612.0	24899.0	21128.0	19019.0	18023.0	16278.0	16143.0	15804.0
A	PER_PRSC	T	NR	Luxembourg									16232.0	14172.0	10443.0	10942.0	9468.0	9786.0	9746.0	10320.0
A	PER_PRSC	T	NR	Latvia	12685.0	12328.0	10937.0	12890.0	13563.0	12397.0	9164.0	10060.0	12580.0	9785.0	9375.0	9408.0	9233.0	8811.0	8548.0	8842.0
A	PER_PRSC	T	NR	Montenegro	8677.0	7126.0	5588.0	5684.0	5554.0	7745.0	7393.0	6953.0	7334.0	7837.0	8642.0	8658.0	10134.0	10039.0	9161.0	9227.0
A	PER_PRSC	T	NR	North Macedonia	26409.0	30404.0	30004.0	31284.0	31860.0	34436.0	37164.0			21460.0		12780.0	14314.0	12822.0	12902.0	12007.0
A	PER_PRSC	T	NR	Malta		1844.0		1577.0	1571.0	2903.0	2858.0	2697.0	1720.0	2311.0						
A	PER_PRSC	T	NR	Netherlands	252197.0	226509.0	208420.0	227953.0	222851.0	206328.0	208288.0	187950.0	186386.0	170789.0	166355.0	184416.0	168656.0	160641.0	179383.0	175654.0
A	PER_PRSC	T	NR	Norway	69958.0	66920.0	68185.0	66699.0	65654.0	66696.0	64977.0	64274.0	64500.0	57781.0	55414.0	53183.0	49948.0	46737.0	45053.0	43183.0
A	PER_PRSC	T	NR	Poland	555091.0	557119.0	549815.0	560949.0	533408.0	505927.0	361825.0	393819.0	302803.0	269512.0	269002.0	286620.0	260763.0	302338.0	241927.0	232739.0
A	PER_PRSC	T	NR	Portugal	141109.0	125260.0	124186.0	120604.0	120719.0	110682.0	80519.0	90069.0	85547.0	78158.0	69788.0	67461.0	51564.0	63669.0	67703.0	62131.0
A	PER_PRSC	T	NR	Romania	45073.0	49743.0	56949.0	60980.0	59739.0	65711.0	50342.0	58909.0	145851.0	132313.0	133354.0	133339.0	120231.0	125410.0	124858.0	123071.0
A	PER_PRSC	T	NR	Serbia	61740.0	63771.0	54908.0	54939.0	58955.0	58423.0	41011.0	43569.0	44963.0	105084.0	111546.0	104027.0	92072.0	90260.0	86788.0	85886.0
A	PER_PRSC	T	NR	Sweden	97464.0	100945.0	101438.0	98192.0	94198.0	87868.0	85238.0	83964.0	79026.0	82664.0	85145.0	86928.0	90784.0	87196.0	85990.0	88403.0
A	PER_PRSC	T	NR	Slovenia	15080.0	14511.0	14680.0	13867.0	13039.0	12815.0	12299.0	12093.0	11388.0	11065.0	8856.0	8886.0	8865.0	8119.0	7643.0	8006.0
A	PER_PRSC	T	NR	Slovakia	51029.0	53413.0	53557.0	52010.0	54100.0	53899.0	51733.0	43772.0	39139.0	39678.0	35748.0	34102.0	31866.0	29362.0	29913.0	29059.0
A	PER_PRSC	T	NR	Turkey		3154560.0	3287783.0	3317023.0	3474826.0	2556189.0	2590829.0	2614148.0	2387388.0	2649035.0	3077013.0	4409513.0	3860256.0	4567925.0	4866082.0	4808274.0
A	PER_PRSC	T	NR	England and Wales	1629113.0	1682888.0	1642548.0	1570312.0	1475470.0	1432318.0	1458921.0	1481472.0	1445304.0							
A	PER_PRSC	T	NR	Scotland	70136.0	66343.0	62999.0	62104.0	57010.0	55829.0	56714.0			95254.0						
A	PER_PRSC	T	NR	Northern Ireland			43725.0	38330.0	38422.0	48200.0	31480.0	39810.0	37637.0	28354.0	29308.0					
A	PER_PRSC	T	NR	Kosovo			29906.0	38323.0	36224.0	30869.0	27089.0	35844.0	39291.0	42469.0	38675.0	33124.0				
A	PER_PRSC	T	P_HTHAB	Albania	374.82	357.62		384.29				683.38	606.69	568.59	566.1	514.35	471.16	572.35	581.55	505.58
A	PER_PRSC	T	P_HTHAB	Austria	3656.26	3425.91	3338.84	3390.43	3407.5	3395.1	3569.13	3529.87	3564.06	3572.16	3408.01	3754.72	3435.93	3376.0	3743.84	4002.08
A	PER_PRSC	T	P_HTHAB	Bosnia and Herzegovina	545.03	501.38	520.55	584.1	590.66											
A	PER_PRSC	T	P_HTHAB	Belgium	5747.62	5908.02	5889.56	5796.88	5329.69	5213.35	5208.52	4834.26		4738.59	4796.43	5104.23	5879.54	5483.56	4841.59	4831.23
A	PER_PRSC	T	P_HTHAB	Bulgaria	693.66	708.21	743.89	774.32	675.34	648.54	594.52	539.57	537.74	522.22	472.59	457.04	443.95	459.25	476.9	470.86
A	PER_PRSC	T	P_HTHAB	Cyprus	13374.29	12821.58	14387.53	16522.04	14979.62	12050.66	14667.02	11338.62	9771.21	8301.34	6975.18	8127.65	6039.38	6551.73	7104.64	
A	PER_PRSC	T	P_HTHAB	Czechia	1067.44	1085.91	966.66	979.97	982.15	1004.91	983.67	868.0	803.93	729.95	723.12	726.03	633.82	613.45	650.67	650.57
A	PER_PRSC	T	P_HTHAB	Germany	1323.12	1288.75	1244.47	1250.85	1195.38	1162.13	1143.26	1121.56	1095.96							
A	PER_PRSC	T	P_HTHAB	Denmark	1068.59	1123.99	1106.59	1314.55	1720.88	1466.19	1386.6	1701.71	1569.39	1507.38	1718.5	1709.62	1677.54	1508.77	1635.5	1585.7
A	PER_PRSC	T	P_HTHAB	Estonia	1031.35	892.39	825.78	843.3	789.83	722.78	655.79	612.0	647.75	550.38	471.98	456.89	376.83	348.55	284.95	239.99
A	PER_PRSC	T	P_HTHAB	Greece														80.22	68.8	108.7
A	PER_PRSC	T	P_HTHAB	Finland	4564.64	3951.25	3924.86	3852.16	3615.3	3440.32	3242.33	3386.34	2903.41	1556.87	1565.92	1563.71	1513.62	1524.51	1461.62	1485.88
A	PER_PRSC	T	P_HTHAB	France				1060.39	1035.13	1020.82	1008.65	995.91	1015.04	1010.1	1042.67	1035.77	896.67	964.17	969.99	978.42
A	PER_PRSC	T	P_HTHAB	Croatia	1731.0			1637.58	1545.09	1372.01	1250.07	1406.45	1472.94	1438.44	1346.15	1321.88	1216.09	1210.8	1219.48	1213.74
A	PER_PRSC	T	P_HTHAB	Hungary	922.87	923.54	999.39	881.58	772.91	797.59	808.26	764.02	751.9	696.91		1110.06	1152.57	1234.62	1213.71	1303.27
A	PER_PRSC	T	P_HTHAB	Ireland		1994.84	1849.44	1681.97	1421.89											
A	PER_PRSC	T	P_HTHAB	Iceland	1022.0			614.54	817.02	881.45	764.27	727.74	701.59	675.63	694.22	779.85	725.83	586.78	534.75	429.13
A	PER_PRSC	T	P_HTHAB	Italy	961.5	2674.46	2638.17	2599.28	2638.68	2644.1	2712.06	2649.03	2549.41	2350.9	3077.84					
A	PER_PRSC	T	P_HTHAB	Liechtenstein	5908.47	8336.85	7979.05	2948.91	2977.38		2903.39	2697.64	2562.33	2874.9	2757.52		3313.8	3111.0	3543.81	2858.08
A	PER_PRSC	T	P_HTHAB	Lithuania	517.65	553.1	581.64	603.95	675.28	772.06	772.62	673.03	609.72	874.29	752.18	680.66	641.39	579.13	575.3	553.11
A	PER_PRSC	T	P_HTHAB	Luxembourg									2816.84	2399.32	1734.7	1782.39	1512.2	1541.76	1510.08	1561.72
A	PER_PRSC	T	P_HTHAB	Latvia	578.75	569.99	515.77	621.32	663.29	612.55	457.86	506.52	638.92	501.77	484.65	490.01	483.99	465.4	455.71	469.57
A	PER_PRSC	T	P_HTHAB	Montenegro	1409.65	1154.65	902.74	917.0	895.36	1247.4	1189.5	1117.67	1178.69	1259.18	1388.59	1391.55	1629.59	1617.27	1483.12	1496.2
A	PER_PRSC	T	P_HTHAB	North Macedonia	1291.28	1484.12	1461.67	1520.65	1546.76	1669.79	1799.04			1034.86		615.27	689.41	619.78	702.3	656.14
A	PER_PRSC	T	P_HTHAB	Malta		448.74		380.01	376.25	688.95	665.54	613.39	381.87	502.07						
A	PER_PRSC	T	P_HTHAB	Netherlands	1537.28	1373.97	1257.44	1368.61	1332.02	1229.64	1237.65	1112.08	1097.74	999.85	968.25	1067.09	968.87	919.24	1019.76	986.19
A	PER_PRSC	T	P_HTHAB	Norway	1476.79	1394.38	1403.5	1355.59	1316.8	1320.38	1272.07	1244.05	1237.83	1098.85	1046.41	998.14	930.55	866.89	830.43	786.72
A	PER_PRSC	T	P_HTHAB	Poland	1456.33	1460.88	1446.01	1473.75	1401.35	1329.2	951.72	1036.21	797.54	709.75	708.33	754.8	686.98	798.99	655.81	633.24
A	PER_PRSC	T	P_HTHAB	Portugal	1337.1	1185.84	1174.5	1140.71	1145.08	1055.39	772.19	868.15	827.23	758.11	678.14	656.45	496.98	612.54	649.67	590.79
A	PER_PRSC	T	P_HTHAB	Romania	218.42	243.36	265.35	284.77	297.27	328.23	252.37	296.46	738.09	673.56	682.69	686.8	622.03	653.12	655.68	645.89
A	PER_PRSC	T	P_HTHAB	Serbia	838.23	869.41	751.48	757.62	816.93	813.52	573.84	612.41	635.4	1492.61	1593.19	1493.83	1329.23	1313.53	1276.84	1293.23
A	PER_PRSC	T	P_HTHAB	Sweden	1061.36	1090.55	1085.98	1042.87	993.35	919.52	883.77	861.4	802.21	827.04	841.33	849.72	879.04	840.1	822.69	840.21
A	PER_PRSC	T	P_HTHAB	Slovenia	750.15	714.0	717.16	676.38	634.35	622.44	596.72	586.22	551.69	535.6	428.47	427.03	422.98	384.97	362.71	378.18
A	PER_PRSC	T	P_HTHAB	Slovakia	949.19	992.36	993.56	964.5	1001.05	996.13	955.2	807.4	721.29	730.0	656.76	625.68	583.85	537.79	550.41	535.28
A	PER_PRSC	T	P_HTHAB	Turkey		4410.92	4531.04	4499.31	4650.2	3379.98	3379.29	3364.59	3031.95	3318.97	3807.69	5377.2	4642.24	5463.09	5746.42	5638.25
A	PER_PRSC	T	P_HTHAB	England and Wales	2982.89	3057.62	2961.43	2807.52	2617.47	2523.53	2551.61	2569.91	2486.2							
A	PER_PRSC	T	P_HTHAB	Scotland	1352.42	1271.69	1200.77	1176.08	1074.39	1049.39	1062.57			1759.17						
A	PER_PRSC	T	P_HTHAB	Northern Ireland			2430.49	2118.22	2112.33	2638.7	1715.26	1587.89	1488.87	1518.99						
A	PER_PRSC	T	P_HTHAB	Kosovo			1354.37	2135.96					2217.82	2381.18	2150.4	1844.66				
A	PER_SUSP	F	NR	Austria	47480.0	47759.0	48422.0	51831.0	52295.0	54424.0	53102.0	50210.0	52767.0	53999.0	56642.0	61707.0	56094.0	55085.0	63020.0	73329.0
A	PER_SUSP	F	NR	Bosnia and Herzegovina					64.0	47.0	59.0	33.0	486.0		74.0	964.0	1359.0	1569.0	1461.0	1483.0
A	PER_SUSP	F	NR	Belgium	44220.0	46979.0	48043.0	49854.0	48727.0	48673.0	48473.0	44181.0		39505.0	39631.0	40409.0	69855.0	53130.0	39771.0	39593.0
A	PER_SUSP	F	NR	Bulgaria	6001.0	6173.0	7046.0	6487.0	6109.0	6030.0	7659.0	5451.0	5646.0	6936.0	6924.0	6442.0	6057.0	6040.0	5967.0	6310.0
A	PER_SUSP	F	NR	Switzerland		27726.0	28283.0	26913.0	27154.0	25803.0	25053.0	26080.0	26212.0	25809.0	26966.0	27114.0	26114.0	26438.0	27738.0	29536.0
A	PER_SUSP	F	NR	Cyprus		399.0		675.0	871.0	555.0	742.0	595.0	648.0	658.0	516.0	556.0	561.0	609.0	904.0	674.0
A	PER_SUSP	F	NR	Czechia	15237.0	15958.0	14804.0	15260.0	14443.0	16738.0	16962.0	15925.0	15422.0	14831.0	14428.0	14860.0	12032.0	11150.0	11787.0	12609.0
A	PER_SUSP	F	NR	Germany	520964.0	526879.0	520668.0	513089.0	510214.0	539061.0	552263.0	587648.0	593067.0	529617.0	510136.0	504544.0	488365.0	472409.0	528542.0	571226.0
A	PER_SUSP	F	NR	Denmark								3491.0	3453.0	3228.0	3091.0	3425.0	3549.0	3436.0	3810.0	3600.0
A	PER_SUSP	F	NR	Greece							24252.0	26615.0	18053.0	19200.0	20901.0	19527.0	18874.0	20571.0	25278.0	31007.0
A	PER_SUSP	F	NR	Spain	28363.0	33776.0	33168.0	42054.0	44966.0	49456.0	48196.0	64638.0	63471.0	64901.0	67427.0	69542.0	71484.0	79179.0	89861.0	100041.0
A	PER_SUSP	F	NR	Finland	87219.0	102259.0	108390.0	112344.0	100511.0	110481.0	108214.0	110176.0	4073.0	114759.0	131022.0	123202.0	80183.0	34717.0	33148.0	35182.0
A	PER_SUSP	F	NR	France	177216.0	182884.0	184052.0	189956.0	198930.0	196271.0	198051.0	196725.0	193952.0	203093.0	271887.0	272248.0	246583.0	266623.0	264011.0	286782.0
A	PER_SUSP	F	NR	Croatia	3575.0	3510.0	3285.0	3519.0	3041.0	2700.0	2442.0	2468.0	2545.0	2437.0	2334.0	2456.0	2477.0	2971.0	3110.0	3276.0
A	PER_SUSP	F	NR	Hungary	25619.0	24833.0	29155.0	27764.0	26085.0	24882.0	20299.0	17396.0	15409.0	14663.0	9619.0	27141.0	23269.0	25783.0	26814.0	29651.0
A	PER_SUSP	F	NR	Ireland												22806.0	19933.0	17440.0	19570.0	21610.0
A	PER_SUSP	F	NR	Iceland							1044.0	903.0	1010.0	1144.0	1237.0	1180.0	1172.0	1281.0	1188.0	1313.0
A	PER_SUSP	F	NR	Italy	153975.0	154136.0	156993.0	164691.0	176933.0	190386.0	189276.0	185018.0	154675.0	150809.0	158852.0	154610.0	143059.0	154898.0	150198.0	140662.0
A	PER_SUSP	F	NR	Liechtenstein	305.0	232.0	208.0	279.0	82.0		360.0	384.0	381.0			95.0	104.0			
A	PER_SUSP	F	NR	Lithuania	2247.0	2258.0	25.0	24.0	27.0	3449.0	3554.0	2807.0	2289.0	2969.0	2491.0	2562.0	2812.0	2652.0	2780.0	2677.0
A	PER_SUSP	F	NR	Luxembourg	4481.0	5204.0	4778.0	5881.0		6866.0	7371.0	6752.0	7182.0	5574.0	5727.0	6499.0	7274.0	6811.0	7229.0	
A	PER_SUSP	F	NR	Latvia			3342.0	3208.0	3274.0	2946.0	2829.0	2915.0	2150.0	2204.0	1900.0	1893.0	1723.0	1713.0	1706.0	1796.0
A	PER_SUSP	F	NR	Montenegro							275.0	299.0	255.0	318.0	371.0	381.0	542.0	575.0	395.0	434.0
A	PER_SUSP	F	NR	Malta	683.0	770.0	1038.0	1209.0	1184.0	1152.0	1243.0	1200.0	1258.0	1099.0	1247.0	1055.0	1018.0	1210.0	1247.0	1442.0
A	PER_SUSP	F	NR	Netherlands	70640.0	64475.0	60975.0	59630.0	58745.0	56495.0	39929.0	46555.0	33268.0	31790.0	30040.0	30110.0	26420.0	23360.0	26620.0	25430.0
A	PER_SUSP	F	NR	Norway	14604.0	13980.0	13868.0	13630.0	13322.0	13252.0	13284.0	13537.0	13361.0	12274.0	11780.0	11272.0	11609.0	11480.0	11054.0	11131.0
A	PER_SUSP	F	NR	Poland	50630.0	58040.0	51721.0	51611.0	49952.0	44452.0	40802.0	36009.0	36635.0	37556.0	37823.0	39941.0	36289.0	37503.0	38724.0	39159.0
A	PER_SUSP	F	NR	Romania	27268.0	28175.0	27997.0	23927.0												
A	PER_SUSP	F	NR	Serbia	5711.0	5381.0	4935.0	5035.0	5018.0	5455.0	5041.0	5388.0	5684.0	5955.0	6020.0	6130.0	5713.0	5869.0	5944.0	5977.0
A	PER_SUSP	F	NR	Sweden	38893.0	41511.0	41670.0	40267.0	38580.0	36019.0	36540.0	40007.0	35136.0	34748.0	36338.0	39649.0	44921.0	43710.0	42697.0	45051.0
A	PER_SUSP	F	NR	Slovenia	2713.0	3139.0	3554.0	3360.0	3469.0	3834.0	3718.0	3409.0	2795.0	3198.0	3334.0	3384.0	3121.0	2930.0	3368.0	3352.0
A	PER_SUSP	F	NR	Slovakia	7145.0	8013.0	7624.0	8247.0	7888.0	8022.0	7656.0	7042.0	6500.0	7074.0	6764.0	6464.0	5420.0	5102.0	5693.0	5666.0
A	PER_SUSP	F	NR	Turkey		165781.0	199210.0	214402.0	254417.0				22790.0	21173.0	24259.0	30470.0				
A	PER_SUSP	F	NR	Northern Ireland	14505.0															
A	PER_SUSP	F	NR	Kosovo										3379.0	3387.0	3514.0	2803.0			
A	PER_SUSP	F	P_HTHAB	Austria	1113.12	1116.37	1129.92	1206.41	1213.35	1257.42	1220.38	1145.16	1191.69	1210.62	1263.27	1370.74	1240.39	1214.47	1384.01	1587.22
A	PER_SUSP	F	P_HTHAB	Bosnia and Herzegovina					3.26											
A	PER_SUSP	F	P_HTHAB	Belgium	812.49	856.59	869.13	890.42	863.48	857.79	852.34	773.31		685.56	685.14	695.42	1195.9	907.54	675.92	665.8
A	PER_SUSP	F	P_HTHAB	Bulgaria	155.56	161.12	185.04	171.59	162.45	161.25	205.85	147.32	153.57	189.93	190.87	178.73	169.1	169.34	177.36	188.46
A	PER_SUSP	F	P_HTHAB	Switzerland		708.17	662.99	633.23	639.49	633.9	608.45	626.35	623.26	607.83	630.39	629.47	602.1	605.31	630.32	665.91
A	PER_SUSP	F	P_HTHAB	Cyprus		98.03		156.62	196.61	124.76	168.46	136.72	148.75	150.18	116.55	124.09	123.7	132.87	194.99	139.27
A	PER_SUSP	F	P_HTHAB	Czechia	288.67	300.58	277.96	285.79	270.1	312.76	317.04	297.03	287.32	275.76	267.67	274.9	221.91	209.43	221.02	228.47
A	PER_SUSP	F	P_HTHAB	Germany	1242.06	1259.93	1248.64	1248.47	1241.46	1310.22	1340.1	1420.74	1423.54	1266.28	1216.09	1199.79	1159.21	1121.35	1253.35	1353.65
A	PER_SUSP	F	P_HTHAB	Denmark								122.55	120.34	111.75	106.41	117.41	121.3	117.06	129.13	120.66
A	PER_SUSP	F	P_HTHAB	Greece							432.02	476.15	324.72	346.14	377.88	353.99	342.97	375.21	472.92	582.77
A	PER_SUSP	F	P_HTHAB	Spain	122.9	144.6	141.11	178.06	189.58	208.59	203.92	273.62	268.57	273.92	283.59	290.63	296.2	327.57	371.36	408.0
A	PER_SUSP	F	P_HTHAB	Finland	1761.69	2038.18	2159.01	2231.07	1972.61	4002.86	3905.37	3963.32	146.2	4111.8	4689.41	4408.53	2866.72	1239.9	1181.69	1251.81
A	PER_SUSP	F	P_HTHAB	France	536.58	550.82	551.76	566.77	590.97	580.21	582.41	573.81	563.96	588.75	785.53	784.54	707.99	762.95	751.97	814.98
A	PER_SUSP	F	P_HTHAB	Croatia	159.96	157.19	147.43	158.43	137.37	122.41	111.15	112.9	117.4	113.4	109.9	116.75	118.71	143.43	155.5	164.7
A	PER_SUSP	F	P_HTHAB	Hungary	485.59	471.4	554.55	529.66	500.94	479.16	392.33	337.15	299.67	286.26	188.36	532.5	463.02	515.24	538.27	596.06
A	PER_SUSP	F	P_HTHAB	Ireland												921.32	787.59	681.86	751.52	810.32
A	PER_SUSP	F	P_HTHAB	Iceland				530.15	460.4		643.04	550.9	611.16	683.74	724.03	677.56	661.43	712.66	648.64	699.15
A	PER_SUSP	F	P_HTHAB	Italy	509.15	506.52	514.04	537.34	576.94	618.22	604.75	591.22	495.61	484.24	511.5	503.85	467.64	510.04	497.16	466.04
A	PER_SUSP	F	P_HTHAB	Liechtenstein	1703.15	1289.03	1147.59	1527.68	444.85		1922.15	2041.14	2009.28			490.88	532.46			
A	PER_SUSP	F	P_HTHAB	Lithuania	130.25	132.01	151.56	146.65	167.09	215.16	223.88	178.22	146.83	193.33	164.79	170.96	186.16	176.12	185.41	175.95
A	PER_SUSP	F	P_HTHAB	Luxembourg	1835.03	2092.78	1891.08	2286.36	2582.19	2555.96	2684.63	2402.97	2501.95	1895.75	1912.67	2129.6	2337.82	2160.34	2256.71	
A	PER_SUSP	F	P_HTHAB	Latvia			290.72	284.73	294.95	268.49	260.88	271.19	201.94	209.02	181.86	182.89	167.82	168.27	169.46	177.7
A	PER_SUSP	F	P_HTHAB	Montenegro							87.48	95.05	81.09	101.07	117.92	121.16	172.44	183.19	126.4	139.1
A	PER_SUSP	F	P_HTHAB	Malta	333.01	373.21	499.46	579.62	564.21	544.72	578.43	547.44	561.56	480.68	530.41	436.45	409.99	486.9	499.39	560.59
A	PER_SUSP	F	P_HTHAB	Netherlands	851.77	774.07	728.36	708.84	695.41	666.83	470.03	545.92	388.55	369.38	347.12	346.05	301.61	265.79	300.95	283.79
A	PER_SUSP	F	P_HTHAB	Norway	308.29	291.3	285.46	277.02	267.2	526.84	522.79	527.29	516.45	470.41	448.38	426.46	436.26	429.62	411.24	408.7
A	PER_SUSP	F	P_HTHAB	Poland	256.95	294.31	263.74	262.88	254.38	226.38	208.03	183.64	187.01	191.66	193.01	203.86	185.29	192.0	203.34	206.31
A	PER_SUSP	F	P_HTHAB	Romania	257.58	268.63	254.26	217.71												
A	PER_SUSP	F	P_HTHAB	Serbia	150.91	142.79	131.49	135.33	135.54	148.05	137.47	147.62	156.58	164.9	167.65	171.66	160.84	166.47	170.36	175.19
A	PER_SUSP	F	P_HTHAB	Sweden	423.54	448.46	446.11	427.66	406.84	751.96	756.44	820.64	714.14	697.5	721.34	779.3	875.35	847.68	822.42	862.51
A	PER_SUSP	F	P_HTHAB	Slovenia	265.01	305.23	344.09	324.44	333.95	368.74	357.43	327.59	268.53	307.27	320.63	324.68	298.72	279.3	320.92	318.12
A	PER_SUSP	F	P_HTHAB	Slovakia	258.65	289.9	275.55	298.02	284.5	289.1	275.7	253.4	233.8	254.13	242.73	231.74	194.09	182.65	205.02	204.28
A	PER_SUSP	F	P_HTHAB	Turkey		465.47	551.85	584.52	684.08				58.09	53.24	60.23	74.56				
A	PER_SUSP	F	P_HTHAB	Northern Ireland	1604.97															
A	PER_SUSP	F	P_HTHAB	Kosovo										374.9	372.05	386.05	308.96			
A	PER_SUSP	M	NR	Austria	185505.0	191821.0	185055.0	200861.0	201335.0	205726.0	202713.0	194463.0	211378.0	209983.0	224541.0	233730.0	213279.0	203621.0	229055.0	246030.0
A	PER_SUSP	M	NR	Bosnia and Herzegovina					742.0	472.0	668.0	538.0	7660.0		738.0	10164.0	16888.0	17331.0	16715.0	16820.0
A	PER_SUSP	M	NR	Belgium	179010.0	183572.0	179926.0	183479.0	175437.0	172382.0	173875.0	163366.0		155305.0	158842.0	163467.0	244335.0	186125.0	156096.0	153396.0
A	PER_SUSP	M	NR	Bulgaria	49503.0	49227.0	52160.0	44790.0	39962.0	38561.0	48214.0	35374.0	40545.0	43586.0	41525.0	39777.0	38297.0	38311.0	39279.0	40159.0
A	PER_SUSP	M	NR	Switzerland		104768.0	102976.0	101149.0	105780.0	101467.0	93484.0	95142.0	95180.0	93943.0	95186.0	94946.0	90266.0	88465.0	92108.0	97009.0
A	PER_SUSP	M	NR	Cyprus	2952.0	3447.0		5568.0	5514.0	5401.0	4863.0	4623.0	3826.0	3984.0	3831.0	3802.0	3252.0	3630.0	4445.0	4887.0
A	PER_SUSP	M	NR	Czechia	105929.0	106463.0	97673.0	99715.0	89751.0	100858.0	97430.0	85672.0	76177.0	71956.0	70243.0	70917.0	61378.0	56886.0	61591.0	64613.0
A	PER_SUSP	M	NR	Germany	1633340.0	1626181.0	1540175.0	1514154.0	1508455.0	1555099.0	1597241.0	1781388.0	1767739.0	1603259.0	1541130.0	1514667.0	1481252.0	1419594.0	1565240.0	1675541.0
A	PER_SUSP	M	NR	Denmark								31689.0	31397.0	30380.0	30951.0	32655.0	32175.0	32119.0	33305.0	30747.0
A	PER_SUSP	M	NR	Greece							76017.0	83710.0	93481.0	96243.0	103356.0	102778.0	94265.0	96994.0	119492.0	132725.0
A	PER_SUSP	M	NR	Spain		300852.0	289716.0	335726.0	324637.0	318789.0	301728.0	313056.0	301601.0	307859.0	321722.0	336596.0	342326.0	372475.0	416701.0	454945.0
A	PER_SUSP	M	NR	Finland	308593.0	338141.0	347447.0	347532.0	310337.0	314400.0	290739.0	288301.0	14346.0	295942.0	314092.0	294172.0	212969.0	116447.0	112406.0	115234.0
A	PER_SUSP	M	NR	France	995177.0	991953.0	962263.0	982591.0	953169.0	909751.0	913831.0	894968.0	865278.0	940315.0	1439642.0	1448583.0	1348356.0	1504824.0	1538837.0	1608192.0
A	PER_SUSP	M	NR	Croatia		28921.0	27967.0	27410.0	24412.0	19650.0	17577.0	17315.0	16183.0	15436.0	14916.0	16071.0	16344.0	17527.0	17662.0	19693.0
A	PER_SUSP	M	NR	Hungary	130731.0	119027.0	134705.0	128972.0	121474.0	120224.0	99247.0	87748.0	81695.0	76727.0	48320.0	108676.0	115315.0	120582.0	116970.0	123370.0
A	PER_SUSP	M	NR	Ireland												95135.0	91335.0	81642.0	84968.0	86274.0
A	PER_SUSP	M	NR	Iceland							4641.0	3037.0	4444.0	4913.0	5260.0	5235.0	4535.0	4593.0	4631.0	4996.0
A	PER_SUSP	M	NR	Italy	735185.0	714589.0	710520.0	736012.0	756283.0	787566.0	792984.0	778232.0	738851.0	728299.0	710688.0	700171.0	658441.0	675941.0	668189.0	656057.0
A	PER_SUSP	M	NR	Liechtenstein		1264.0	841.0	1100.0	502.0		1341.0	1323.0	1266.0			394.0	422.0			
A	PER_SUSP	M	NR	Lithuania	18657.0	19069.0	191.0	191.0	237.0	27273.0	27098.0	24018.0	18805.0	24769.0	21584.0	20882.0	22071.0	19414.0	19575.0	19180.0
A	PER_SUSP	M	NR	Luxembourg		17253.0	15801.0	18061.0		20449.0	22077.0	21684.0	19134.0	18337.0	20030.0	22533.0	24314.0	25540.0	27430.0	
A	PER_SUSP	M	NR	Latvia			22272.0	21321.0	21315.0	19187.0	19132.0	20330.0	12894.0	12157.0	11525.0	11458.0	11024.0	10666.0	10566.0	10765.0
A	PER_SUSP	M	NR	Montenegro							4010.0	3553.0	3351.0	3273.0	4054.0	3487.0	6099.0	5044.0	3720.0	3909.0
A	PER_SUSP	M	NR	Malta	2847.0	2876.0	3452.0	3850.0	3957.0	4166.0	4040.0	4232.0	4118.0	4366.0	4539.0	4196.0	4323.0	4800.0	4674.0	5167.0
A	PER_SUSP	M	NR	Netherlands	384265.0	345840.0	322450.0	314410.0	303045.0	283825.0	161130.0	235090.0	137520.0	140150.0	135350.0	137300.0	125550.0	117860.0	128280.0	123980.0
A	PER_SUSP	M	NR	Norway	71271.0	68829.0	69767.0	68157.0	67636.0	69060.0	67914.0	66803.0	66640.0	61540.0	58717.0	58073.0	58277.0	53458.0	50495.0	49620.0
A	PER_SUSP	M	NR	Poland		470899.0	464434.0	470331.0	450587.0	385649.0	322814.0	283390.0	275788.0	271459.0	299063.0	298643.0	274395.0	284697.0	278355.0	166418.0
A	PER_SUSP	M	NR	Romania	203151.0	207436.0	215038.0	188948.0												
A	PER_SUSP	M	NR	Serbia	51255.0	50202.0	50329.0	47253.0	45120.0	46691.0	43692.0	44231.0	43917.0	44710.0	44386.0	44664.0	41298.0	40817.0	39981.0	39125.0
A	PER_SUSP	M	NR	Sweden	142934.0	149994.0	152315.0	149326.0	146137.0	137475.0	135891.0	136243.0	134981.0	139907.0	142586.0	147776.0	153438.0	147067.0	145770.0	148267.0
A	PER_SUSP	M	NR	Slovenia	14817.0	16198.0	16619.0	15842.0	15084.0	14584.0	14595.0	12662.0	11358.0	12244.0	12370.0	12788.0	12507.0	11327.0	12000.0	12607.0
A	PER_SUSP	M	NR	Slovakia	43783.0	46874.0	44426.0	44776.0	45619.0	45831.0	43393.0	39387.0	36354.0	35837.0	34662.0	33875.0	30904.0	29060.0	29197.0	28544.0
A	PER_SUSP	M	NR	Turkey		1104208.0	1203158.0	1286828.0	1424120.0				125733.0	119519.0	127752.0	137780.0				
A	PER_SUSP	M	NR	Kosovo										31921.0	29335.0	29897.0	27811.0			
A	PER_SUSP	M	P_HTHAB	Austria	4588.88	4728.22	4551.05	4924.43	4912.83	4988.96	4878.03	4629.63	4947.35	4869.24	5175.52	5364.43	4870.75	4630.96	5175.82	5485.85
A	PER_SUSP	M	P_HTHAB	Bosnia and Herzegovina					39.56											
A	PER_SUSP	M	P_HTHAB	Belgium	3426.48	3484.23	3387.02	3396.68	3217.98	3141.39	3164.94	2957.35		2778.63	2829.28	2895.87	4300.74	3265.08	2722.46	2646.52
A	PER_SUSP	M	P_HTHAB	Bulgaria	1352.41	1353.93	1443.29	1248.01	1120.4	1087.74	1367.79	1010.1	1166.03	1263.37	1213.33	1171.39	1136.53	1143.71	1259.68	1295.66
A	PER_SUSP	M	P_HTHAB	Switzerland		2766.75	2485.53	2423.33	2530.0	2556.79	2324.26	2335.41	2309.37	2250.97	2262.87	2240.81	2114.52	2056.08	2123.18	2214.84
A	PER_SUSP	M	P_HTHAB	Cyprus	775.91	884.01		1362.18	1316.01	1282.79	1164.68	1122.56	927.08	956.17	908.88	888.67	748.5	829.43	1007.75	1050.68
A	PER_SUSP	M	P_HTHAB	Czechia	2091.34	2080.71	1901.67	1937.26	1739.96	1952.97	1887.31	1654.88	1468.8	1383.59	1345.71	1352.3	1164.23	1100.12	1188.15	1217.16
A	PER_SUSP	M	P_HTHAB	Germany	4055.54	4046.81	3840.49	3870.08	3845.16	3948.86	4037.83	4471.87	4363.27	3939.49	3773.25	3697.31	3609.5	3460.19	3811.45	4094.7
A	PER_SUSP	M	P_HTHAB	Denmark								1127.32	1106.35	1062.17	1076.01	1130.29	1110.66	1105.7	1139.44	1042.62
A	PER_SUSP	M	P_HTHAB	Greece							1430.71	1588.91	1789.38	1843.28	1983.79	1973.35	1807.41	1866.69	2336.23	2605.85
A	PER_SUSP	M	P_HTHAB	Spain		1314.88	1260.61	1456.54	1405.42	1384.97	1318.89	1371.46	1322.38	1348.21	1406.01	1462.87	1475.59	1603.61	1789.28	1930.55
A	PER_SUSP	M	P_HTHAB	Finland	5821.98	6348.5	6492.6	6465.38	5745.63	11790.2	10847.0	10710.09	531.04	10911.0	11551.19	10802.08	7806.03	4259.52	4097.77	4185.04
A	PER_SUSP	M	P_HTHAB	France	3212.3	3184.65	3074.15	3123.01	3015.84	2863.31	2861.4	2781.63	2683.25	2909.9	4441.39	4460.49	4130.36	4590.38	4665.6	4860.29
A	PER_SUSP	M	P_HTHAB	Croatia		1392.6	1348.03	1324.95	1183.72	955.51	857.52	849.1	800.03	769.79	752.65	814.72	828.95	891.99	948.4	1057.7
A	PER_SUSP	M	P_HTHAB	Hungary	2740.94	2498.97	2831.78	2718.69	2571.06	2549.3	2110.12	1868.66	1742.45	1641.12	1034.33	2324.21	2472.51	2594.63	2526.96	2667.31
A	PER_SUSP	M	P_HTHAB	Ireland												3916.82	3680.32	3253.73	3331.78	3312.44
A	PER_SUSP	M	P_HTHAB	Iceland				1909.3	1857.03		2841.7	1838.53	2656.78	2872.55	2961.71	2863.21	2425.9	2429.61	2398.3	2498.52
A	PER_SUSP	M	P_HTHAB	Italy	2587.66	2501.19	2480.05	2563.14	2632.69	2726.12	2689.49	2637.93	2508.29	2473.36	2415.04	2403.51	2266.57	2341.63	2318.57	2276.8
A	PER_SUSP	M	P_HTHAB	Liechtenstein		7185.49	4732.96	6150.06	2782.4		7288.04	7130.92	6784.57			2070.96	2196.2			
A	PER_SUSP	M	P_HTHAB	Lithuania	1254.32	1294.26	1322.03	1363.47	1715.85	1992.34	1998.38	1784.06	1414.33	1887.61	1663.77	1611.77	1698.45	1487.7	1498.16	1435.83
A	PER_SUSP	M	P_HTHAB	Luxembourg		7046.79	6335.45	7093.34	7316.48	7618.51	8024.59	7690.13	6616.34	6181.55	6619.74	7298.85	7719.61	7994.84	8438.34	
A	PER_SUSP	M	P_HTHAB	Latvia			2293.88	2249.2	2280.14	2070.73	2086.27	2231.11	1425.86	1357.29	1295.47	1294.82	1251.37	1218.66	1215.8	1234.06
A	PER_SUSP	M	P_HTHAB	Montenegro							1305.53	1155.36	1088.93	1063.52	1317.34	1133.2	1983.06	1643.72	1218.98	1282.94
A	PER_SUSP	M	P_HTHAB	Malta	1404.3	1405.62	1674.08	1865.26	1905.2	1984.94	1883.16	1919.38	1818.94	1884.63	1886.54	1666.16	1621.78	1793.63	1728.11	1814.12
A	PER_SUSP	M	P_HTHAB	Netherlands	4736.95	4240.11	3930.65	3814.04	3658.7	3416.56	1933.32	2807.76	1633.81	1653.67	1587.3	1600.03	1451.78	1356.81	1466.82	1400.86
A	PER_SUSP	M	P_HTHAB	Norway	1504.51	1434.16	1436.07	1385.22	1356.55	2723.28	2645.65	2570.13	2540.0	2323.03	2200.48	2162.81	2153.17	1965.9	1844.68	1794.27
A	PER_SUSP	M	P_HTHAB	Poland		2557.16	2522.42	2552.03	2445.21	2092.95	1754.05	1540.4	1500.72	1477.1	1627.08	1624.79	1493.44	1555.09	1559.76	936.33
A	PER_SUSP	M	P_HTHAB	Romania	2021.57	2084.39	2057.56	1812.71												
A	PER_SUSP	M	P_HTHAB	Serbia	1431.27	1407.59	1416.29	1338.26	1283.85	1335.17	1255.57	1276.73	1274.34	1303.87	1301.42	1316.43	1223.78	1219.88	1208.6	1211.5
A	PER_SUSP	M	P_HTHAB	Sweden	1556.52	1620.44	1630.66	1585.95	1541.45	2884.55	2822.62	2796.31	2737.41	2790.69	2805.34	2873.66	2953.11	2815.84	2770.92	2798.38
A	PER_SUSP	M	P_HTHAB	Slovenia	1501.93	1613.43	1638.78	1561.46	1483.58	1431.12	1429.66	1238.67	1109.9	1194.39	1204.43	1231.21	1189.93	1068.65	1134.54	1185.68
A	PER_SUSP	M	P_HTHAB	Slovakia	1675.14	1790.22	1693.36	1705.64	1733.41	1738.67	1644.26	1490.62	1373.88	1351.48	1304.79	1272.98	1159.47	1089.82	1098.5	1075.07
A	PER_SUSP	M	P_HTHAB	Turkey		3075.69	3299.72	3473.86	3794.32				318.22	298.47	315.16	334.91				
A	PER_SUSP	M	P_HTHAB	Kosovo										3618.23	3302.93	3376.62	3178.83			
A	PER_SUSP	T	NR	Albania	13085.0	11989.0	15107.0	17773.0	21028.0	21843.0	29593.0	34093.0	34674.0	36051.0	39649.0	43045.0	40956.0	39328.0	38198.0	39489.0
A	PER_SUSP	T	NR	Austria	240554.0	246378.0	239954.0	259028.0	259923.0	260150.0	255815.0	250580.0	270160.0	270630.0	288414.0	304422.0	276344.0	266961.0	302503.0	329969.0
A	PER_SUSP	T	NR	Bosnia and Herzegovina	12065.0	25395.0	27407.0	29113.0	29253.0	27505.0	25856.0	22186.0	21589.0		19216.0	18575.0	18247.0	19083.0	18176.0	18303.0
A	PER_SUSP	T	NR	Belgium	264433.0	278531.0	275665.0	284684.0	274645.0	271918.0	261631.0	244796.0		195083.0	199089.0	204636.0	315387.0	240384.0	196595.0	193602.0
A	PER_SUSP	T	NR	Bulgaria	55504.0	55400.0	59206.0	51277.0	46071.0	44591.0	55873.0	40825.0	46191.0	50522.0	48449.0	46219.0	44354.0	44351.0	45246.0	46469.0
A	PER_SUSP	T	NR	Switzerland		132907.0	121867.0	119634.0	125109.0	127624.0	118874.0	121469.0	121657.0	119941.0	122353.0	122199.0	116515.0	115044.0	120000.0	126633.0
A	PER_SUSP	T	NR	Cyprus	9840.0	9316.0	9685.0	6243.0	6385.0	5956.0	5605.0	5218.0	4474.0	4642.0	4347.0	4358.0	3813.0	4239.0	5349.0	5561.0
A	PER_SUSP	T	NR	Czechia	122053.0	123235.0	112477.0	114975.0	113026.0	117596.0	114392.0	101597.0	91599.0	86787.0	84990.0	86209.0	75405.0	69749.0	75474.0	79356.0
A	PER_SUSP	T	NR	Germany	2255693.0	2250339.0	2152803.0	2112843.0	2094118.0	2094160.0	2149504.0	2369036.0	2360806.0	2132876.0	2051266.0	2019211.0	1969617.0	1892003.0	2093782.0	2246767.0
A	PER_SUSP	T	NR	Denmark								35180.0	34850.0	33608.0	34042.0	36080.0	35724.0	35555.0	37115.0	34347.0
A	PER_SUSP	T	NR	Estonia	18249.0	15620.0	16924.0	19744.0												
A	PER_SUSP	T	NR	Greece	216241.0	196694.0	171406.0	130923.0	120526.0	98771.0	100269.0	110361.0	111534.0	115443.0	124257.0	122305.0	113139.0	117565.0	144770.0	163192.0
A	PER_SUSP	T	NR	Spain	350801.0	334045.0	322884.0	377965.0	369612.0	374807.0	349924.0	377694.0	365072.0	372760.0	389149.0	406138.0	413810.0	451654.0	506562.0	554986.0
A	PER_SUSP	T	NR	Finland	401971.0	446701.0	462985.0	467458.0	416883.0	424881.0	398953.0	398477.0	401952.0	414491.0	445114.0	417374.0	293152.0	151164.0	145554.0	150421.0
A	PER_SUSP	T	NR	France	1172393.0	1174837.0	1146315.0	1172547.0	1152159.0	1106022.0	1111882.0	1091700.0	1059237.0	1143435.0	1711529.0	1720831.0	1594939.0	1771447.0	1802848.0	1894974.0
A	PER_SUSP	T	NR	Croatia	31740.0	32431.0	31252.0	30929.0	27453.0	22350.0	20019.0	19783.0	18728.0	17873.0	17399.0	18675.0	18966.0	20656.0	20904.0	23100.0
A	PER_SUSP	T	NR	Hungary	156350.0	143860.0	163860.0	156736.0	147559.0	145106.0	119546.0	105144.0	97151.0	91427.0	57943.0	135839.0	138619.0	146404.0	143824.0	153063.0
A	PER_SUSP	T	NR	Ireland												122941.0	111268.0	99082.0	104538.0	107884.0
A	PER_SUSP	T	NR	Iceland		4614.0		3895.0	3711.0		5685.0	3940.0	5481.0	6112.0	6596.0	6421.0	5708.0	5874.0	5821.0	6313.0
A	PER_SUSP	T	NR	Italy	889793.0	869132.0	867842.0	900870.0	933895.0	978082.0	980845.0	962247.0	893689.0	878632.0	869304.0	854657.0	801372.0	830802.0	818619.0	796644.0
A	PER_SUSP	T	NR	Liechtenstein	1392.0	1496.0	1049.0	1379.0	584.0		1701.0	1707.0	1647.0			523.0	602.0	496.0	544.0	
A	PER_SUSP	T	NR	Lithuania	20904.0	21327.0	21736.0	21600.0	26446.0	30722.0	30652.0	26825.0	21094.0	27738.0	24075.0	23444.0	24883.0	22066.0	22355.0	21857.0
A	PER_SUSP	T	NR	Luxembourg	18162.0	22457.0	20579.0	23945.0	25952.0	27315.0	29450.0	28436.0	26395.0	23911.0	25757.0	29036.0	31590.0	32353.0	34660.0	
A	PER_SUSP	T	NR	Latvia	26446.0	23810.0	25614.0	24529.0	24589.0	22133.0	21961.0	23235.0	14997.0	14325.0	13384.0	13320.0	12704.0	12356.0	12274.0	12544.0
A	PER_SUSP	T	NR	Montenegro	6774.0	6637.0	5833.0	5067.0	4362.0	4790.0	4285.0	3852.0	3606.0	3591.0	4425.0	3868.0	6641.0	5619.0	4115.0	4343.0
A	PER_SUSP	T	NR	North Macedonia	22690.0	21226.0	21093.0	20429.0	17577.0	18311.0	17182.0	15920.0	15913.0	14752.0						
A	PER_SUSP	T	NR	Malta	3544.0	3669.0	4502.0	5075.0	5171.0	5340.0	5289.0	5437.0	5384.0	5472.0	5791.0	5251.0	5341.0	6010.0	5921.0	6610.0
A	PER_SUSP	T	NR	Netherlands	470955.0	423420.0	386430.0	376685.0	364070.0	342535.0	217105.0	283510.0	188694.0	172550.0	165960.0	167850.0	152810.0	142040.0	155810.0	150450.0
A	PER_SUSP	T	NR	Norway	85875.0	82809.0	83635.0	81787.0	80958.0	82312.0	81198.0	80340.0	80001.0	73814.0	70497.0	69345.0	69886.0	64938.0	61549.0	60751.0
A	PER_SUSP	T	NR	Poland	516626.0	521699.0	516154.0	521942.0	500539.0	430101.0	363616.0	319399.0	312423.0	309015.0	336886.0	338584.0	310684.0	322200.0	317079.0	305577.0
A	PER_SUSP	T	NR	Portugal	224383.0	240166.0	208934.0	206492.0	205826.0	194385.0	180205.0	183952.0	173696.0	180676.0	174822.0	152788.0	132443.0	138890.0	159486.0	175486.0
A	PER_SUSP	T	NR	Romania	230419.0	235611.0	243035.0	212875.0	238434.0	239636.0	209022.0	184526.0	193790.0	189520.0	195809.0	199150.0	170508.0	195002.0	204473.0	208221.0
A	PER_SUSP	T	NR	Serbia	56966.0	55583.0	55264.0	52288.0	50138.0	52017.0	48606.0	49456.0	49242.0	50528.0	50322.0	50689.0	46933.0	46603.0	45829.0	45027.0
A	PER_SUSP	T	NR	Sweden	184251.0	193905.0	196046.0	191561.0	186857.0	176062.0	172431.0	174986.0	172833.0	176993.0	180770.0	189190.0	199930.0	192092.0	189678.0	194503.0
A	PER_SUSP	T	NR	Slovenia	17471.0	19286.0	20134.0	19177.0	18508.0	18373.0	18270.0	16041.0	14074.0	15415.0	15676.0	16161.0	15611.0	14256.0	15365.0	15948.0
A	PER_SUSP	T	NR	Slovakia	52573.0	54887.0	52050.0	53023.0	53507.0	53853.0	51049.0	46429.0	43426.0	42911.0	41426.0	40339.0	36324.0	34162.0	34890.0	34210.0
A	PER_SUSP	T	NR	Turkey		1269989.0	1402368.0	1501230.0	1678537.0											
A	PER_SUSP	T	NR	Scotland	228171.0	206537.0	196095.0	204239.0	192785.0											
A	PER_SUSP	T	NR	Northern Ireland	81185.0															
A	PER_SUSP	T	NR	Kosovo										35300.0	34450.0	33411.0	30614.0			
A	PER_SUSP	T	P_HTHAB	Albania	412.77	376.46		627.64				1181.41	1205.8	1253.25	1381.34	1503.79	1439.1	1389.81	1367.34	1429.84
A	PER_SUSP	T	P_HTHAB	Austria	2895.45	2955.94	2873.14	3092.81	3091.33	3078.02	3007.15	2918.84	3105.12	3084.85	3269.16	3436.39	3104.62	2988.59	3369.03	3624.13
A	PER_SUSP	T	P_HTHAB	Bosnia and Herzegovina	313.88	660.64	712.97	757.52	761.94											
A	PER_SUSP	T	P_HTHAB	Belgium	2479.01	2590.24	2543.06	2587.89	2475.43	2436.18	2339.99	2178.43		1718.53	1746.61	1786.35	2737.15	2080.39	1692.21	1648.69
A	PER_SUSP	T	P_HTHAB	Bulgaria	738.28	741.92	797.73	695.81	628.76	612.13	771.12	566.84	645.69	711.39	687.22	660.27	638.05	641.23	697.97	720.71
A	PER_SUSP	T	P_HTHAB	Switzerland		1725.65	1565.25	1520.1	1572.78	1587.55	1460.43	1474.56	1460.97	1424.55	1442.14	1430.14	1353.88	1326.87	1373.19	1436.5
A	PER_SUSP	T	P_HTHAB	Cyprus	1267.5	1168.99	1182.34	743.43	740.71	687.86	653.26	616.05	527.4	543.05	502.99	497.55	429.39	473.1	591.24	585.93
A	PER_SUSP	T	P_HTHAB	Czechia	1180.01	1182.02	1075.09	1096.39	1075.88	1118.24	1088.16	964.08	867.92	820.38	801.03	809.49	705.12	664.6	717.66	732.91
A	PER_SUSP	T	P_HTHAB	Germany	2743.56	2744.24	2631.72	2633.74	2606.96	2600.67	2661.35	2917.62	2872.88	2584.63	2477.6	2432.22	2368.28	2275.27	2515.44	2703.09
A	PER_SUSP	T	P_HTHAB	Denmark								621.59	610.63	584.61	588.84	621.42	613.52	608.81	631.91	578.95
A	PER_SUSP	T	P_HTHAB	Estonia	1363.45	1169.39	1269.34	1484.89												
A	PER_SUSP	T	P_HTHAB	Greece	1933.79	1772.86	1541.52	1177.01	1087.15	897.62	917.64	1016.4	1034.28	1072.07	1156.83	1140.42	1055.54	1100.94	1384.06	1567.05
A	PER_SUSP	T	P_HTHAB	Spain	768.14	722.43	694.57	809.92	789.46	802.11	752.33	813.13	786.11	801.15	834.04	865.28	874.26	952.88	1066.74	1154.17
A	PER_SUSP	T	P_HTHAB	Finland	7583.67	8386.68	8651.62	8696.45	7718.24	7829.49	7318.53	7282.44	7325.12	7531.69	8073.71	7563.97	5305.64	2731.65	2623.43	2703.48
A	PER_SUSP	T	P_HTHAB	France	1831.66	1825.69	1772.87	1804.51	1765.03	1686.0	1686.15	1642.69	1589.53	1711.48	2553.52	2561.61	2363.8	2615.51	2647.68	2775.41
A	PER_SUSP	T	P_HTHAB	Croatia	736.09	752.5	726.31	720.98	642.03	524.38	471.39	468.2	446.9	430.24	423.8	458.14	467.35	511.75	541.23	599.86
A	PER_SUSP	T	P_HTHAB	Hungary	1556.43	1434.16	1636.26	1569.6	1485.7	1464.42	1210.3	1066.85	988.26	933.16	592.56	1389.98	1430.63	1516.91	1496.54	1594.45
A	PER_SUSP	T	P_HTHAB	Ireland												2506.83	2219.77	1955.48	2028.18	2046.59
A	PER_SUSP	T	P_HTHAB	Iceland		1444.73		1223.1	1161.23		1745.63	1197.2	1648.28	1806.42	1892.95	1798.64	1567.55	1592.77	1547.12	1628.08
A	PER_SUSP	T	P_HTHAB	Italy	1517.05	1473.09	1466.19	1517.52	1572.37	1638.73	1613.69	1582.76	1473.14	1450.14	1437.25	1428.79	1343.65	1402.52	1386.78	1350.31
A	PER_SUSP	T	P_HTHAB	Liechtenstein	3937.1	4203.55	2922.49	3814.77	1601.1		4581.32	4568.32	4377.76			1362.76	1553.67	1270.0	1383.94	
A	PER_SUSP	T	P_HTHAB	Lithuania	650.69	669.85	691.79	707.6	880.46	1033.75	1041.36	918.27	730.26	973.98	857.1	839.03	885.52	785.05	796.69	764.96
A	PER_SUSP	T	P_HTHAB	Luxembourg	3754.04	4550.56	4098.86	4678.22	4944.62	5086.22	5357.66	5051.18	4580.49	4048.14	4278.54	4729.81	5045.46	5097.13	5370.34	
A	PER_SUSP	T	P_HTHAB	Latvia	1206.58	1100.87	1207.92	1182.35	1202.51	1093.62	1097.24	1169.88	761.67	734.57	691.9	693.76	665.94	652.64	654.35	666.17
A	PER_SUSP	T	P_HTHAB	Montenegro	1100.49	1075.42	942.32	817.46	703.2	771.47	689.44	619.19	579.54	576.97	711.0	621.68	1067.9	905.21	666.2	704.24
A	PER_SUSP	T	P_HTHAB	North Macedonia	1109.44	1036.11	1027.56	993.01	853.34	887.89	831.75	769.39	768.27	711.38						
A	PER_SUSP	T	P_HTHAB	Malta	868.99	892.86	1087.37	1222.92	1238.43	1267.31	1231.65	1236.55	1195.34	1188.8	1217.36	1063.91	1037.38	1164.45	1138.27	1219.44
A	PER_SUSP	T	P_HTHAB	Netherlands	2870.73	2568.39	2331.4	2261.58	2176.11	2041.38	1290.04	1677.5	1111.33	1010.16	965.95	971.23	877.84	812.8	885.75	844.69
A	PER_SUSP	T	P_HTHAB	Norway	1812.79	1725.45	1721.52	1662.23	1623.75	1629.53	1589.63	1555.02	1535.32	1403.76	1331.23	1301.47	1302.0	1204.48	1134.49	1106.78
A	PER_SUSP	T	P_HTHAB	Poland	1355.42	1368.0	1357.48	1371.27	1315.0	1129.99	956.43	840.4	822.88	813.78	887.09	891.65	818.49	851.48	859.53	831.42
A	PER_SUSP	T	P_HTHAB	Portugal	2126.18	2273.65	1976.02	1953.06	1952.36	1853.53	1728.2	1773.06	1679.63	1752.51	1698.78	1486.75	1276.51	1336.21	1530.41	1668.65
A	PER_SUSP	T	P_HTHAB	Romania	1116.62	1152.68	1132.39	994.1	1186.48	1196.98	1047.87	928.64	980.69	964.78	1002.43	1025.78	882.14	1015.55	1073.77	1092.76
A	PER_SUSP	T	P_HTHAB	Serbia	773.42	757.78	756.35	721.06	694.75	724.32	680.11	695.15	695.87	717.7	718.74	727.9	677.57	678.2	674.24	678.0
A	PER_SUSP	T	P_HTHAB	Sweden	2006.45	2094.83	2098.84	2034.51	1970.47	1842.44	1787.8	1795.22	1754.47	1770.79	1786.22	1849.33	1935.88	1850.72	1814.7	1848.61
A	PER_SUSP	T	P_HTHAB	Slovenia	869.09	948.95	983.6	935.38	900.42	892.4	886.43	777.6	681.82	746.17	758.44	776.63	744.85	675.97	729.17	753.34
A	PER_SUSP	T	P_HTHAB	Slovakia	977.91	1019.75	965.6	983.28	990.08	995.28	942.57	856.41	800.29	789.48	761.07	740.11	665.53	625.7	641.98	630.16
A	PER_SUSP	T	P_HTHAB	Turkey		1775.78	1932.67	2036.31	2246.31											
A	PER_SUSP	T	P_HTHAB	Scotland	4399.77	3958.98	3737.59	3867.74	3633.16											
A	PER_SUSP	T	P_HTHAB	Northern Ireland	4585.78															
A	PER_SUSP	T	P_HTHAB	Kosovo										1979.22	1915.48	1860.65	1717.85			
