freq	leg_stat	age	unit	geo	2008 	2009 	2010 	2011 	2012 	2013 	2014 	2015 	2016 	2017 	2018 	2019 	2020 	2021 	2022 	2023 
A	PER_CNV	ADULT	NR	Albania	7602 	7259 	7854 	9071 	8679 	7897 	12845 	15540 	14052 	10628 	11318 	10772 	9695 	12391 	11203 	8670 
A	PER_CNV	ADULT	NR	Austria	35238 	34713 	35331 	33714 	32979 	32176 	30894 	29969 	28462 	28745 	26034 	25650 	22222 	22427 	23067 	23645 
A	PER_CNV	ADULT	NR	Bosnia and Herzegovina	16236 	17062 	16631 	15429 	17501 	18333 	17904 	17180 	16299 	14790 	14258 	13434 	10521 	11184 	10604 	10514 
A	PER_CNV	ADULT	NR	Belgium	: 	: 	138790 	140220 	160706 	138276 	114020 	127952 	: 	230637 	222101 	196620 	154749 	: 	: 	: 
A	PER_CNV	ADULT	NR	Bulgaria	33173 	37749 	36376 	38267 	35684 	32233 	30216 	26544 	27193 	24648 	22974 	22366 	21015 	23158 	23135 	22289 
A	PER_CNV	ADULT	NR	Switzerland	86881 	89088 	92827 	89956 	97933 	100241 	102272 	102365 	101873 	98861 	99682 	89262 	89262 	90272 	95122 	97126 
A	PER_CNV	ADULT	NR	Cyprus	62971 	61631 	74899 	86143 	70970 	60371 	68433 	53791 	45049 	43126 	39235 	39663 	35206 	33300 	36719 	: 
A	PER_CNV	ADULT	NR	Czechia	72967 	71059 	68262 	67957 	69285 	75993 	71232 	64166 	60096 	54474 	53170 	54273 	47448 	48515 	49198 	50240 
A	PER_CNV	ADULT	NR	Germany	812475 	783620 	757878 	756490 	728917 	716420 	713970 	708146 	708253 	687565 	683333 	700569 	674537 	640637 	626886 	634915 
A	PER_CNV	ADULT	NR	Denmark	151360 	160948 	171001 	184777 	195390 	194337 	195651 	189538 	184704 	173369 	177888 	47835 	52099 	49145 	49019 	53143 
A	PER_CNV	ADULT	NR	Greece	: 	: 	: 	: 	: 	: 	: 	: 	: 	: 	: 	: 	: 	5426 	4764 	4294 
A	PER_CNV	ADULT	NR	Spain	224640 	237613 	228613 	238314 	237294 	230306 	218827 	222862 	271526 	285336 	286637 	286931 	221437 	282210 	308624 	280322 
A	PER_CNV	ADULT	NR	Finland	226313 	194087 	193858 	191021 	180889 	173683 	164611 	172962 	148635 	78952 	79761 	79793 	77451 	77207 	73995 	74382 
A	PER_CNV	ADULT	NR	France	645728 	646008 	628558 	611286 	626708 	617571 	533925 	530692 	437123 	435565 	504974 	508567 	427470 	486009 	473500 	488231 
A	PER_CNV	ADULT	NR	Croatia	24168 	25368 	24430 	23389 	20548 	16617 	14888 	12552 	13412 	12091 	11866 	13002 	11634 	12286 	12355 	11254 
A	PER_CNV	ADULT	NR	Hungary	78223 	80618 	82789 	79270 	70195 	65145 	70911 	67169 	67550 	65005 	63312 	61185 	51479 	52699 	53219 	53370 
A	PER_CNV	ADULT	NR	Ireland	: 	: 	: 	: 	: 	: 	: 	2267 	: 	: 	: 	: 	: 	: 	: 	: 
A	PER_CNV	ADULT	NR	Iceland	: 	: 	: 	: 	: 	3456 	: 	: 	: 	: 	: 	: 	: 	: 	: 	: 
A	PER_CNV	ADULT	NR	Italy	257142 	248881 	250551 	262161 	256801 	243858 	223752 	217721 	195338 	192209 	213262 	: 	: 	: 	: 	: 
A	PER_CNV	ADULT	NR	Lithuania	11577 	11757 	12839 	12658 	15731 	18471 	19255 	16309 	14621 	17400 	19123 	17029 	15660 	14575 	14511 	14321 
A	PER_CNV	ADULT	NR	Luxembourg	: 	: 	: 	: 	: 	: 	: 	: 	7886 	9083 	7713 	6920 	6878 	7542 	5885 	6487 
A	PER_CNV	ADULT	NR	Latvia	9824 	9771 	8874 	8547 	8343 	8025 	8681 	9144 	8561 	8853 	8255 	7784 	6830 	6584 	4652 	4083 
A	PER_CNV	ADULT	NR	Montenegro	: 	: 	639 	1082 	1379 	2657 	3001 	2657 	3524 	3380 	3176 	3411 	3557 	3422 	2837 	2576 
A	PER_CNV	ADULT	NR	North Macedonia	9503 	9801 	9169 	9810 	9042 	9539 	11683 	: 	: 	2533 	: 	4712 	6351 	7634 	7769 	6528 
A	PER_CNV	ADULT	NR	Netherlands	102959 	103998 	88865 	84946 	80119 	85785 	83239 	86472 	76894 	77214 	74381 	72569 	56081 	58441 	59044 	63310 
A	PER_CNV	ADULT	NR	Norway	61891 	59999 	63000 	61059 	60413 	64044 	60879 	62423 	59672 	56887 	14526 	14304 	13808 	13058 	12439 	12338 
A	PER_CNV	ADULT	NR	Poland	420729 	415272 	432891 	423464 	408107 	353208 	295353 	260034 	289512 	241436 	275768 	287978 	251369 	: 	: 	: 
A	PER_CNV	ADULT	NR	Portugal	78079 	69822 	70076 	70442 	72231 	65355 	48658 	53927 	51383 	47342 	42740 	41524 	32564 	39404 	42301 	39360 
A	PER_CNV	ADULT	NR	Romania	33171 	31191 	38628 	44204 	46162 	44228 	37706 	40015 	31807 	34604 	31376 	32979 	30870 	34683 	32372 	30969 
A	PER_CNV	ADULT	NR	Serbia	42138 	40880 	21681 	30807 	31322 	32241 	35376 	33189 	32525 	31759 	29750 	28112 	25487 	27508 	26200 	26919 
A	PER_CNV	ADULT	NR	Sweden	63491 	65932 	68505 	68344 	66606 	60622 	56886 	55553 	52816 	53376 	56629 	58703 	64602 	70258 	72395 	75225 
A	PER_CNV	ADULT	NR	Slovenia	8739 	8035 	8093 	7596 	8427 	11321 	9410 	7926 	6687 	6252 	6098 	6036 	4814 	5736 	5373 	5070 
A	PER_CNV	ADULT	NR	Slovakia	26555 	28927 	29431 	28399 	33234 	34273 	32056 	28371 	25999 	25287 	27985 	27129 	24349 	22564 	24299 	22932 
A	PER_CNV	ADULT	NR	Turkey	: 	1240936 	1165837 	1186666 	1402794 	470900 	460197 	488904 	430000 	421534 	527167 	563647 	470429 	663052 	650031 	651746 
A	PER_CNV	ADULT	NR	United Kingdom	1266755 	1318281 	1285820 	1243053 	1177400 	1136735 	1179642 	1212283 	1205439 	: 	: 	: 	: 	: 	: 	: 
A	PER_CNV	ADULT	NR	United Kingdom	55739 	52693 	51765 	50764 	46248 	44298 	: 	: 	: 	81223 	: 	: 	: 	: 	: 	: 
A	PER_CNV	ADULT	NR	United Kingdom	37099 	37611 	37661 	38849 	37533 	33921 	25348 	23243 	22133 	22661 	24162 	: 	: 	: 	: 	: 
A	PER_CNV	ADULT	NR	Kosovo	12472 	12651 	9503 	17812 	20412 	15046 	17494 	16345 	17862 	18753 	19721 	17315 	: 	: 	: 	: 
A	PER_CNV	ADULT	P_HTHAB	Albania	: 	: 	: 	: 	: 	: 	576.88 	715.17 	643.38 	477.72 	505.46 	478.45 	430.99 	557.08 	501.96 	390.61 
A	PER_CNV	ADULT	P_HTHAB	Austria	523.65 	512.59 	518.81 	492.10 	478.02 	462.76 	501.64 	482.66 	395.98 	396.62 	357.18 	350.28 	302.04 	303.59 	310.57 	314.16 
A	PER_CNV	ADULT	P_HTHAB	Belgium	: 	: 	1609.02 	1601.35 	1819.36 	1556.00 	1280.40 	1429.19 	: 	2549.31 	2443.52 	2151.08 	1681.98 	: 	: 	: 
A	PER_CNV	ADULT	P_HTHAB	Bulgaria	529.24 	604.56 	585.15 	619.07 	590.20 	536.78 	498.07 	440.96 	455.99 	417.24 	392.23 	384.94 	364.79 	404.46 	429.55 	416.77 
A	PER_CNV	ADULT	P_HTHAB	Switzerland	1144.15 	1156.71 	1192.26 	1143.00 	1231.14 	1524.00 	1534.27 	1515.25 	1490.85 	1430.76 	1431.56 	1272.57 	1263.68 	1269.11 	1327.38 	1342.97 
A	PER_CNV	ADULT	P_HTHAB	Cyprus	10523.62 	9956.48 	11688.63 	13014.94 	10365.29 	8738.23 	9961.22 	7937.41 	6631.84 	6279.42 	5639.95 	5612.73 	4979.07 	4596.08 	5018.47 	: 
A	PER_CNV	ADULT	P_HTHAB	Czechia	859.42 	828.55 	792.13 	786.60 	813.18 	875.81 	822.41 	740.54 	694.17 	629.18 	614.01 	625.79 	545.73 	569.85 	577.87 	575.35 
A	PER_CNV	ADULT	P_HTHAB	Germany	1193.57 	1147.00 	1109.30 	1129.70 	1084.94 	1062.42 	1054.99 	1040.35 	1028.94 	995.73 	986.70 	1009.15 	971.39 	923.23 	903.63 	917.47 
A	PER_CNV	ADULT	P_HTHAB	Denmark	2764.17 	2920.25 	3089.60 	3322.95 	3501.29 	4404.41 	4397.82 	4221.50 	4068.56 	3843.91 	3853.98 	1029.91 	1116.42 	1048.53 	1038.17 	1112.52 
A	PER_CNV	ADULT	P_HTHAB	Greece	: 	: 	: 	: 	: 	: 	: 	: 	: 	: 	: 	: 	: 	61.46 	54.69 	49.35 
A	PER_CNV	ADULT	P_HTHAB	Spain	597.04 	624.45 	598.10 	621.31 	616.98 	600.43 	573.61 	585.14 	712.80 	747.52 	748.27 	743.33 	567.69 	720.96 	783.35 	700.68 
A	PER_CNV	ADULT	P_HTHAB	Finland	5383.28 	4583.75 	4547.49 	4451.69 	4187.73 	3994.60 	3762.89 	3934.30 	3367.16 	1781.65 	1823.61 	1789.15 	1730.27 	1718.66 	1640.10 	1639.17 
A	PER_CNV	ADULT	P_HTHAB	France	1299.10 	1291.33 	1249.87 	1208.99 	1234.08 	1210.36 	1038.76 	1027.45 	842.96 	836.59 	965.45 	968.10 	807.58 	912.75 	882.39 	905.13 
A	PER_CNV	ADULT	P_HTHAB	Croatia	701.43 	725.10 	698.43 	670.34 	589.98 	478.06 	428.93 	362.57 	395.49 	353.27 	350.17 	385.73 	346.16 	367.36 	386.61 	353.14 
A	PER_CNV	ADULT	P_HTHAB	Hungary	975.57 	985.93 	1011.15 	968.15 	861.49 	811.33 	870.97 	825.79 	832.45 	804.15 	785.19 	759.00 	643.54 	661.78 	671.85 	674.39 
A	PER_CNV	ADULT	P_HTHAB	Ireland	: 	: 	: 	: 	: 	: 	: 	67.14 	: 	: 	: 	: 	: 	: 	: 	: 
A	PER_CNV	ADULT	P_HTHAB	Iceland	: 	: 	: 	: 	: 	1427.67 	: 	: 	: 	: 	: 	: 	: 	: 	: 	: 
A	PER_CNV	ADULT	P_HTHAB	Italy	528.73 	508.45 	510.02 	531.54 	519.88 	491.03 	442.14 	429.60 	385.61 	379.27 	420.82 	: 	: 	: 	: 	: 
A	PER_CNV	ADULT	P_HTHAB	Lithuania	451.02 	459.42 	511.76 	510.89 	642.77 	760.70 	811.15 	680.45 	616.83 	744.38 	829.31 	742.13 	682.27 	634.50 	628.08 	609.76 
A	PER_CNV	ADULT	P_HTHAB	Luxembourg	: 	: 	: 	: 	: 	: 	: 	: 	1756.93 	1912.27 	1589.65 	1422.16 	1357.76 	1468.31 	1125.77 	1211.55 
A	PER_CNV	ADULT	P_HTHAB	Latvia	548.37 	550.67 	508.40 	498.54 	492.72 	478.59 	524.33 	558.43 	529.55 	555.54 	523.92 	498.65 	441.20 	429.07 	306.28 	268.33 
A	PER_CNV	ADULT	P_HTHAB	Montenegro	: 	: 	140.77 	232.34 	289.60 	565.58 	635.68 	550.95 	728.85 	697.40 	666.08 	701.73 	730.52 	702.89 	585.43 	531.85 
A	PER_CNV	ADULT	P_HTHAB	North Macedonia	604.49 	618.21 	573.65 	622.06 	558.17 	585.51 	713.11 	: 	: 	152.96 	: 	282.75 	380.27 	457.90 	531.07 	454.60 
A	PER_CNV	ADULT	P_HTHAB	Netherlands	800.75 	802.71 	680.41 	645.79 	604.96 	644.22 	621.91 	641.99 	567.05 	564.54 	539.19 	521.16 	398.58 	412.67 	419.55 	436.68 
A	PER_CNV	ADULT	P_HTHAB	Norway	1306.50 	1250.17 	1296.78 	1240.96 	1211.68 	1630.29 	1528.83 	1544.85 	1461.22 	1378.32 	348.63 	340.11 	324.97 	305.12 	288.16 	281.90 
A	PER_CNV	ADULT	P_HTHAB	Poland	1373.84 	1348.89 	1407.46 	1371.40 	1317.28 	1137.26 	950.32 	835.70 	930.46 	775.65 	886.64 	926.63 	809.69 	: 	: 	: 
A	PER_CNV	ADULT	P_HTHAB	Portugal	932.54 	813.27 	813.36 	814.98 	835.99 	759.25 	567.71 	630.78 	601.74 	555.04 	500.73 	485.83 	375.85 	452.74 	483.41 	445.06 
A	PER_CNV	ADULT	P_HTHAB	Romania	201.27 	188.59 	220.79 	257.97 	284.00 	272.44 	232.68 	247.99 	198.34 	217.10 	198.01 	209.29 	196.82 	223.13 	211.54 	202.06 
A	PER_CNV	ADULT	P_HTHAB	Serbia	705.67 	685.98 	364.59 	525.56 	527.23 	544.67 	599.42 	564.48 	556.04 	545.73 	514.32 	488.82 	445.39 	484.69 	466.69 	490.85 
A	PER_CNV	ADULT	P_HTHAB	Sweden	691.40 	712.29 	733.40 	725.86 	702.38 	794.75 	739.69 	715.88 	675.05 	684.07 	707.98 	726.99 	792.95 	858.12 	877.08 	903.41 
A	PER_CNV	ADULT	P_HTHAB	Slovenia	524.88 	476.71 	476.36 	446.96 	495.06 	664.84 	552.53 	465.42 	399.79 	367.41 	358.63 	352.53 	279.16 	330.70 	310.44 	291.65 
A	PER_CNV	ADULT	P_HTHAB	Slovakia	618.58 	669.60 	677.53 	651.06 	757.82 	778.72 	726.83 	641.99 	587.35 	570.46 	630.84 	611.23 	548.84 	509.37 	552.04 	521.80 
A	PER_CNV	ADULT	P_HTHAB	Turkey	: 	2531.50 	2335.27 	2325.73 	2696.90 	889.58 	853.70 	891.23 	769.64 	740.52 	910.05 	953.98 	780.43 	1089.40 	1049.52 	1039.45 
A	PER_CNV	ADULT	P_HTHAB	United Kingdom	2986.00 	3052.71 	2950.87 	2825.80 	2654.42 	2545.14 	2621.58 	2669.46 	2631.67 	: 	: 	: 	: 	: 	: 	: 
A	PER_CNV	ADULT	P_HTHAB	United Kingdom	1357.90 	1265.29 	1233.23 	1198.14 	1084.05 	1034.11 	: 	: 	: 	1853.18 	: 	: 	: 	: 	: 	: 
A	PER_CNV	ADULT	P_HTHAB	United Kingdom	2785.23 	2773.27 	2802.99 	2817.32 	2704.74 	2431.86 	1839.48 	1645.68 	1584.06 	1614.36 	: 	: 	: 	: 	: 	: 
A	PER_CNV	ADULT	P_HTHAB	Kosovo	: 	: 	: 	: 	: 	: 	: 	: 	1505.78 	1524.55 	1590.17 	1373.46 	: 	: 	: 	: 
A	PER_CNV	JUVENILE	NR	Albania	407 	411 	656 	683 	883 	680 	773 	601 	562 	283 	296 	280 	158 	212 	219 	186 
A	PER_CNV	JUVENILE	NR	Austria	2988 	3155 	3063 	2747 	2562 	2248 	2086 	2149 	1988 	2001 	1621 	1634 	1494 	1304 	1399 	1388 
A	PER_CNV	JUVENILE	NR	Bosnia and Herzegovina	715 	645 	663 	280 	345 	682 	538 	291 	293 	246 	189 	182 	181 	172 	166 	188 
A	PER_CNV	JUVENILE	NR	Belgium	: 	: 	2200 	2662 	2617 	3581 	3510 	4170 	: 	232 	237 	280 	207 	: 	: 	: 
A	PER_CNV	JUVENILE	NR	Bulgaria	2964 	3123 	2694 	2746 	2312 	1880 	1633 	1243 	1108 	1152 	999 	1023 	874 	963 	912 	748 
A	PER_CNV	JUVENILE	NR	Switzerland	13167 	13438 	14108 	11947 	11190 	6858 	6605 	6454 	6520 	6295 	6503 	7908 	7908 	8640 	8322 	8790 
A	PER_CNV	JUVENILE	NR	Cyprus	804 	835 	794 	670 	575 	448 	275 	304 	275 	351 	267 	312 	335 	263 	265 	: 
A	PER_CNV	JUVENILE	NR	Czechia	2915 	2728 	2389 	2203 	2186 	1983 	1593 	1403 	1327 	1231 	1278 	1321 	1110 	1132 	1029 	1159 
A	PER_CNV	JUVENILE	NR	Germany	62216 	60900 	55388 	51325 	44984 	39518 	34812 	31341 	29620 	28479 	29005 	28299 	24732 	21463 	20488 	21986 
A	PER_CNV	JUVENILE	NR	Denmark	8945 	9410 	8817 	9766 	8953 	7413 	7181 	5634 	5046 	4565 	4916 	3603 	4181 	3692 	3659 	4081 
A	PER_CNV	JUVENILE	NR	Spain	17103 	19535 	19700 	18077 	16421 	15514 	15048 	13981 	12928 	13643 	13664 	14112 	11238 	13595 	14026 	13022 
A	PER_CNV	JUVENILE	NR	Finland	11469 	12343 	12212 	11901 	10126 	8996 	8444 	8727 	7396 	3435 	3059 	3163 	3238 	3531 	3565 	4425 
A	PER_CNV	JUVENILE	NR	France	57967 	56261 	53931 	52131 	52511 	50008 	44557 	43783 	31460 	31415 	41305 	40985 	30789 	44192 	30879 	29626 
A	PER_CNV	JUVENILE	NR	Croatia	958 	987 	925 	814 	626 	545 	564 	420 	365 	333 	302 	293 	268 	264 	274 	269 
A	PER_CNV	JUVENILE	NR	Hungary	6234 	6283 	6554 	5840 	5096 	5181 	5406 	4569 	4136 	3730 	3369 	2858 	2371 	2237 	2188 	2306 
A	PER_CNV	JUVENILE	NR	Iceland	: 	: 	: 	: 	: 	34 	: 	: 	: 	: 	: 	: 	: 	: 	: 	: 
A	PER_CNV	JUVENILE	NR	Italy	3233 	3195 	3833 	3878 	3122 	3122 	3187 	3182 	2839 	2511 	2729 	: 	: 	: 	: 	: 
A	PER_CNV	JUVENILE	NR	Lithuania	1211 	1293 	1153 	1039 	900 	1059 	1103 	964 	887 	658 	656 	535 	400 	435 	448 	396 
A	PER_CNV	JUVENILE	NR	Luxembourg	: 	: 	: 	: 	: 	: 	: 	: 	546 	463 	492 	662 	626 	490 	69 	89 
A	PER_CNV	JUVENILE	NR	Latvia	1155 	929 	752 	647 	599 	601 	532 	414 	384 	409 	332 	315 	263 	265 	165 	113 
A	PER_CNV	JUVENILE	NR	Montenegro	: 	: 	34 	39 	65 	108 	115 	105 	188 	148 	168 	200 	146 	113 	165 	148 
A	PER_CNV	JUVENILE	NR	North Macedonia	715 	748 	547 	722 	556 	473 	461 	: 	: 	236 	: 	304 	350 	382 	262 	307 
A	PER_CNV	JUVENILE	NR	Malta	64 	50 	123 	74 	103 	85 	108 	73 	54 	78 	85 	13 	14 	27 	55 	24 
A	PER_CNV	JUVENILE	NR	Netherlands	12092 	10595 	8961 	8153 	7518 	6241 	5507 	4882 	4827 	4856 	4165 	4258 	3363 	3662 	3499 	3584 
A	PER_CNV	JUVENILE	NR	Norway	4612 	4166 	3983 	3622 	3015 	3004 	2980 	2773 	2671 	2837 	384 	429 	445 	444 	380 	369 
A	PER_CNV	JUVENILE	NR	Poland	26957 	24953 	22758 	22807 	20980 	19135 	16388 	12237 	11355 	9657 	9754 	8920 	10187 	: 	: 	: 
A	PER_CNV	JUVENILE	NR	Portugal	9731 	8444 	7700 	7369 	6981 	5816 	4203 	5535 	5556 	4626 	3948 	3788 	2781 	3287 	3546 	2923 
A	PER_CNV	JUVENILE	NR	Romania	3624 	3035 	3263 	3373 	3026 	2905 	3126 	2261 	913 	792 	828 	704 	613 	634 	535 	470 
A	PER_CNV	JUVENILE	NR	Serbia	2229 	1902 	1640 	2290 	2302 	2648 	2034 	1926 	2032 	1633 	1548 	1676 	1239 	1383 	1213 	1454 
A	PER_CNV	JUVENILE	NR	Sweden	5963 	5783 	6005 	5336 	4503 	3768 	3776 	3791 	3843 	3996 	3936 	4005 	4394 	4323 	4241 	4777 
A	PER_CNV	JUVENILE	NR	Slovenia	489 	418 	330 	369 	398 	437 	319 	315 	319 	269 	226 	220 	193 	238 	194 	188 
A	PER_CNV	JUVENILE	NR	Slovakia	2126 	2026 	1748 	1711 	1843 	1806 	1554 	1320 	1209 	1043 	1400 	1302 	1043 	1078 	1059 	1031 
A	PER_CNV	JUVENILE	NR	Turkey	: 	47398 	47380 	50781 	63252 	29343 	32462 	32030 	29192 	23900 	28199 	28745 	21892 	29229 	32311 	30492 
A	PER_CNV	JUVENILE	NR	United Kingdom	88391 	81575 	73895 	63456 	47576 	36218 	31510 	28797 	26287 	: 	: 	: 	: 	: 	: 	: 
A	PER_CNV	JUVENILE	NR	United Kingdom	4659 	3735 	3001 	2484 	1857 	1360 	: 	: 	: 	1491 	: 	: 	: 	: 	: 	: 
A	PER_CNV	JUVENILE	NR	United Kingdom	1919 	1928 	1967 	1689 	1381 	1355 	1259 	1136 	823 	969 	759 	: 	: 	: 	: 	: 
A	PER_CNV	JUVENILE	NR	Kosovo	782 	764 	422 	555 	578 	786 	840 	563 	692 	766 	713 	686 	: 	: 	: 	: 
A	PER_CNV	JUVENILE	P_HTHAB	Albania	: 	: 	: 	: 	: 	: 	115.49 	87.14 	84.01 	43.41 	46.90 	45.83 	26.49 	36.60 	38.99 	34.31 
A	PER_CNV	JUVENILE	P_HTHAB	Austria	189.38 	201.86 	198.68 	180.24 	169.77 	149.98 	141.41 	141.70 	131.41 	131.18 	105.70 	106.38 	96.85 	84.46 	90.16 	87.94 
A	PER_CNV	JUVENILE	P_HTHAB	Belgium	: 	: 	99.36 	118.61 	115.71 	157.41 	154.23 	182.53 	: 	10.07 	10.26 	12.10 	8.92 	: 	: 	: 
A	PER_CNV	JUVENILE	P_HTHAB	Bulgaria	237.18 	255.33 	223.52 	231.12 	195.69 	159.59 	138.54 	105.14 	93.12 	96.45 	83.76 	85.98 	73.47 	80.89 	83.16 	68.02 
A	PER_CNV	JUVENILE	P_HTHAB	Switzerland	173.40 	174.48 	181.20 	151.80 	140.67 	469.22 	448.62 	435.49 	436.44 	416.92 	427.55 	516.78 	512.72 	555.42 	529.18 	555.19 
A	PER_CNV	JUVENILE	P_HTHAB	Cyprus	452.00 	469.30 	445.18 	376.67 	324.27 	256.01 	160.93 	189.99 	162.78 	208.90 	158.39 	184.36 	196.42 	153.37 	153.15 	: 
A	PER_CNV	JUVENILE	P_HTHAB	Czechia	157.34 	147.50 	129.51 	119.25 	119.02 	107.82 	86.10 	74.92 	70.00 	64.08 	65.58 	66.88 	55.51 	57.14 	51.37 	55.31 
A	PER_CNV	JUVENILE	P_HTHAB	Germany	445.35 	445.06 	410.84 	387.11 	342.27 	301.87 	266.24 	239.02 	222.28 	211.42 	214.25 	208.12 	180.82 	156.16 	147.79 	157.99 
A	PER_CNV	JUVENILE	P_HTHAB	Denmark	163.36 	170.74 	159.30 	175.63 	160.43 	622.78 	609.89 	481.58 	432.22 	390.76 	421.79 	310.50 	361.64 	320.21 	317.70 	353.08 
A	PER_CNV	JUVENILE	P_HTHAB	Spain	212.80 	238.59 	238.41 	217.52 	196.48 	185.32 	180.23 	167.50 	154.88 	163.25 	163.60 	169.28 	134.98 	164.95 	173.40 	161.20 
A	PER_CNV	JUVENILE	P_HTHAB	Finland	1046.42 	1130.24 	1121.96 	1097.58 	936.06 	833.94 	784.26 	811.44 	689.24 	320.46 	286.89 	298.93 	308.66 	339.02 	344.27 	431.21 
A	PER_CNV	JUVENILE	P_HTHAB	France	405.75 	392.79 	375.33 	361.60 	362.31 	343.07 	302.21 	296.17 	212.82 	213.05 	280.57 	280.22 	211.73 	305.16 	213.98 	206.64 
A	PER_CNV	JUVENILE	P_HTHAB	Croatia	117.26 	121.66 	114.91 	101.65 	78.93 	69.32 	72.69 	55.02 	48.88 	45.52 	42.13 	41.53 	38.43 	38.16 	41.10 	40.51 
A	PER_CNV	JUVENILE	P_HTHAB	Hungary	331.45 	338.87 	358.78 	324.81 	285.67 	294.78 	311.69 	265.39 	241.04 	217.63 	196.43 	166.99 	140.30 	132.50 	129.53 	136.78 
A	PER_CNV	JUVENILE	P_HTHAB	Iceland	: 	: 	: 	: 	: 	42.63 	: 	: 	: 	: 	: 	: 	: 	: 	: 	: 
A	PER_CNV	JUVENILE	P_HTHAB	Italy	32.30 	31.78 	38.08 	38.61 	31.23 	31.15 	31.37 	31.52 	28.37 	25.34 	27.83 	: 	: 	: 	: 	: 
A	PER_CNV	JUVENILE	P_HTHAB	Lithuania	187.62 	206.95 	191.33 	180.71 	161.79 	194.76 	207.08 	183.80 	171.17 	128.92 	130.41 	107.09 	80.19 	87.29 	90.39 	77.85 
A	PER_CNV	JUVENILE	P_HTHAB	Luxembourg	: 	: 	: 	: 	: 	: 	: 	: 	476.70 	423.67 	421.21 	595.08 	588.81 	428.69 	56.26 	70.98 
A	PER_CNV	JUVENILE	P_HTHAB	Latvia	288.62 	239.16 	200.53 	179.61 	170.39 	173.19 	153.83 	118.74 	109.00 	114.72 	92.54 	87.79 	73.17 	73.91 	46.24 	31.27 
A	PER_CNV	JUVENILE	P_HTHAB	Montenegro	: 	: 	23.02 	26.77 	45.10 	75.67 	81.55 	75.10 	135.54 	113.46 	122.53 	155.94 	108.18 	89.31 	124.20 	111.83 
A	PER_CNV	JUVENILE	P_HTHAB	North Macedonia	151.41 	161.47 	120.39 	161.44 	126.40 	109.21 	107.85 	: 	: 	59.95 	: 	74.12 	86.30 	95.15 	74.46 	83.26 
A	PER_CNV	JUVENILE	P_HTHAB	Malta	77.70 	61.86 	155.17 	95.18 	134.24 	117.67 	141.44 	100.35 	69.49 	99.46 	107.37 	16.21 	17.18 	33.28 	68.09 	30.91 
A	PER_CNV	JUVENILE	P_HTHAB	Netherlands	340.99 	300.15 	254.97 	232.80 	215.62 	180.19 	159.96 	142.37 	141.28 	142.65 	123.00 	126.81 	100.77 	110.59 	106.00 	108.18 
A	PER_CNV	JUVENILE	P_HTHAB	Norway	97.36 	86.81 	81.99 	73.61 	60.47 	282.74 	264.88 	246.32 	237.00 	250.83 	34.01 	38.22 	39.78 	39.94 	34.28 	33.18 
A	PER_CNV	JUVENILE	P_HTHAB	Poland	360.01 	339.51 	313.21 	317.45 	296.22 	273.17 	236.34 	177.74 	165.84 	141.06 	141.90 	129.37 	147.35 	: 	: 	: 
A	PER_CNV	JUVENILE	P_HTHAB	Portugal	488.43 	426.97 	393.29 	381.95 	367.00 	309.45 	226.83 	303.19 	308.29 	259.87 	224.90 	219.00 	162.50 	194.39 	212.25 	174.72 
A	PER_CNV	JUVENILE	P_HTHAB	Romania	87.24 	77.80 	82.25 	85.92 	78.77 	76.73 	83.53 	60.54 	24.52 	21.38 	22.45 	19.25 	16.82 	17.36 	14.31 	12.61 
A	PER_CNV	JUVENILE	P_HTHAB	Serbia	160.00 	138.27 	120.64 	177.21 	180.43 	209.80 	163.40 	156.02 	165.67 	133.77 	127.19 	138.20 	102.88 	115.87 	102.53 	125.67 
A	PER_CNV	JUVENILE	P_HTHAB	Sweden	64.94 	62.48 	64.29 	56.67 	47.49 	195.42 	193.40 	190.96 	189.77 	192.45 	185.52 	185.81 	201.51 	197.45 	192.93 	217.65 
A	PER_CNV	JUVENILE	P_HTHAB	Slovenia	141.67 	120.51 	94.81 	105.22 	112.66 	122.75 	89.11 	87.52 	88.07 	73.85 	61.66 	59.66 	51.97 	63.60 	51.54 	49.66 
A	PER_CNV	JUVENILE	P_HTHAB	Slovakia	196.31 	190.71 	167.03 	166.04 	180.90 	178.87 	154.62 	131.80 	120.93 	104.03 	139.03 	128.66 	108.63 	104.85 	102.57 	99.71 
A	PER_CNV	JUVENILE	P_HTHAB	Turkey	: 	210.68 	209.29 	223.71 	278.53 	129.31 	142.62 	140.25 	127.64 	104.41 	123.23 	125.41 	95.70 	128.48 	142.10 	135.05 
A	PER_CNV	JUVENILE	P_HTHAB	United Kingdom	747.92 	688.09 	621.47 	531.33 	396.01 	299.43 	258.72 	234.92 	212.98 	: 	: 	: 	: 	: 	: 	: 
A	PER_CNV	JUVENILE	P_HTHAB	United Kingdom	442.64 	354.90 	286.07 	238.00 	178.55 	131.22 	: 	: 	: 	144.63 	: 	: 	: 	: 	: 	: 
A	PER_CNV	JUVENILE	P_HTHAB	United Kingdom	446.74 	475.53 	457.29 	392.24 	320.23 	313.80 	291.04 	261.99 	189.29 	235.26 	: 	: 	: 	: 	: 	: 
A	PER_CNV	JUVENILE	P_HTHAB	Kosovo	: 	: 	: 	: 	: 	: 	: 	: 	118.22 	138.40 	127.76 	128.60 	: 	: 	: 	: 
A	PER_CNV	TOTAL	NR	Albania	8009 	7670 	8510 	9754 	9562 	8577 	13618 	16141 	14614 	10911 	11614 	11052 	9853 	12603 	11422 	8856 
A	PER_CNV	TOTAL	NR	Austria	38226 	37868 	38394 	36461 	35541 	34424 	32980 	32118 	30450 	30746 	27655 	27284 	23716 	23731 	24466 	25033 
A	PER_CNV	TOTAL	NR	Bosnia and Herzegovina	16951 	17707 	17294 	15709 	17846 	19015 	18442 	17471 	16592 	15036 	14447 	13616 	10702 	11356 	10770 	10702 
A	PER_CNV	TOTAL	NR	Belgium	: 	: 	140990 	142882 	163323 	141857 	117534 	132122 	43578 	238286 	229599 	202990 	159957 	: 	: 	: 
A	PER_CNV	TOTAL	NR	Bulgaria	36137 	40872 	39070 	41013 	37996 	34113 	31849 	27787 	28301 	25800 	23973 	23389 	21889 	24121 	24047 	23037 
A	PER_CNV	TOTAL	NR	Switzerland	100048 	102526 	106935 	101903 	109123 	107099 	108877 	108819 	108393 	105156 	106185 	97170 	97170 	98912 	103444 	105916 
A	PER_CNV	TOTAL	NR	Cyprus	63775 	62466 	75693 	86813 	71545 	60819 	68708 	54095 	45324 	43477 	39502 	39975 	35541 	33563 	36984 	: 
A	PER_CNV	TOTAL	NR	Czechia	75882 	73787 	70651 	70160 	71471 	77976 	72825 	65569 	61423 	55705 	54448 	55594 	45558 	49647 	50227 	51399 
A	PER_CNV	TOTAL	NR	Germany	874691 	844520 	813266 	807815 	773901 	755938 	748782 	739487 	737873 	716044 	712338 	728868 	699269 	662100 	647374 	656901 
A	PER_CNV	TOTAL	NR	Denmark	163095 	173255 	183599 	200452 	209632 	206214 	209388 	195172 	189750 	177935 	182804 	51439 	56280 	52837 	52678 	57224 
A	PER_CNV	TOTAL	NR	Estonia	11574 	7881 	9131 	9992 	9638 	8477 	7670 	7375 	7619 	6714 	5702 	5703 	4949 	4569 	3837 	: 
A	PER_CNV	TOTAL	NR	Greece	: 	: 	: 	: 	: 	: 	: 	: 	: 	: 	: 	: 	: 	5426 	4764 	4294 
A	PER_CNV	TOTAL	NR	Spain	241743 	257148 	248313 	256391 	253715 	245820 	233875 	236843 	284454 	298979 	300301 	301043 	232675 	295805 	322650 	293344 
A	PER_CNV	TOTAL	NR	Finland	237782 	206430 	206070 	202922 	191015 	182679 	173056 	181694 	156034 	82427 	82822 	82956 	80692 	80740 	77562 	78807 
A	PER_CNV	TOTAL	NR	France	703695 	703853 	682489 	663417 	679219 	667579 	578482 	574475 	468583 	466980 	546279 	549552 	458259 	530201 	504379 	517857 
A	PER_CNV	TOTAL	NR	Croatia	25126 	26355 	25355 	24203 	21174 	17162 	15452 	12972 	13777 	12424 	12168 	13295 	11902 	12550 	12629 	11523 
A	PER_CNV	TOTAL	NR	Hungary	84457 	86901 	89343 	85110 	75291 	70326 	76317 	71738 	71686 	68735 	66681 	64043 	53850 	54936 	55407 	55676 
A	PER_CNV	TOTAL	NR	Ireland	: 	3146 	3308 	3182 	: 	: 	: 	: 	: 	: 	: 	: 	: 	: 	: 	: 
A	PER_CNV	TOTAL	NR	Italy	260375 	252076 	254384 	266039 	259923 	246980 	226939 	220903 	198177 	194720 	215991 	: 	: 	: 	: 	: 
A	PER_CNV	TOTAL	NR	Lithuania	12788 	13050 	13992 	13697 	16631 	19530 	20358 	17273 	15508 	18058 	19779 	17564 	16060 	15010 	14959 	14717 
A	PER_CNV	TOTAL	NR	Luxembourg	: 	: 	: 	: 	: 	: 	: 	: 	8433 	9546 	8205 	7582 	7504 	8032 	5954 	6576 
A	PER_CNV	TOTAL	NR	Latvia	10979 	10702 	9626 	9194 	8942 	8626 	9213 	9558 	8945 	9262 	8587 	8099 	7093 	6849 	4951 	4306 
A	PER_CNV	TOTAL	NR	Montenegro	: 	: 	673 	1121 	1444 	3238 	3111 	2755 	3712 	3528 	3344 	3611 	3703 	3535 	3002 	2724 
A	PER_CNV	TOTAL	NR	North Macedonia	10218 	10549 	9716 	10532 	9598 	10012 	12144 	: 	: 	2769 	: 	5016 	6701 	8016 	8031 	6835 
A	PER_CNV	TOTAL	NR	Netherlands	115051 	114849 	98150 	93362 	87879 	92190 	88878 	91446 	81799 	82070 	78546 	76827 	59444 	62103 	62543 	66894 
A	PER_CNV	TOTAL	NR	Norway	66503 	64165 	66983 	64681 	63428 	67048 	63859 	65196 	62343 	59724 	14910 	14733 	14253 	13502 	12819 	12707 
A	PER_CNV	TOTAL	NR	Poland	447686 	440225 	455649 	446271 	429087 	372343 	311741 	272271 	300867 	251093 	285522 	296898 	261556 	: 	: 	: 
A	PER_CNV	TOTAL	NR	Portugal	87861 	78266 	77776 	77811 	79212 	71171 	52861 	59462 	56939 	51968 	46688 	45312 	35345 	42691 	45847 	42283 
A	PER_CNV	TOTAL	NR	Romania	36795 	34226 	41891 	47577 	49188 	47133 	40832 	42276 	32720 	35396 	32204 	33683 	31483 	35317 	32907 	31439 
A	PER_CNV	TOTAL	NR	Serbia	44367 	42782 	23321 	33097 	33624 	34889 	37410 	35115 	34557 	33392 	31298 	29788 	26726 	28891 	27413 	28373 
A	PER_CNV	TOTAL	NR	Sweden	69454 	71715 	74510 	73680 	71110 	64391 	60662 	59344 	56659 	57372 	60565 	62708 	68996 	74581 	76636 	80008 
A	PER_CNV	TOTAL	NR	Slovenia	9228 	8453 	8423 	7965 	8825 	11758 	9729 	8241 	7006 	6521 	6324 	6256 	5007 	5974 	5567 	5258 
A	PER_CNV	TOTAL	NR	Slovakia	28681 	30953 	31179 	30110 	35077 	36079 	33610 	29691 	27208 	26330 	29385 	28431 	25392 	23642 	25254 	23963 
A	PER_CNV	TOTAL	NR	Turkey	: 	1288334 	1213217 	1237448 	1514825 	500608 	492869 	521213 	459195 	445436 	555369 	592398 	492323 	692281 	682380 	682243 
A	PER_CNV	TOTAL	NR	United Kingdom	1355146 	1399856 	1359715 	1306509 	1224976 	1172953 	1211152 	1241080 	1231726 	: 	: 	: 	: 	: 	: 	: 
A	PER_CNV	TOTAL	NR	United Kingdom	60399 	56428 	54766 	53249 	48105 	45659 	: 	: 	: 	82716 	: 	: 	: 	: 	: 	: 
A	PER_CNV	TOTAL	NR	United Kingdom	39018 	39539 	39628 	40538 	38914 	35276 	26607 	24379 	22956 	23630 	24921 	: 	: 	: 	: 	: 
A	PER_CNV	TOTAL	NR	Kosovo	13254 	13415 	9925 	18367 	20990 	15832 	18330 	16907 	18554 	19519 	20434 	18001 	: 	: 	: 	: 
A	PER_CNV	TOTAL	P_HTHAB	Albania	252.65 	240.84 	: 	344.45 	: 	: 	470.24 	559.33 	508.21 	379.30 	404.62 	386.11 	346.21 	445.38 	408.86 	320.66 
A	PER_CNV	TOTAL	P_HTHAB	Austria	460.11 	454.32 	459.72 	435.35 	422.70 	407.29 	387.69 	374.50 	349.98 	350.47 	313.47 	307.99 	266.44 	265.67 	272.48 	274.94 
A	PER_CNV	TOTAL	P_HTHAB	Bosnia and Herzegovina	440.99 	460.64 	449.89 	408.75 	464.83 	: 	: 	: 	: 	: 	: 	: 	: 	: 	: 	: 
A	PER_CNV	TOTAL	P_HTHAB	Belgium	: 	: 	1300.66 	1298.85 	1472.06 	1270.93 	1051.21 	1175.75 	385.27 	2099.12 	2014.28 	1771.98 	1388.22 	: 	: 	: 
A	PER_CNV	TOTAL	P_HTHAB	Bulgaria	480.67 	547.36 	526.42 	556.53 	518.56 	468.29 	439.56 	385.81 	395.61 	363.29 	340.04 	334.13 	314.88 	348.74 	370.95 	357.29 
A	PER_CNV	TOTAL	P_HTHAB	Switzerland	1317.55 	1331.19 	1373.46 	1294.81 	1371.81 	1332.23 	1337.62 	1320.99 	1301.69 	1248.95 	1251.57 	1137.22 	1129.09 	1140.81 	1183.73 	1201.49 
A	PER_CNV	TOTAL	P_HTHAB	Cyprus	8214.90 	7838.33 	9240.54 	10337.95 	8299.78 	7023.97 	8007.93 	6386.60 	5342.80 	5086.21 	4570.74 	4563.88 	4002.34 	3745.84 	4087.96 	: 
A	PER_CNV	TOTAL	P_HTHAB	Czechia	733.63 	707.74 	675.30 	669.04 	680.32 	741.49 	692.75 	622.20 	582.00 	526.57 	513.17 	522.02 	426.02 	473.06 	477.59 	474.71 
A	PER_CNV	TOTAL	P_HTHAB	Germany	1063.87 	1029.87 	994.19 	1006.97 	963.43 	938.78 	927.08 	910.73 	897.92 	867.70 	860.39 	877.95 	840.80 	796.22 	777.75 	790.32 
A	PER_CNV	TOTAL	P_HTHAB	Denmark	2978.47 	3143.55 	3317.21 	3604.84 	3756.50 	3680.67 	3720.97 	3448.44 	3324.72 	3095.18 	3162.05 	885.95 	966.55 	904.74 	896.89 	964.56 
A	PER_CNV	TOTAL	P_HTHAB	Estonia	864.74 	590.01 	684.85 	751.47 	727.28 	642.11 	582.91 	560.89 	578.98 	510.32 	432.25 	430.47 	372.39 	343.52 	288.11 	: 
A	PER_CNV	TOTAL	P_HTHAB	Greece	: 	: 	: 	: 	: 	: 	: 	: 	: 	: 	: 	: 	: 	50.81 	45.55 	41.23 
A	PER_CNV	TOTAL	P_HTHAB	Spain	529.34 	556.12 	534.16 	549.40 	541.92 	526.07 	502.83 	509.89 	612.52 	642.58 	643.62 	641.38 	491.57 	624.08 	679.45 	610.05 
A	PER_CNV	TOTAL	P_HTHAB	Finland	4486.04 	3875.66 	3850.75 	3775.10 	3536.49 	3366.32 	3174.60 	3320.58 	2843.54 	1497.77 	1502.27 	1503.39 	1460.41 	1459.04 	1397.96 	1416.38 
A	PER_CNV	TOTAL	P_HTHAB	France	1099.40 	1093.78 	1055.52 	1020.98 	1040.52 	1017.65 	874.29 	864.42 	703.17 	698.97 	815.02 	818.06 	679.17 	782.83 	740.73 	758.46 
A	PER_CNV	TOTAL	P_HTHAB	Croatia	582.70 	611.51 	589.26 	564.19 	495.18 	402.66 	363.85 	307.01 	328.75 	299.07 	296.38 	326.16 	293.29 	310.92 	326.98 	299.23 
A	PER_CNV	TOTAL	P_HTHAB	Hungary	840.75 	866.33 	892.15 	852.32 	758.07 	709.73 	772.65 	727.89 	729.22 	701.55 	681.92 	655.32 	555.76 	569.20 	576.53 	579.97 
A	PER_CNV	TOTAL	P_HTHAB	Ireland	: 	69.58 	72.71 	69.61 	: 	: 	: 	: 	: 	: 	: 	: 	: 	: 	: 	: 
A	PER_CNV	TOTAL	P_HTHAB	Italy	443.93 	427.24 	429.77 	448.14 	437.62 	413.80 	373.36 	363.35 	326.67 	321.38 	357.10 	: 	: 	: 	: 	: 
A	PER_CNV	TOTAL	P_HTHAB	Lithuania	398.06 	409.88 	445.32 	448.70 	553.69 	657.15 	691.63 	591.29 	536.88 	634.08 	704.15 	628.59 	574.78 	536.90 	533.11 	515.07 
A	PER_CNV	TOTAL	P_HTHAB	Luxembourg	: 	: 	: 	: 	: 	: 	: 	: 	1463.43 	1616.14 	1362.95 	1235.07 	1198.52 	1265.42 	922.53 	995.14 
A	PER_CNV	TOTAL	P_HTHAB	Latvia	500.91 	494.81 	453.95 	443.17 	437.30 	426.22 	460.31 	481.25 	454.30 	474.95 	443.92 	421.83 	371.81 	361.76 	263.95 	228.68 
A	PER_CNV	TOTAL	P_HTHAB	Montenegro	: 	: 	108.72 	180.85 	232.79 	521.51 	500.55 	442.86 	596.58 	566.85 	537.31 	580.38 	595.46 	569.48 	486.01 	441.71 
A	PER_CNV	TOTAL	P_HTHAB	North Macedonia	499.61 	514.93 	473.32 	511.94 	465.97 	485.48 	587.87 	: 	: 	133.53 	: 	241.49 	322.74 	387.47 	437.15 	373.51 
A	PER_CNV	TOTAL	P_HTHAB	Netherlands	701.30 	696.65 	592.16 	560.54 	525.27 	549.42 	528.12 	541.08 	481.76 	480.46 	457.17 	444.55 	341.48 	355.37 	355.55 	375.57 
A	PER_CNV	TOTAL	P_HTHAB	Norway	1403.85 	1336.98 	1378.76 	1314.57 	1272.16 	1327.35 	1250.18 	1261.90 	1196.44 	1135.80 	281.55 	276.51 	265.54 	250.44 	236.28 	231.50 
A	PER_CNV	TOTAL	P_HTHAB	Poland	1174.55 	1154.36 	1198.36 	1172.46 	1127.28 	978.24 	819.99 	716.40 	792.44 	661.24 	751.83 	781.87 	689.06 	: 	: 	: 
A	PER_CNV	TOTAL	P_HTHAB	Portugal	832.54 	740.94 	735.58 	735.96 	751.37 	678.64 	506.95 	573.14 	550.60 	504.08 	453.68 	440.92 	340.66 	410.72 	439.94 	402.06 
A	PER_CNV	TOTAL	P_HTHAB	Romania	178.31 	167.44 	195.19 	222.18 	244.77 	235.43 	204.70 	212.76 	165.58 	180.19 	164.87 	173.49 	162.88 	183.93 	172.81 	164.99 
A	PER_CNV	TOTAL	P_HTHAB	Serbia	602.36 	583.26 	319.17 	456.41 	465.92 	485.82 	523.45 	493.58 	488.34 	474.30 	447.02 	427.76 	385.84 	420.44 	403.30 	427.23 
A	PER_CNV	TOTAL	P_HTHAB	Sweden	756.34 	774.77 	797.69 	782.53 	749.88 	673.84 	628.96 	608.82 	575.16 	574.00 	598.45 	612.97 	668.07 	718.56 	733.20 	760.42 
A	PER_CNV	TOTAL	P_HTHAB	Slovenia	459.04 	415.92 	411.49 	388.50 	429.34 	571.10 	472.03 	399.49 	339.41 	315.65 	305.97 	300.64 	238.90 	283.27 	264.19 	248.37 
A	PER_CNV	TOTAL	P_HTHAB	Slovakia	533.49 	575.08 	578.42 	558.37 	649.05 	666.79 	620.57 	547.67 	501.41 	484.42 	539.86 	521.63 	465.24 	433.02 	464.68 	441.41 
A	PER_CNV	TOTAL	P_HTHAB	Turkey	: 	1801.43 	1671.99 	1678.51 	2027.22 	661.94 	642.86 	670.84 	583.17 	558.09 	687.25 	722.40 	592.05 	827.95 	805.83 	800.01 
A	PER_CNV	TOTAL	P_HTHAB	United Kingdom	2481.26 	2543.38 	2451.50 	2335.87 	2173.09 	2066.57 	2118.27 	2151.98 	2118.28 	: 	: 	: 	: 	: 	: 	: 
A	PER_CNV	TOTAL	P_HTHAB	United Kingdom	1164.66 	1081.63 	1043.85 	1008.39 	906.57 	858.23 	: 	: 	: 	1527.61 	: 	: 	: 	: 	: 	: 
A	PER_CNV	TOTAL	P_HTHAB	United Kingdom	2203.95 	2213.60 	2202.76 	2240.24 	2139.38 	1931.18 	1449.74 	1320.48 	1236.16 	1265.91 	: 	: 	: 	: 	: 	: 
A	PER_CNV	TOTAL	P_HTHAB	Kosovo	: 	615.17 	449.48 	1023.70 	: 	: 	: 	: 	1047.30 	1094.40 	1136.17 	1002.47 	: 	: 	: 	: 
A	PER_PRSC	ADULT	NR	Albania	: 	: 	: 	: 	: 	11132 	18364 	18726 	16656 	15786 	15693 	14275 	13017 	15652 	15770 	13506 
A	PER_PRSC	ADULT	NR	Austria	237812 	222731 	221314 	229675 	233970 	236682 	261366 	254287 	259188 	261620 	245927 	298425 	275729 	271446 	301020 	328363 
A	PER_PRSC	ADULT	NR	Bosnia and Herzegovina	20950 	19273 	19405 	21254 	21591 	20266 	20937 	19926 	16810 	15589 	14719 	13610 	11213 	13095 	12289 	12289 
A	PER_PRSC	ADULT	NR	Belgium	529682 	555531 	556198 	558993 	528989 	523659 	525772 	500706 	482171 	479066 	489621 	523663 	608722 	569678 	503210 	500544 
A	PER_PRSC	ADULT	NR	Bulgaria	48762 	50061 	52265 	54128 	47107 	45044 	41238 	37464 	37080 	35570 	32046 	30664 	29722 	30668 	29866 	29468 
A	PER_PRSC	ADULT	NR	Cyprus	102954 	101261 	116971 	137987 	128445 	103796 	125491 	95675 	82555 	70552 	59974 	70835 	53177 	58285 	63837 	: 
A	PER_PRSC	ADULT	NR	Czechia	104563 	107798 	97143 	98981 	99502 	102727 	100836 	89223 	82784 	75126 	74614 	75245 	66036 	62751 	66782 	68551 
A	PER_PRSC	ADULT	NR	Germany	987320 	957670 	927147 	919453 	885224 	869485 	863599 	: 	: 	: 	: 	: 	: 	: 	: 	: 
A	PER_PRSC	ADULT	NR	Denmark	55133 	58492 	58021 	70045 	92741 	79627 	75743 	93737 	87408 	84614 	97166 	96934 	95054 	85498 	93525 	91270 
A	PER_PRSC	ADULT	NR	Greece	: 	: 	: 	: 	: 	: 	: 	: 	: 	: 	: 	: 	: 	8566 	7086 	10927 
A	PER_PRSC	ADULT	NR	Finland	230233 	197890 	197602 	194921 	184916 	177493 	168135 	176398 	151774 	82069 	83096 	82986 	80230 	80638 	77328 	78006 
A	PER_PRSC	ADULT	NR	France	: 	: 	: 	613625 	610173 	604629 	604445 	603152 	611627 	610080 	631526 	630870 	556036 	606431 	615137 	619208 
A	PER_PRSC	ADULT	NR	Croatia	71221 	70002 	69601 	66874 	62955 	55924 	: 	57688 	: 	: 	28568 	28105 	28561 	29381 	26673 	25661 
A	PER_PRSC	ADULT	NR	Hungary	84673 	86082 	92942 	81484 	70867 	72985 	74592 	70730 	69775 	64623 	: 	103570 	106755 	114472 	111612 	119338 
A	PER_PRSC	ADULT	NR	Iceland	3080 	: 	: 	1899 	2405 	2662 	2338 	2221 	2222 	2185 	2315 	2667 	2524 	2064 	1902 	1632 
A	PER_PRSC	ADULT	NR	Italy	545364 	1511178 	1516240 	1501731 	1499527 	1535713 	1608382 	1568092 	1507611 	1384689 	1823767 	: 	: 	: 	: 	: 
A	PER_PRSC	ADULT	NR	Liechtenstein	2089 	2967 	2364 	1066 	1086 	: 	: 	948 	936 	1046 	1021 	: 	1041 	1180 	1353 	1096 
A	PER_PRSC	ADULT	NR	Lithuania	13987 	15143 	16162 	16446 	18667 	21240 	20990 	18182 	16426 	23441 	20071 	18159 	17264 	15894 	15841 	15451 
A	PER_PRSC	ADULT	NR	Luxembourg	: 	: 	: 	: 	: 	: 	: 	18879 	14996 	13316 	9858 	10314 	9016 	9282 	9746 	10320 
A	PER_PRSC	ADULT	NR	Latvia	: 	: 	: 	: 	8511 	8904 	8658 	9568 	10106 	9303 	8924 	8994 	8824 	8467 	8233 	8603 
A	PER_PRSC	ADULT	NR	Montenegro	11015 	10662 	8295 	8068 	7972 	7520 	7157 	6709 	6931 	7427 	8180 	8165 	9724 	9577 	8750 	8776 
A	PER_PRSC	ADULT	NR	North Macedonia	: 	: 	: 	: 	: 	: 	: 	: 	: 	20582 	: 	12255 	13704 	12233 	12429 	11574 
A	PER_PRSC	ADULT	NR	Malta	: 	: 	: 	: 	: 	: 	: 	2697 	: 	: 	: 	: 	: 	: 	: 	: 
A	PER_PRSC	ADULT	NR	Netherlands	215620 	193756 	179593 	201388 	199130 	186239 	190517 	171389 	169780 	156653 	153682 	168421 	154371 	146818 	166047 	161727 
A	PER_PRSC	ADULT	NR	Norway	65988 	63522 	65182 	64112 	63470 	64764 	63151 	62824 	63076 	56458 	53942 	51749 	48464 	45197 	43656 	41736 
A	PER_PRSC	ADULT	NR	Poland	: 	: 	: 	: 	500539 	405069 	435428 	393819 	: 	: 	: 	: 	: 	: 	: 	: 
A	PER_PRSC	ADULT	NR	Portugal	126178 	112308 	112120 	109304 	110061 	101533 	74205 	82085 	78068 	71181 	63877 	61873 	47529 	58844 	62575 	57755 
A	PER_PRSC	ADULT	NR	Romania	40933 	45817 	52994 	56832 	55704 	61280 	47376 	55361 	59839 	55957 	55033 	58222 	56414 	59632 	58756 	56426 
A	PER_PRSC	ADULT	NR	Serbia	: 	56480 	49562 	50559 	54492 	49285 	37200 	115398 	105647 	97251 	103984 	95978 	85719 	84533 	80731 	79281 
A	PER_PRSC	ADULT	NR	Sweden	82237 	85649 	87367 	86103 	84080 	78820 	76470 	75006 	71238 	72950 	75911 	77564 	80497 	77865 	76362 	77989 
A	PER_PRSC	ADULT	NR	Slovenia	14266 	: 	14051 	13338 	12412 	12239 	11799 	11646 	10986 	10736 	8610 	8553 	8501 	7742 	7349 	7625 
A	PER_PRSC	ADULT	NR	Slovakia	: 	: 	49485 	48076 	50418 	50383 	49644 	43772 	39139 	37698 	35748 	34029 	31726 	29132 	29729 	27668 
A	PER_PRSC	ADULT	NR	Turkey	: 	2140701 	2281204 	2234804 	2271064 	2406114 	2440147 	2469749 	2264484 	2523428 	2933251 	3524684 	3058122 	3552508 	3818329 	3820263 
A	PER_PRSC	ADULT	NR	United Kingdom	1518150 	1579334 	1546071 	1487208 	1412649 	1382583 	1414944 	1441741 	1409377 	: 	: 	: 	: 	: 	: 	: 
A	PER_PRSC	ADULT	NR	United Kingdom	62710 	60086 	59494 	59144 	54767 	54099 	55189 	: 	: 	93476 	: 	: 	: 	: 	: 	: 
A	PER_PRSC	ADULT	NR	United Kingdom	: 	: 	37351 	38539 	36149 	45944 	26230 	27972 	26619 	27174 	28345 	: 	: 	: 	: 	: 
A	PER_PRSC	ADULT	NR	Kosovo	25764 	23682 	27327 	35710 	34166 	28738 	24856 	33493 	36385 	: 	: 	: 	: 	: 	: 	: 
A	PER_PRSC	ADULT	P_HTHAB	Albania	: 	: 	: 	: 	: 	: 	824.74 	852.70 	762.61 	709.57 	700.84 	634.04 	578.67 	703.69 	706.59 	608.49 
A	PER_PRSC	ADULT	P_HTHAB	Austria	3533.97 	3288.96 	3249.85 	3352.40 	3391.35 	3404.01 	3726.37 	3584.75 	3606.00 	3609.78 	3374.09 	4075.84 	3747.72 	3673.76 	4052.92 	4362.79 
A	PER_PRSC	ADULT	P_HTHAB	Belgium	6252.90 	6500.49 	6448.11 	6383.86 	5988.69 	5892.66 	5904.21 	5592.76 	5349.82 	5295.29 	5386.74 	5729.02 	6614.96 	6169.65 	5416.89 	5327.05 
A	PER_PRSC	ADULT	P_HTHAB	Bulgaria	777.95 	801.74 	840.74 	875.67 	779.13 	750.12 	679.75 	622.36 	621.78 	602.13 	547.11 	527.75 	515.94 	535.62 	554.53 	551.01 
A	PER_PRSC	ADULT	P_HTHAB	Cyprus	17205.51 	16358.70 	18254.33 	20847.80 	18759.61 	15023.65 	18266.68 	14117.81 	12153.24 	10272.82 	8621.14 	10023.90 	7520.65 	8044.51 	8724.75 	: 
A	PER_PRSC	ADULT	P_HTHAB	Czechia	1231.56 	1256.93 	1127.28 	1145.70 	1167.83 	1183.91 	1164.20 	1029.72 	956.16 	867.72 	861.64 	867.61 	759.52 	737.06 	784.40 	785.05 
A	PER_PRSC	ADULT	P_HTHAB	Germany	1450.42 	1401.77 	1357.05 	1373.06 	1317.59 	1289.41 	1275.78 	: 	: 	: 	: 	: 	: 	: 	: 	: 
A	PER_PRSC	ADULT	P_HTHAB	Denmark	1006.85 	1061.28 	1048.30 	1259.66 	1661.87 	1804.65 	1702.54 	2087.77 	1925.37 	1876.05 	2105.12 	2086.53 	2038.27 	1824.60 	1980.75 	1910.69 
A	PER_PRSC	ADULT	P_HTHAB	Greece	: 	: 	: 	: 	: 	: 	: 	: 	: 	: 	: 	: 	: 	97.03 	81.34 	125.57 
A	PER_PRSC	ADULT	P_HTHAB	Finland	5476.52 	4673.56 	4635.31 	4542.58 	4280.96 	4082.23 	3843.45 	4012.46 	3438.28 	1851.99 	1899.86 	1860.74 	1792.35 	1795.04 	1713.98 	1719.04 
A	PER_PRSC	ADULT	P_HTHAB	France	: 	: 	: 	1213.61 	1201.52 	1184.99 	1175.96 	1167.74 	1179.47 	1171.78 	1207.40 	1200.92 	1050.47 	1138.90 	1146.34 	1147.95 
A	PER_PRSC	ADULT	P_HTHAB	Croatia	2067.06 	2000.89 	1989.83 	1916.65 	1807.57 	1608.89 	: 	1666.34 	: 	: 	843.05 	833.79 	849.82 	878.52 	834.66 	805.22 
A	PER_PRSC	ADULT	P_HTHAB	Hungary	1056.01 	1052.75 	1135.16 	995.19 	869.74 	908.97 	916.18 	869.57 	860.03 	799.43 	: 	1284.78 	1334.54 	1437.51 	1409.03 	1507.96 
A	PER_PRSC	ADULT	P_HTHAB	Iceland	1309.30 	: 	: 	797.78 	1003.24 	1099.67 	951.97 	907.83 	894.17 	845.05 	863.59 	965.31 	909.22 	734.34 	649.98 	538.54 
A	PER_PRSC	ADULT	P_HTHAB	Italy	1121.37 	3087.27 	3086.45 	3044.80 	3035.70 	3092.31 	3178.19 	3094.08 	2976.09 	2732.29 	3598.76 	: 	: 	: 	: 	: 
A	PER_PRSC	ADULT	P_HTHAB	Liechtenstein	7419.38 	11512.94 	8633.72 	3995.35 	4082.09 	: 	: 	3489.66 	3088.09 	3747.49 	3528.48 	: 	3474.98 	3964.25 	4595.32 	3756.13 
A	PER_PRSC	ADULT	P_HTHAB	Lithuania	544.91 	591.74 	644.21 	663.78 	762.73 	874.74 	884.37 	758.71 	693.08 	1002.82 	870.42 	791.38 	745.34 	686.32 	685.64 	657.88 
A	PER_PRSC	ADULT	P_HTHAB	Luxembourg	: 	: 	: 	: 	: 	: 	: 	4196.63 	3340.97 	2803.45 	2031.74 	2119.67 	1779.82 	1807.06 	1864.36 	1927.42 
A	PER_PRSC	ADULT	P_HTHAB	Latvia	: 	: 	: 	: 	502.64 	531.01 	522.94 	584.33 	625.12 	583.78 	566.38 	576.11 	569.95 	551.78 	542.11 	565.38 
A	PER_PRSC	ADULT	P_HTHAB	Montenegro	2364.52 	2275.05 	1827.40 	1732.49 	1674.18 	1600.75 	1515.98 	1391.09 	1433.49 	1532.42 	1715.52 	1679.75 	1997.07 	1967.16 	1805.62 	1811.92 
A	PER_PRSC	ADULT	P_HTHAB	North Macedonia	: 	: 	: 	: 	: 	: 	: 	: 	: 	1242.88 	: 	735.39 	820.53 	733.76 	849.62 	806.00 
A	PER_PRSC	ADULT	P_HTHAB	Malta	: 	: 	: 	: 	: 	: 	: 	789.03 	: 	: 	: 	: 	: 	: 	: 	: 
A	PER_PRSC	ADULT	P_HTHAB	Netherlands	1676.96 	1495.50 	1375.08 	1531.04 	1503.60 	1398.60 	1423.43 	1272.44 	1252.02 	1145.34 	1114.04 	1209.54 	1097.14 	1036.73 	1179.89 	1115.50 
A	PER_PRSC	ADULT	P_HTHAB	Norway	1392.98 	1323.58 	1341.69 	1303.01 	1273.00 	1648.62 	1585.89 	1555.11 	1544.93 	1367.93 	1294.62 	1230.45 	1140.61 	1056.08 	1011.32 	953.57 
A	PER_PRSC	ADULT	P_HTHAB	Poland	: 	: 	: 	: 	1615.63 	1304.25 	1400.82 	1265.45 	: 	: 	: 	: 	: 	: 	: 	: 
A	PER_PRSC	ADULT	P_HTHAB	Portugal	1507.02 	1308.13 	1301.35 	1264.60 	1273.82 	1179.54 	865.77 	960.15 	914.24 	834.53 	748.36 	723.92 	548.58 	676.10 	715.11 	653.07 
A	PER_PRSC	ADULT	P_HTHAB	Romania	248.37 	277.02 	302.91 	331.67 	342.70 	377.48 	292.38 	343.12 	373.18 	351.06 	347.30 	369.48 	359.69 	383.64 	383.91 	368.15 
A	PER_PRSC	ADULT	P_HTHAB	Serbia	: 	947.76 	833.43 	862.52 	917.25 	832.60 	630.30 	1962.56 	1805.98 	1671.11 	1797.68 	1668.90 	1497.95 	1489.47 	1438.02 	1445.63 
A	PER_PRSC	ADULT	P_HTHAB	Sweden	895.54 	925.30 	935.34 	914.47 	886.65 	1033.33 	994.34 	966.56 	910.28 	934.93 	949.05 	960.57 	988.05 	951.03 	925.14 	936.61 
A	PER_PRSC	ADULT	P_HTHAB	Slovenia	856.85 	: 	827.06 	784.82 	729.16 	718.75 	692.80 	683.86 	656.82 	630.92 	506.37 	499.54 	492.96 	446.36 	424.60 	438.62 
A	PER_PRSC	ADULT	P_HTHAB	Slovakia	: 	: 	1139.19 	1102.16 	1149.65 	1144.76 	1125.62 	990.49 	884.35 	850.45 	805.84 	766.68 	714.89 	657.64 	675.32 	629.56 
A	PER_PRSC	ADULT	P_HTHAB	Turkey	: 	4367.01 	4569.45 	4379.95 	4366.17 	4545.39 	4526.66 	4502.12 	4053.10 	4433.00 	5063.68 	5983.31 	5073.35 	5836.83 	6164.95 	6092.81 
A	PER_PRSC	ADULT	P_HTHAB	United Kingdom	3578.59 	3657.22 	3548.13 	3380.83 	3184.78 	3095.59 	3144.50 	3174.73 	3076.90 	: 	: 	: 	: 	: 	: 	: 
A	PER_PRSC	ADULT	P_HTHAB	United Kingdom	1517.14 	1442.81 	1417.36 	1395.93 	1283.73 	1262.91 	1282.31 	: 	: 	2132.74 	: 	: 	: 	: 	: 	: 
A	PER_PRSC	ADULT	P_HTHAB	United Kingdom	: 	: 	2779.92 	2794.84 	2605.00 	3293.82 	1903.48 	1980.51 	1905.12 	1935.87 	: 	: 	: 	: 	: 	: 
A	PER_PRSC	ADULT	P_HTHAB	Kosovo	: 	: 	: 	: 	: 	: 	: 	: 	3067.28 	: 	: 	: 	: 	: 	: 	: 
A	PER_PRSC	JUVENILE	NR	Albania	: 	: 	: 	: 	: 	911 	958 	995 	790 	570 	555 	448 	392 	544 	476 	457 
A	PER_PRSC	JUVENILE	NR	Austria	65950 	62819 	57534 	54279 	52537 	50267 	42288 	48750 	50902 	51761 	54737 	34197 	30105 	30121 	35137 	36017 
A	PER_PRSC	JUVENILE	NR	Bosnia and Herzegovina	: 	: 	605 	1194 	1086 	97 	127 	100 	413 	333 	319 	280 	239 	270 	243 	243 
A	PER_PRSC	JUVENILE	NR	Belgium	83409 	79763 	82225 	78701 	62332 	58237 	56584 	56392 	59547 	58846 	57104 	61053 	68745 	63935 	59268 	66777 
A	PER_PRSC	JUVENILE	NR	Bulgaria	3387 	2822 	2945 	2935 	2377 	2199 	1839 	1397 	1389 	1517 	1272 	1329 	1139 	1096 	1049 	892 
A	PER_PRSC	JUVENILE	NR	Cyprus	875 	918 	883 	757 	681 	548 	352 	364 	336 	408 	308 	355 	453 	419 	439 	: 
A	PER_PRSC	JUVENILE	NR	Czechia	5847 	5417 	3990 	3786 	3677 	2951 	2572 	2249 	2062 	2094 	2109 	2076 	1834 	1630 	1647 	1890 
A	PER_PRSC	JUVENILE	NR	Germany	100522 	99139 	90859 	84005 	75001 	66303 	59785 	: 	: 	: 	: 	: 	: 	: 	: 	: 
A	PER_PRSC	JUVENILE	NR	Denmark	3556 	3639 	3511 	3404 	3484 	2689 	2417 	2626 	2283 	2155 	2302 	2446 	2736 	2988 	2845 	3114 
A	PER_PRSC	JUVENILE	NR	Finland	11715 	12566 	12434 	12143 	10356 	9201 	8611 	8884 	7542 	3567 	3233 	3297 	3398 	3722 	3763 	4666 
A	PER_PRSC	JUVENILE	NR	France	: 	: 	: 	75404 	65529 	65034 	62937 	62896 	64781 	64768 	67337 	64937 	48977 	46586 	45343 	48828 
A	PER_PRSC	JUVENILE	NR	Croatia	3419 	3188 	3270 	3376 	3113 	2553 	1952 	1739 	1532 	1575 	1196 	1213 	1079 	1000 	1055 	1096 
A	PER_PRSC	JUVENILE	NR	Hungary	8033 	6558 	7140 	6548 	5898 	6047 	5238 	4575 	4138 	3657 	: 	4897 	4905 	4669 	5014 	5760 
A	PER_PRSC	JUVENILE	NR	Iceland	144 	: 	: 	58 	206 	175 	151 	174 	111 	101 	104 	117 	119 	100 	110 	31 
A	PER_PRSC	JUVENILE	NR	Italy	18584 	42510 	45297 	41323 	45982 	42422 	40083 	42039 	39001 	39710 	37831 	: 	: 	: 	: 	: 
A	PER_PRSC	JUVENILE	NR	Liechtenstein	: 	: 	: 	: 	: 	: 	: 	60 	28 	41 	30 	: 	243 	35 	40 	38 
A	PER_PRSC	JUVENILE	NR	Lithuania	2643 	2467 	2113 	1990 	1616 	1705 	1752 	1479 	1186 	1458 	1057 	860 	759 	384 	302 	353 
A	PER_PRSC	JUVENILE	NR	Luxembourg	: 	: 	: 	: 	: 	: 	: 	5 	1189 	856 	585 	628 	452 	504 	470 	: 
A	PER_PRSC	JUVENILE	NR	Latvia	: 	: 	: 	: 	623 	570 	506 	492 	547 	521 	486 	440 	453 	376 	349 	272 
A	PER_PRSC	JUVENILE	NR	Montenegro	679 	542 	478 	346 	408 	388 	236 	244 	403 	410 	462 	493 	410 	462 	411 	451 
A	PER_PRSC	JUVENILE	NR	North Macedonia	: 	: 	: 	: 	: 	: 	: 	: 	: 	578 	: 	525 	610 	589 	473 	433 
A	PER_PRSC	JUVENILE	NR	Netherlands	36577 	31742 	28126 	25907 	23095 	19255 	16964 	15783 	15841 	13514 	12057 	15452 	13836 	13435 	12988 	13168 
A	PER_PRSC	JUVENILE	NR	Norway	3970 	3398 	3003 	2587 	2184 	1932 	1826 	1450 	1424 	1323 	1472 	1434 	1484 	1540 	1397 	1447 
A	PER_PRSC	JUVENILE	NR	Poland	: 	: 	55972 	: 	43487 	25089 	: 	: 	: 	: 	: 	: 	: 	: 	: 	: 
A	PER_PRSC	JUVENILE	NR	Portugal	14840 	12918 	12081 	11316 	10724 	9149 	6314 	8392 	8141 	6977 	5911 	5588 	4035 	4825 	5128 	4376 
A	PER_PRSC	JUVENILE	NR	Romania	4140 	3926 	3955 	4148 	4035 	4431 	2966 	3548 	3883 	3882 	3704 	3850 	3451 	3285 	3527 	3194 
A	PER_PRSC	JUVENILE	NR	Serbia	: 	7291 	5346 	4780 	4463 	4796 	3811 	8330 	7544 	7833 	7562 	8049 	6353 	5727 	6057 	6605 
A	PER_PRSC	JUVENILE	NR	Sweden	15172 	15248 	14037 	12048 	10072 	9008 	8768 	9061 	9087 	9664 	9172 	9325 	10253 	9297 	9596 	10384 
A	PER_PRSC	JUVENILE	NR	Slovenia	814 	629 	629 	529 	627 	576 	500 	447 	402 	329 	246 	333 	364 	377 	294 	381 
A	PER_PRSC	JUVENILE	NR	Slovakia	: 	: 	4072 	3934 	3682 	3516 	2089 	1779 	1540 	1980 	1989 	1687 	1587 	1539 	1330 	1391 
A	PER_PRSC	JUVENILE	NR	Turkey	: 	206383 	245175 	256656 	286641 	149882 	150368 	143913 	122202 	124729 	142689 	174703 	134879 	139347 	177257 	182974 
A	PER_PRSC	JUVENILE	NR	United Kingdom	110963 	103553 	96477 	83104 	62821 	49735 	43977 	39731 	35927 	: 	: 	: 	: 	: 	: 	: 
A	PER_PRSC	JUVENILE	NR	United Kingdom	5344 	4280 	3505 	2960 	2243 	1732 	1524 	: 	: 	1776 	: 	: 	: 	: 	: 	: 
A	PER_PRSC	JUVENILE	NR	United Kingdom	: 	: 	2261 	1891 	1565 	2256 	1537 	1344 	1030 	1180 	963 	: 	: 	: 	: 	: 
A	PER_PRSC	JUVENILE	NR	Kosovo	2982 	2467 	2579 	2613 	2058 	2131 	2233 	2531 	2906 	4026 	4234 	3225 	: 	: 	: 	: 
A	PER_PRSC	JUVENILE	P_HTHAB	Albania	: 	: 	: 	: 	: 	: 	143.13 	144.26 	118.09 	87.44 	87.93 	73.32 	65.72 	93.92 	84.74 	84.29 
A	PER_PRSC	JUVENILE	P_HTHAB	Austria	4179.87 	4019.32 	3731.93 	3561.36 	3481.37 	3353.76 	2833.45 	3268.84 	3364.78 	3393.41 	3569.26 	2226.43 	1951.55 	1950.99 	2264.43 	2281.97 
A	PER_PRSC	JUVENILE	P_HTHAB	Belgium	3800.81 	3613.96 	3713.60 	3506.72 	2755.95 	2559.86 	2486.32 	2468.44 	2590.94 	2553.30 	2472.88 	2638.99 	2962.83 	2754.38 	2545.90 	2845.77 
A	PER_PRSC	JUVENILE	P_HTHAB	Bulgaria	271.03 	230.72 	244.35 	247.03 	201.20 	186.67 	156.02 	118.17 	116.73 	127.00 	106.64 	111.70 	95.74 	92.06 	95.66 	81.11 
A	PER_PRSC	JUVENILE	P_HTHAB	Cyprus	491.92 	515.94 	495.08 	425.58 	384.05 	313.15 	205.98 	227.49 	198.89 	242.83 	182.71 	209.76 	265.61 	244.35 	253.72 	: 
A	PER_PRSC	JUVENILE	P_HTHAB	Czechia	315.60 	292.89 	216.31 	204.94 	200.20 	160.45 	139.01 	120.09 	108.76 	109.01 	108.22 	105.11 	91.72 	82.28 	82.23 	90.19 
A	PER_PRSC	JUVENILE	P_HTHAB	Germany	719.55 	724.51 	673.94 	633.59 	570.66 	506.48 	457.23 	: 	: 	: 	: 	: 	: 	: 	: 	: 
A	PER_PRSC	JUVENILE	P_HTHAB	Denmark	64.94 	66.02 	63.43 	61.21 	62.43 	225.91 	205.28 	224.46 	195.55 	184.47 	197.51 	210.79 	236.65 	259.15 	247.02 	269.41 
A	PER_PRSC	JUVENILE	P_HTHAB	Finland	1068.86 	1150.66 	1142.35 	1119.90 	957.32 	852.95 	799.77 	826.04 	702.85 	332.77 	303.21 	311.60 	323.91 	357.36 	363.39 	454.69 
A	PER_PRSC	JUVENILE	P_HTHAB	France	: 	: 	: 	523.02 	452.13 	446.16 	426.87 	425.46 	438.23 	439.24 	457.40 	443.98 	336.81 	321.69 	314.21 	340.58 
A	PER_PRSC	JUVENILE	P_HTHAB	Croatia	418.47 	392.97 	406.21 	421.61 	392.49 	324.72 	251.59 	227.81 	205.16 	215.28 	166.85 	171.94 	154.73 	144.54 	158.26 	165.05 
A	PER_PRSC	JUVENILE	P_HTHAB	Hungary	427.09 	353.70 	390.86 	364.19 	330.63 	344.05 	302.00 	265.74 	241.16 	213.37 	: 	286.13 	290.24 	276.56 	296.83 	341.66 
A	PER_PRSC	JUVENILE	P_HTHAB	Iceland	179.58 	: 	: 	72.12 	257.98 	219.41 	188.66 	217.48 	139.53 	126.59 	129.38 	144.97 	146.26 	121.31 	131.54 	36.59 
A	PER_PRSC	JUVENILE	P_HTHAB	Italy	185.68 	422.90 	450.07 	411.44 	459.92 	423.25 	394.60 	416.39 	389.70 	400.68 	385.78 	: 	: 	: 	: 	: 
A	PER_PRSC	JUVENILE	P_HTHAB	Liechtenstein	: 	: 	: 	: 	: 	: 	: 	867.18 	463.04 	772.13 	441.18 	: 	3552.63 	540.21 	614.06 	580.33 
A	PER_PRSC	JUVENILE	P_HTHAB	Lithuania	409.48 	394.85 	350.64 	346.12 	290.51 	313.56 	328.92 	282.00 	228.87 	285.67 	210.13 	172.15 	153.73 	77.58 	60.93 	69.40 
A	PER_PRSC	JUVENILE	P_HTHAB	Luxembourg	: 	: 	: 	: 	: 	: 	: 	4.42 	1038.08 	783.29 	500.83 	564.52 	425.15 	440.93 	383.23 	: 
A	PER_PRSC	JUVENILE	P_HTHAB	Latvia	: 	: 	: 	: 	177.21 	164.26 	146.31 	141.11 	155.27 	146.13 	135.47 	122.63 	126.02 	104.87 	97.80 	75.27 
A	PER_PRSC	JUVENILE	P_HTHAB	Montenegro	453.83 	365.09 	323.64 	237.52 	283.07 	271.83 	167.35 	174.51 	290.54 	314.32 	336.97 	384.38 	303.80 	365.15 	309.36 	340.77 
A	PER_PRSC	JUVENILE	P_HTHAB	North Macedonia	: 	: 	: 	: 	: 	: 	: 	: 	: 	146.82 	: 	128.00 	150.41 	146.70 	134.42 	117.43 
A	PER_PRSC	JUVENILE	P_HTHAB	Netherlands	1031.47 	899.24 	800.29 	739.76 	662.36 	555.94 	492.74 	460.25 	463.65 	396.99 	356.07 	460.19 	414.59 	405.74 	393.48 	397.45 
A	PER_PRSC	JUVENILE	P_HTHAB	Norway	83.81 	70.80 	61.81 	52.58 	43.80 	181.84 	162.30 	128.80 	126.35 	116.97 	130.38 	127.75 	132.66 	138.53 	126.02 	130.10 
A	PER_PRSC	JUVENILE	P_HTHAB	Poland	: 	: 	770.32 	: 	613.99 	358.17 	: 	: 	: 	: 	: 	: 	: 	: 	: 	: 
A	PER_PRSC	JUVENILE	P_HTHAB	Portugal	744.86 	653.20 	617.06 	586.52 	563.77 	486.79 	340.75 	459.68 	451.73 	391.94 	336.73 	323.07 	235.78 	285.35 	306.94 	261.58 
A	PER_PRSC	JUVENILE	P_HTHAB	Romania	99.66 	100.64 	99.70 	105.67 	105.04 	117.04 	79.25 	95.00 	104.26 	104.79 	100.45 	105.28 	94.69 	89.97 	94.36 	85.68 
A	PER_PRSC	JUVENILE	P_HTHAB	Serbia	: 	530.03 	393.27 	369.90 	349.81 	379.99 	306.16 	674.81 	615.06 	641.67 	621.31 	663.68 	527.54 	479.80 	511.97 	570.87 
A	PER_PRSC	JUVENILE	P_HTHAB	Sweden	165.22 	164.73 	150.28 	127.96 	106.21 	467.19 	449.07 	456.41 	448.72 	465.42 	432.32 	432.64 	470.21 	424.64 	436.53 	473.12 
A	PER_PRSC	JUVENILE	P_HTHAB	Slovenia	235.82 	181.35 	180.71 	150.84 	177.48 	161.80 	139.67 	124.20 	110.98 	90.32 	67.12 	90.31 	98.01 	100.75 	78.11 	100.64 
A	PER_PRSC	JUVENILE	P_HTHAB	Slovakia	: 	: 	389.10 	381.77 	361.40 	348.24 	207.85 	177.63 	154.04 	197.48 	197.52 	166.71 	165.28 	149.68 	128.82 	134.53 
A	PER_PRSC	JUVENILE	P_HTHAB	Turkey	: 	917.37 	1083.00 	1130.67 	1262.22 	660.50 	660.62 	630.13 	534.32 	544.88 	623.55 	762.22 	589.59 	612.50 	779.55 	810.39 
A	PER_PRSC	JUVENILE	P_HTHAB	United Kingdom	938.92 	873.48 	811.39 	695.84 	522.91 	411.19 	361.09 	324.11 	291.09 	: 	: 	: 	: 	: 	: 	: 
A	PER_PRSC	JUVENILE	P_HTHAB	United Kingdom	507.71 	406.68 	334.12 	283.61 	215.67 	167.11 	147.45 	: 	: 	172.27 	: 	: 	: 	: 	: 	: 
A	PER_PRSC	JUVENILE	P_HTHAB	United Kingdom	: 	: 	525.64 	439.15 	362.89 	522.46 	355.30 	309.96 	236.90 	286.49 	: 	: 	: 	: 	: 	: 
A	PER_PRSC	JUVENILE	P_HTHAB	Kosovo	: 	: 	: 	: 	: 	: 	: 	: 	496.43 	727.42 	758.69 	604.57 	: 	: 	: 	: 
A	PER_PRSC	TOTAL	NR	Albania	11882 	11389 	10857 	10882 	11484 	12043 	19322 	19721 	17446 	16356 	16249 	14723 	13409 	16196 	16246 	13963 
A	PER_PRSC	TOTAL	NR	Austria	303762 	285550 	278848 	283954 	286507 	286949 	303654 	303037 	310090 	313381 	300664 	332622 	305834 	301567 	336157 	364380 
A	PER_PRSC	TOTAL	NR	Bosnia and Herzegovina	20950 	19273 	20010 	22448 	22677 	20363 	21064 	20026 	17223 	15922 	15038 	13890 	11452 	13365 	12532 	12532 
A	PER_PRSC	TOTAL	NR	Belgium	613091 	635294 	638423 	637694 	591321 	581896 	582356 	557098 	541718 	537912 	546725 	584716 	677467 	633613 	562478 	567321 
A	PER_PRSC	TOTAL	NR	Bulgaria	52149 	52883 	55210 	57063 	49484 	47243 	43077 	38861 	38469 	37087 	33318 	31993 	30861 	31764 	30915 	30360 
A	PER_PRSC	TOTAL	NR	Cyprus	103829 	102179 	117854 	138744 	129126 	104344 	125843 	96039 	82891 	70960 	60282 	71190 	53630 	58704 	64276 	: 
A	PER_PRSC	TOTAL	NR	Czechia	110410 	113215 	101133 	102767 	103179 	105678 	103408 	91472 	84846 	77220 	76723 	77321 	67780 	64381 	68429 	70441 
A	PER_PRSC	TOTAL	NR	Germany	1087842 	1056809 	1018006 	1003458 	960225 	935788 	923384 	910681 	900615 	: 	: 	: 	: 	: 	: 	: 
A	PER_PRSC	TOTAL	NR	Denmark	58514 	61948 	61247 	73097 	96034 	82145 	78027 	96239 	89569 	86656 	99350 	99262 	97679 	88113 	96060 	94074 
A	PER_PRSC	TOTAL	NR	Estonia	13804 	11920 	11010 	11213 	10467 	9542 	8629 	8047 	8524 	7241 	6226 	6053 	5008 	4636 	3795 	3278 
A	PER_PRSC	TOTAL	NR	Greece	: 	: 	: 	: 	: 	: 	: 	: 	: 	: 	: 	: 	: 	8566 	7196 	11320 
A	PER_PRSC	TOTAL	NR	Finland	241948 	210456 	210036 	207064 	195272 	186695 	176748 	185292 	159319 	85679 	86331 	86284 	83632 	84363 	81094 	82674 
A	PER_PRSC	TOTAL	NR	France	: 	: 	: 	689029 	675702 	669663 	667382 	666048 	676408 	674848 	698863 	695807 	605013 	653017 	660480 	668036 
A	PER_PRSC	TOTAL	NR	Croatia	74640 	: 	: 	70250 	66068 	58477 	53088 	59427 	61726 	59756 	55266 	53883 	49351 	48872 	47100 	46740 
A	PER_PRSC	TOTAL	NR	Hungary	92706 	92640 	100082 	88032 	76765 	79032 	79835 	75306 	73915 	68280 	: 	108483 	111677 	119159 	116642 	125111 
A	PER_PRSC	TOTAL	NR	Ireland	: 	90193 	84139 	76881 	65161 	: 	: 	: 	: 	: 	: 	: 	: 	: 	: 	: 
A	PER_PRSC	TOTAL	NR	Iceland	3224 	: 	: 	1957 	2611 	2837 	2489 	2395 	2333 	2286 	2419 	2784 	2643 	2164 	2012 	1664 
A	PER_PRSC	TOTAL	NR	Italy	563948 	1577949 	1561537 	1543054 	1567225 	1578135 	1648465 	1610131 	1546612 	1424399 	1861598 	: 	: 	: 	: 	: 
A	PER_PRSC	TOTAL	NR	Liechtenstein	2089 	2967 	2864 	1066 	1086 	: 	1078 	1008 	964 	1087 	1051 	: 	1284 	1215 	1393 	1134 
A	PER_PRSC	TOTAL	NR	Lithuania	16630 	17610 	18275 	18436 	20283 	22945 	22742 	19661 	17612 	24899 	21128 	19019 	18023 	16278 	16143 	15804 
A	PER_PRSC	TOTAL	NR	Luxembourg	: 	: 	: 	: 	: 	: 	: 	: 	16232 	14172 	10443 	10942 	9468 	9786 	9746 	10320 
A	PER_PRSC	TOTAL	NR	Latvia	12685 	12328 	10937 	12890 	13563 	12397 	9164 	10060 	10613 	9785 	9375 	9408 	9233 	8811 	8548 	8842 
A	PER_PRSC	TOTAL	NR	Montenegro	8677 	7126 	5588 	5684 	5554 	7745 	7393 	6953 	7334 	7837 	8642 	8658 	10134 	10039 	9161 	9227 
A	PER_PRSC	TOTAL	NR	North Macedonia	26409 	30404 	30004 	31284 	31860 	34436 	37164 	: 	: 	21460 	: 	12780 	14314 	12822 	12902 	12007 
A	PER_PRSC	TOTAL	NR	Malta	: 	1844 	: 	1577 	1571 	2903 	2858 	2697 	1720 	2311 	: 	: 	: 	: 	: 	: 
A	PER_PRSC	TOTAL	NR	Netherlands	252197 	226509 	208420 	227953 	222851 	206328 	208288 	187950 	186386 	170789 	166355 	184416 	168656 	160641 	179383 	175654 
A	PER_PRSC	TOTAL	NR	Norway	69958 	66920 	68185 	66699 	65654 	66696 	64977 	64274 	64500 	57781 	55414 	53183 	49948 	46737 	45053 	43183 
A	PER_PRSC	TOTAL	NR	Poland	555091 	557119 	549815 	560949 	533408 	505927 	361825 	323612 	389212 	269512 	269002 	286620 	260763 	302338 	241927 	232739 
A	PER_PRSC	TOTAL	NR	Portugal	141109 	125260 	124186 	120604 	120719 	110682 	80519 	90477 	86209 	78158 	69788 	67461 	51564 	63669 	67703 	62131 
A	PER_PRSC	TOTAL	NR	Romania	45073 	49743 	56949 	60980 	59739 	65711 	50342 	58909 	145851 	132313 	133354 	133339 	120231 	125410 	124858 	123071 
A	PER_PRSC	TOTAL	NR	Serbia	61740 	63771 	54908 	54939 	58955 	58423 	41011 	123728 	113191 	105084 	111546 	104027 	92072 	90260 	86788 	85886 
A	PER_PRSC	TOTAL	NR	Sweden	97464 	100945 	101438 	98192 	94198 	87868 	85238 	84067 	80325 	82664 	85145 	86928 	90784 	87196 	85990 	88403 
A	PER_PRSC	TOTAL	NR	Slovenia	15080 	14511 	14680 	13867 	13039 	12815 	12299 	12093 	11388 	11065 	8856 	8886 	8865 	8119 	7643 	8006 
A	PER_PRSC	TOTAL	NR	Slovakia	51029 	53413 	53557 	52010 	54100 	53899 	51733 	45551 	40679 	39678 	35748 	34102 	31866 	29362 	29913 	29059 
A	PER_PRSC	TOTAL	NR	Turkey	: 	3154560 	3287783 	3317023 	3474826 	2556189 	2590829 	2614148 	2387388 	2649035 	3077013 	4409513 	3860256 	4567925 	4866082 	4808274 
A	PER_PRSC	TOTAL	NR	United Kingdom	1629113 	1682888 	1642548 	1570312 	1475470 	1432318 	1458921 	1481472 	1445304 	: 	: 	: 	: 	: 	: 	: 
A	PER_PRSC	TOTAL	NR	United Kingdom	70136 	66343 	62999 	62104 	57010 	55829 	56714 	: 	: 	95254 	: 	: 	: 	: 	: 	: 
A	PER_PRSC	TOTAL	NR	United Kingdom	: 	: 	43725 	38330 	38422 	48200 	31480 	29316 	27649 	28354 	29308 	: 	: 	: 	: 	: 
A	PER_PRSC	TOTAL	NR	Kosovo	: 	: 	29906 	38323 	36224 	30869 	27089 	35844 	39291 	42469 	38675 	33124 	: 	: 	: 	: 
A	PER_PRSC	TOTAL	P_HTHAB	Albania	374.82 	357.62 	: 	384.29 	: 	: 	667.21 	683.38 	606.69 	568.59 	566.10 	514.35 	471.16 	572.35 	581.55 	505.58 
A	PER_PRSC	TOTAL	P_HTHAB	Austria	3656.26 	3425.91 	3338.84 	3390.43 	3407.50 	3395.10 	3569.13 	3529.87 	3564.06 	3572.16 	3408.01 	3754.72 	3435.93 	3376.00 	3743.84 	4002.08 
A	PER_PRSC	TOTAL	P_HTHAB	Bosnia and Herzegovina	545.03 	501.38 	520.55 	584.10 	590.66 	: 	: 	: 	: 	: 	: 	: 	: 	: 	: 	: 
A	PER_PRSC	TOTAL	P_HTHAB	Belgium	5747.62 	5908.02 	5889.56 	5796.88 	5329.69 	5213.35 	5208.52 	4957.59 	4789.25 	4738.59 	4796.43 	5104.23 	5879.54 	5483.56 	4841.59 	4831.23 
A	PER_PRSC	TOTAL	P_HTHAB	Bulgaria	693.66 	708.21 	743.89 	774.32 	675.34 	648.54 	594.52 	539.57 	537.74 	522.22 	472.59 	457.04 	443.95 	459.25 	476.90 	470.86 
A	PER_PRSC	TOTAL	P_HTHAB	Cyprus	13374.29 	12821.58 	14387.53 	16522.04 	14979.62 	12050.66 	14667.02 	11338.62 	9771.21 	8301.34 	6975.18 	8127.65 	6039.38 	6551.73 	7104.64 	: 
A	PER_PRSC	TOTAL	P_HTHAB	Czechia	1067.44 	1085.91 	966.66 	979.97 	982.15 	1004.91 	983.67 	868.00 	803.93 	729.95 	723.12 	726.03 	633.82 	613.45 	650.67 	650.57 
A	PER_PRSC	TOTAL	P_HTHAB	Germany	1323.12 	1288.75 	1244.47 	1250.85 	1195.38 	1162.13 	1143.26 	1121.56 	1095.96 	: 	: 	: 	: 	: 	: 	: 
A	PER_PRSC	TOTAL	P_HTHAB	Denmark	1068.59 	1123.99 	1106.59 	1314.55 	1720.88 	1466.19 	1386.60 	1700.42 	1569.39 	1507.38 	1718.50 	1709.62 	1677.54 	1508.77 	1635.50 	1585.70 
A	PER_PRSC	TOTAL	P_HTHAB	Estonia	1031.35 	892.39 	825.78 	843.30 	789.83 	722.78 	655.79 	612.00 	647.75 	550.38 	471.98 	456.89 	376.83 	348.55 	284.95 	239.99 
A	PER_PRSC	TOTAL	P_HTHAB	Greece	: 	: 	: 	: 	: 	: 	: 	: 	: 	: 	: 	: 	: 	80.22 	68.80 	108.70 
A	PER_PRSC	TOTAL	P_HTHAB	Finland	4564.64 	3951.25 	3924.86 	3852.16 	3615.30 	3440.32 	3242.33 	3386.34 	2903.41 	1556.87 	1565.92 	1563.71 	1513.62 	1524.51 	1461.62 	1485.88 
A	PER_PRSC	TOTAL	P_HTHAB	France	: 	: 	: 	1060.39 	1035.13 	1020.82 	1008.65 	1002.21 	1015.04 	1010.10 	1042.67 	1035.77 	896.67 	964.17 	969.99 	978.42 
A	PER_PRSC	TOTAL	P_HTHAB	Croatia	1731.00 	: 	: 	1637.58 	1545.09 	1372.01 	1250.07 	1406.45 	1472.94 	1438.44 	1346.15 	1321.88 	1216.09 	1210.80 	1219.48 	1213.74 
A	PER_PRSC	TOTAL	P_HTHAB	Hungary	922.87 	923.54 	999.39 	881.58 	772.91 	797.59 	808.26 	764.10 	751.90 	696.91 	: 	1110.06 	1152.57 	1234.62 	1213.71 	1303.27 
A	PER_PRSC	TOTAL	P_HTHAB	Ireland	: 	1994.84 	1849.44 	1681.97 	1421.89 	: 	: 	: 	: 	: 	: 	: 	: 	: 	: 	: 
A	PER_PRSC	TOTAL	P_HTHAB	Iceland	1022.00 	: 	: 	614.54 	817.02 	881.45 	764.27 	727.74 	701.59 	675.63 	694.22 	779.85 	725.83 	586.78 	534.75 	429.13 
A	PER_PRSC	TOTAL	P_HTHAB	Italy	961.50 	2674.46 	2638.17 	2599.28 	2638.68 	2644.10 	2712.06 	2648.43 	2549.41 	2350.90 	3077.84 	: 	: 	: 	: 	: 
A	PER_PRSC	TOTAL	P_HTHAB	Liechtenstein	5908.47 	8336.85 	7979.05 	2948.91 	2977.38 	: 	2903.39 	2697.64 	2562.33 	2874.90 	2757.52 	: 	3313.80 	3111.00 	3543.81 	2858.08 
A	PER_PRSC	TOTAL	P_HTHAB	Lithuania	517.65 	553.10 	581.64 	603.95 	675.28 	772.06 	772.62 	673.03 	609.72 	874.29 	752.18 	680.66 	641.39 	579.13 	575.30 	553.11 
A	PER_PRSC	TOTAL	P_HTHAB	Luxembourg	: 	: 	: 	: 	: 	: 	: 	: 	2816.84 	2399.32 	1734.70 	1782.39 	1512.20 	1541.76 	1510.08 	1561.72 
A	PER_PRSC	TOTAL	P_HTHAB	Latvia	578.75 	569.99 	515.77 	621.32 	663.29 	612.55 	457.86 	506.52 	539.02 	501.77 	484.65 	490.01 	483.99 	465.40 	455.71 	469.57 
A	PER_PRSC	TOTAL	P_HTHAB	Montenegro	1409.65 	1154.65 	902.74 	917.00 	895.36 	1247.40 	1189.50 	1117.67 	1178.69 	1259.18 	1388.59 	1391.55 	1629.59 	1617.27 	1483.12 	1496.20 
A	PER_PRSC	TOTAL	P_HTHAB	North Macedonia	1291.28 	1484.12 	1461.67 	1520.65 	1546.76 	1669.79 	1799.04 	: 	: 	1034.86 	: 	615.27 	689.41 	619.78 	702.30 	656.14 
A	PER_PRSC	TOTAL	P_HTHAB	Malta	: 	448.74 	: 	380.01 	376.25 	688.95 	665.54 	613.39 	381.87 	502.07 	: 	: 	: 	: 	: 	: 
A	PER_PRSC	TOTAL	P_HTHAB	Netherlands	1537.28 	1373.97 	1257.44 	1368.61 	1332.02 	1229.64 	1237.65 	1112.08 	1097.74 	999.85 	968.25 	1067.09 	968.87 	919.24 	1019.76 	986.19 
A	PER_PRSC	TOTAL	P_HTHAB	Norway	1476.79 	1394.38 	1403.50 	1355.59 	1316.80 	1320.38 	1272.07 	1244.05 	1237.83 	1098.85 	1046.41 	998.14 	930.55 	866.89 	830.43 	786.72 
A	PER_PRSC	TOTAL	P_HTHAB	Poland	1456.33 	1460.88 	1446.01 	1473.75 	1401.35 	1329.20 	951.72 	851.48 	1025.13 	709.75 	708.33 	754.80 	686.98 	798.99 	655.81 	633.24 
A	PER_PRSC	TOTAL	P_HTHAB	Portugal	1337.10 	1185.84 	1174.50 	1140.71 	1145.08 	1055.39 	772.19 	872.08 	833.64 	758.11 	678.14 	656.45 	496.98 	612.54 	649.67 	590.79 
A	PER_PRSC	TOTAL	P_HTHAB	Romania	218.42 	243.36 	265.35 	284.77 	297.27 	328.23 	252.37 	296.46 	738.09 	673.56 	682.69 	686.80 	622.03 	653.12 	655.68 	645.89 
A	PER_PRSC	TOTAL	P_HTHAB	Serbia	838.23 	869.41 	751.48 	757.62 	816.93 	813.52 	573.84 	1739.12 	1599.56 	1492.61 	1593.19 	1493.83 	1329.23 	1313.53 	1276.84 	1293.23 
A	PER_PRSC	TOTAL	P_HTHAB	Sweden	1061.36 	1090.55 	1085.98 	1042.87 	993.35 	919.52 	883.77 	862.46 	815.40 	827.04 	841.33 	849.72 	879.04 	840.10 	822.69 	840.21 
A	PER_PRSC	TOTAL	P_HTHAB	Slovenia	750.15 	714.00 	717.16 	676.38 	634.35 	622.44 	596.72 	586.22 	551.69 	535.60 	428.47 	427.03 	422.98 	384.97 	362.71 	378.18 
A	PER_PRSC	TOTAL	P_HTHAB	Slovakia	949.19 	992.36 	993.56 	964.50 	1001.05 	996.13 	955.20 	840.22 	749.67 	730.00 	656.76 	625.68 	583.85 	537.79 	550.41 	535.28 
A	PER_PRSC	TOTAL	P_HTHAB	Turkey	: 	4410.92 	4531.04 	4499.31 	4650.20 	3379.98 	3379.29 	3364.59 	3031.95 	3318.97 	3807.69 	5377.20 	4642.24 	5463.09 	5746.42 	5638.25 
A	PER_PRSC	TOTAL	P_HTHAB	United Kingdom	2982.89 	3057.62 	2961.43 	2807.52 	2617.47 	2523.53 	2551.61 	2568.81 	2485.59 	: 	: 	: 	: 	: 	: 	: 
A	PER_PRSC	TOTAL	P_HTHAB	United Kingdom	1352.42 	1271.69 	1200.77 	1176.08 	1074.39 	1049.39 	1062.57 	: 	: 	1759.17 	: 	: 	: 	: 	: 	: 
A	PER_PRSC	TOTAL	P_HTHAB	United Kingdom	: 	: 	2430.49 	2118.22 	2112.33 	2638.70 	1715.26 	1587.89 	1488.87 	1518.99 	: 	: 	: 	: 	: 	: 
A	PER_PRSC	TOTAL	P_HTHAB	Kosovo	: 	: 	1354.37 	2135.96 	: 	: 	: 	: 	2217.82 	2381.18 	2150.40 	1844.66 	: 	: 	: 	: 
A	PER_SUSP	ADULT	NR	Albania	11658 	10565 	13386 	16037 	18879 	20181 	28010 	34829 	32692 	33998 	38058 	41708 	37648 	37388 	36425 	37484 
A	PER_SUSP	ADULT	NR	Austria	197073 	206517 	204171 	224647 	227081 	229763 	221876 	220426 	237511 	236010 	252356 	261732 	239195 	229776 	258111 	285917 
A	PER_SUSP	ADULT	NR	Bosnia and Herzegovina	8890 	23207 	24758 	26267 	26975 	24849 	23920 	21245 	20851 	: 	18576 	16958 	17753 	18666 	17714 	17795 
A	PER_SUSP	ADULT	NR	Belgium	201927 	209439 	208322 	217333 	211998 	214136 	214556 	155961 	173384 	178782 	182076 	186966 	290485 	221294 	180563 	177982 
A	PER_SUSP	ADULT	NR	Bulgaria	49188 	50688 	54126 	45506 	40734 	39544 	49873 	47838 	47403 	44520 	42553 	40380 	39371 	39561 	40292 	42002 
A	PER_SUSP	ADULT	NR	Switzerland	: 	113079 	104436 	105193 	111561 	114073 	105311 	108601 	109082 	106705 	109713 	108746 	102792 	101780 	107315 	113499 
A	PER_SUSP	ADULT	NR	Cyprus	: 	3089 	: 	6073 	6180 	5772 	5493 	5162 	4376 	4550 	4240 	4264 	3746 	4152 	5236 	5217 
A	PER_SUSP	ADULT	NR	Czechia	113316 	115802 	106989 	109529 	108169 	113406 	110430 	98185 	87067 	80854 	80529 	81498 	71350 	66206 	71484 	74871 
A	PER_SUSP	ADULT	NR	Germany	1888533 	1898855 	1829300 	1812507 	1818412 	1834680 	1890857 	2071640 	2060388 	1856589 	1803232 	1769239 	1743985 	1668389 	1811538 	1935385 
A	PER_SUSP	ADULT	NR	Denmark	: 	: 	: 	: 	: 	: 	: 	32907 	32616 	31809 	32455 	34507 	33984 	33963 	35548 	32907 
A	PER_SUSP	ADULT	NR	Estonia	15960 	13947 	15438 	18088 	: 	: 	: 	: 	: 	: 	: 	: 	: 	: 	: 	: 
A	PER_SUSP	ADULT	NR	Greece	208493 	190234 	166522 	126302 	116692 	94104 	96467 	105573 	105532 	109397 	124257 	122305 	113139 	112105 	137187 	148722 
A	PER_SUSP	ADULT	NR	Spain	278712 	314377 	304543 	358273 	350563 	349828 	333246 	357810 	344110 	351396 	368856 	384361 	393045 	428223 	482113 	530434 
A	PER_SUSP	ADULT	NR	Finland	374884 	419744 	434276 	437680 	392255 	402722 	378862 	379571 	383533 	396642 	428626 	400423 	275253 	132950 	126013 	127746 
A	PER_SUSP	ADULT	NR	France	964572 	960225 	930072 	965273 	950741 	911467 	921805 	954024 	927748 	935787 	1409897 	1437100 	1354818 	1522391 	1576209 	1664331 
A	PER_SUSP	ADULT	NR	Croatia	28165 	29384 	27929 	27818 	24696 	20323 	18282 	18206 	17316 	16526 	16178 	17392 	17956 	19501 	19645 	21576 
A	PER_SUSP	ADULT	NR	Hungary	138936 	129154 	147266 	140178 	131801 	129985 	108470 	95759 	87916 	83532 	3994 	9683 	9787 	9415 	10282 	11341 
A	PER_SUSP	ADULT	NR	Ireland	: 	: 	: 	: 	: 	: 	: 	: 	: 	: 	111727 	103624 	98652 	87991 	93262 	95983 
A	PER_SUSP	ADULT	NR	Iceland	: 	: 	: 	3742 	3540 	: 	5211 	4966 	5454 	6057 	6497 	6056 	5350 	5502 	5445 	5900 
A	PER_SUSP	ADULT	NR	Italy	857967 	838971 	838284 	868663 	901871 	945940 	948834 	926478 	859183 	846536 	838936 	825233 	775227 	800432 	783790 	763736 
A	PER_SUSP	ADULT	NR	Liechtenstein	1186 	1344 	882 	1264 	525 	: 	1622 	1638 	1579 	: 	: 	489 	526 	451 	476 	: 
A	PER_SUSP	ADULT	NR	Lithuania	17486 	18180 	19081 	19179 	24216 	28271 	28139 	24800 	19658 	26089 	22819 	22277 	23708 	21362 	21724 	21180 
A	PER_SUSP	ADULT	NR	Luxembourg	16017 	19949 	17998 	21546 	23455 	24426 	26781 	26060 	25238 	21691 	23620 	26402 	29187 	28730 	30967 	: 
A	PER_SUSP	ADULT	NR	Latvia	24189 	22037 	24076 	22736 	22820 	20580 	20728 	21900 	14144 	13541 	12628 	12595 	12032 	12331 	12233 	12522 
A	PER_SUSP	ADULT	NR	Montenegro	6421 	6157 	5692 	4797 	4014 	4387 	4007 	3565 	3315 	3274 	4058 	3477 	6295 	5265 	3809 	3992 
A	PER_SUSP	ADULT	NR	North Macedonia	18802 	17211 	17678 	17616 	15122 	15826 	15926 	14464 	14600 	13168 	: 	: 	: 	: 	: 	: 
A	PER_SUSP	ADULT	NR	Malta	3262 	3369 	4118 	4654 	4773 	4949 	5024 	5121 	5038 	5160 	5539 	5012 	5142 	5723 	5628 	6242 
A	PER_SUSP	ADULT	NR	Netherlands	375220 	346155 	322850 	320440 	313230 	298800 	177103 	177440 	165560 	153290 	148900 	148920 	135810 	125910 	137130 	132550 
A	PER_SUSP	ADULT	NR	Norway	74663 	72585 	74434 	73752 	73827 	75651 	74739 	74415 	73959 	66742 	63434 	61915 	62470 	56952 	53783 	51848 
A	PER_SUSP	ADULT	NR	Poland	464545 	470827 	464992 	472288 	456692 	405073 	346330 	306495 	299422 	297257 	326187 	328225 	302399 	314162 	308355 	296862 
A	PER_SUSP	ADULT	NR	Portugal	220764 	236553 	205734 	203605 	203208 	191886 	177619 	181283 	170913 	177889 	172272 	150157 	130788 	137148 	156941 	172750 
A	PER_SUSP	ADULT	NR	Romania	216588 	222477 	230672 	201580 	227443 	228356 	200029 	176571 	184776 	180791 	187375 	190528 	163941 	188710 	197740 	200427 
A	PER_SUSP	ADULT	NR	Serbia	52008 	51039 	50682 	48089 	46294 	47777 	45238 	45840 	45934 	46942 	46792 	46876 	43875 	43880 	42955 	42021 
A	PER_SUSP	ADULT	NR	Sweden	158032 	167401 	172201 	170431 	167948 	158081 	156891 	156634 	153288 	156078 	161699 	170255 	179492 	173584 	170686 	174587 
A	PER_SUSP	ADULT	NR	Slovenia	16056 	17773 	18717 	17883 	17338 	17327 	17262 	15218 	14887 	14545 	14772 	15264 	14795 	13643 	14463 	14758 
A	PER_SUSP	ADULT	NR	Slovakia	47177 	51544 	49151 	49999 	50873 	50246 	46910 	42792 	40002 	39506 	38135 	37131 	33523 	31408 	32203 	31888 
A	PER_SUSP	ADULT	NR	Turkey	: 	1175473 	1282842 	1370088 	1539134 	: 	: 	: 	: 	: 	: 	: 	: 	: 	: 	: 
A	PER_SUSP	ADULT	NR	United Kingdom	71957 	: 	: 	: 	: 	: 	: 	: 	: 	: 	: 	: 	: 	: 	: 	: 
A	PER_SUSP	ADULT	NR	Kosovo	: 	: 	: 	: 	: 	: 	: 	: 	: 	33120 	30994 	30828 	28686 	: 	: 	: 
A	PER_SUSP	ADULT	P_HTHAB	Albania	: 	: 	: 	: 	: 	: 	1257.95 	1585.97 	1496.84 	1528.20 	1699.65 	1852.50 	1673.63 	1680.91 	1632.05 	1688.76 
A	PER_SUSP	ADULT	P_HTHAB	Austria	2928.57 	3049.54 	2998.12 	3279.01 	3291.49 	3304.50 	3163.09 	3121.40 	3304.42 	3256.42 	3462.29 	3574.20 	3251.15 	3110.40 	3475.19 	3798.83 
A	PER_SUSP	ADULT	P_HTHAB	Belgium	2383.75 	2450.73 	2415.12 	2482.01 	2400.03 	2409.64 	2409.38 	1742.04 	1923.74 	1976.14 	2004.14 	2045.46 	3156.69 	2396.63 	1943.70 	1894.18 
A	PER_SUSP	ADULT	P_HTHAB	Bulgaria	784.74 	811.79 	870.68 	736.18 	673.72 	658.53 	822.08 	794.70 	794.83 	753.63 	726.59 	695.09 	683.43 	690.94 	748.11 	785.38 
A	PER_SUSP	ADULT	P_HTHAB	Switzerland	: 	1809.72 	1648.09 	1639.50 	1716.98 	1734.29 	1579.86 	1607.92 	1596.35 	1544.29 	1575.62 	1550.35 	1455.22 	1430.90 	1497.52 	1569.37 
A	PER_SUSP	ADULT	P_HTHAB	Cyprus	: 	499.03 	: 	917.54 	902.60 	835.45 	799.57 	761.62 	644.12 	662.51 	609.49 	603.40 	529.78 	573.06 	715.62 	673.45 
A	PER_SUSP	ADULT	P_HTHAB	Czechia	1334.65 	1350.26 	1241.53 	1267.79 	1269.55 	1306.99 	1274.97 	1133.15 	1005.63 	933.88 	929.95 	939.70 	820.64 	777.64 	839.63 	857.43 
A	PER_SUSP	ADULT	P_HTHAB	Germany	2774.35 	2779.40 	2677.52 	2706.71 	2706.58 	2720.75 	2794.00 	3043.48 	2993.29 	2688.71 	2605.10 	2550.08 	2511.49 	2404.34 	2611.27 	2796.70 
A	PER_SUSP	ADULT	P_HTHAB	Denmark	: 	: 	: 	: 	: 	: 	: 	732.92 	718.45 	705.26 	703.15 	742.77 	728.24 	724.61 	752.87 	688.89 
A	PER_SUSP	ADULT	P_HTHAB	Estonia	1467.90 	1367.74 	1496.41 	1757.93 	: 	: 	: 	: 	: 	: 	: 	: 	: 	: 	: 	: 
A	PER_SUSP	ADULT	P_HTHAB	Greece	2267.18 	2085.95 	1497.60 	1135.46 	1052.57 	1038.32 	1072.12 	1179.24 	1185.70 	1230.59 	1401.00 	1379.97 	1276.36 	1267.91 	1574.86 	1709.12 
A	PER_SUSP	ADULT	P_HTHAB	Spain	740.76 	826.18 	796.75 	934.06 	911.48 	912.04 	873.22 	939.07 	903.34 	920.59 	962.91 	995.74 	1007.63 	1093.98 	1223.69 	1325.85 
A	PER_SUSP	ADULT	P_HTHAB	Finland	7072.64 	7880.57 	8115.14 	8142.47 	7262.28 	9262.35 	8660.51 	8633.95 	8688.52 	8950.73 	9799.84 	8980.23 	6149.21 	2959.53 	2792.39 	2815.17 
A	PER_SUSP	ADULT	P_HTHAB	France	1940.56 	1919.43 	1849.43 	1909.10 	1872.15 	1786.36 	1796.46 	1846.19 	1789.09 	1797.36 	2695.55 	2735.65 	2559.53 	2859.12 	2937.36 	3085.50 
A	PER_SUSP	ADULT	P_HTHAB	Croatia	817.44 	839.89 	798.46 	797.28 	709.07 	584.68 	526.71 	525.89 	510.61 	482.85 	477.41 	515.97 	534.27 	583.10 	614.73 	677.03 
A	PER_SUSP	ADULT	P_HTHAB	Hungary	1732.76 	1579.51 	1798.65 	1712.04 	1617.57 	1618.86 	1332.07 	1177.28 	1083.43 	1033.34 	49.53 	120.12 	122.35 	118.23 	129.80 	143.31 
A	PER_SUSP	ADULT	P_HTHAB	Ireland	: 	: 	: 	: 	: 	: 	: 	: 	: 	: 	3074.04 	2799.09 	2596.88 	2280.76 	2367.63 	2375.83 
A	PER_SUSP	ADULT	P_HTHAB	Iceland	: 	: 	: 	1572.04 	1476.70 	: 	2121.78 	2029.86 	2194.45 	2342.54 	2423.65 	2191.96 	1927.22 	1957.83 	1860.75 	1946.94 
A	PER_SUSP	ADULT	P_HTHAB	Italy	1764.14 	1713.98 	1706.41 	1761.24 	1825.78 	1904.74 	1874.91 	1827.39 	1696.06 	1670.40 	1655.44 	1642.47 	1544.02 	1605.10 	1573.52 	1529.87 
A	PER_SUSP	ADULT	P_HTHAB	Liechtenstein	4212.25 	5215.16 	3221.21 	4737.45 	1973.54 	: 	6046.15 	6029.60 	5209.50 	: 	: 	1630.92 	1755.85 	1515.41 	1616.68 	: 
A	PER_SUSP	ADULT	P_HTHAB	Lithuania	681.22 	710.41 	760.56 	774.08 	989.47 	1164.30 	1185.58 	1034.88 	829.45 	1116.10 	989.60 	970.84 	1023.54 	922.44 	940.28 	901.81 
A	PER_SUSP	ADULT	P_HTHAB	Luxembourg	4233.44 	5207.41 	4558.71 	5342.57 	5641.16 	5727.08 	6119.96 	5792.90 	5622.79 	4566.66 	4868.10 	5425.98 	5761.70 	5593.28 	5924.84 	: 
A	PER_SUSP	ADULT	P_HTHAB	Latvia	1350.21 	1241.95 	1379.33 	1326.19 	1347.70 	1227.33 	1251.97 	1337.46 	874.98 	849.72 	801.46 	806.77 	777.15 	803.58 	805.49 	822.94 
A	PER_SUSP	ADULT	P_HTHAB	Montenegro	1378.36 	1313.77 	1253.96 	1030.09 	842.97 	933.84 	848.78 	739.23 	685.62 	675.53 	851.05 	715.31 	1292.84 	1081.45 	786.01 	824.20 
A	PER_SUSP	ADULT	P_HTHAB	North Macedonia	1196.00 	1085.61 	1106.00 	1117.04 	933.50 	971.41 	972.53 	879.03 	884.52 	795.17 	: 	: 	: 	: 	: 	: 
A	PER_SUSP	ADULT	P_HTHAB	Malta	1002.33 	1039.72 	1253.27 	1380.03 	1479.92 	1459.00 	1475.23 	1438.21 	1376.62 	1400.19 	1436.80 	1212.49 	1186.57 	1315.82 	1287.33 	1373.23 
A	PER_SUSP	ADULT	P_HTHAB	Netherlands	2918.23 	2671.79 	2471.96 	2436.12 	2365.15 	2243.90 	1323.21 	1317.15 	1220.72 	1120.75 	1079.38 	1069.66 	965.22 	888.93 	974.23 	914.25 
A	PER_SUSP	ADULT	P_HTHAB	Norway	1576.11 	1512.42 	1532.13 	1498.93 	1480.72 	1925.76 	1876.89 	1842.03 	1811.49 	1617.10 	1522.44 	1472.17 	1470.24 	1330.75 	1245.92 	1184.61 
A	PER_SUSP	ADULT	P_HTHAB	Poland	1516.91 	1529.34 	1511.83 	1529.52 	1474.10 	1304.26 	1114.34 	985.02 	962.31 	954.98 	1048.74 	1056.13 	974.07 	1016.37 	1023.97 	989.51 
A	PER_SUSP	ADULT	P_HTHAB	Portugal	2636.72 	2755.31 	2387.91 	2355.62 	2351.89 	2229.20 	2072.34 	2121.47 	2001.53 	2085.59 	2018.27 	1756.85 	1509.55 	1575.80 	1793.52 	1953.37 
A	PER_SUSP	ADULT	P_HTHAB	Romania	1314.21 	1345.14 	1318.49 	1176.41 	1399.27 	1406.64 	1234.37 	1094.27 	1152.10 	1134.24 	1182.48 	1209.11 	1045.26 	1214.06 	1292.04 	1307.69 
A	PER_SUSP	ADULT	P_HTHAB	Serbia	870.96 	856.45 	852.27 	820.38 	779.25 	807.13 	766.53 	779.65 	785.22 	806.63 	808.94 	815.10 	766.72 	773.17 	765.14 	766.22 
A	PER_SUSP	ADULT	P_HTHAB	Sweden	1720.93 	1808.50 	1843.56 	1810.10 	1771.07 	2072.44 	2040.06 	2018.45 	1958.72 	2000.31 	2021.58 	2108.47 	2203.14 	2120.12 	2067.90 	2096.70 
A	PER_SUSP	ADULT	P_HTHAB	Slovenia	964.36 	1054.46 	1101.71 	1052.25 	1018.55 	1017.54 	1013.57 	893.61 	890.05 	854.76 	868.76 	891.60 	857.95 	786.45 	835.63 	848.94 
A	PER_SUSP	ADULT	P_HTHAB	Slovakia	1098.95 	1193.13 	1131.50 	1146.24 	1160.03 	1141.65 	1063.63 	968.32 	903.69 	891.24 	859.64 	836.57 	755.38 	708.73 	731.51 	725.58 
A	PER_SUSP	ADULT	P_HTHAB	Turkey	: 	2397.95 	2569.65 	2685.21 	2959.02 	: 	: 	: 	: 	: 	: 	: 	: 	: 	: 	: 
A	PER_SUSP	ADULT	P_HTHAB	United Kingdom	5402.22 	: 	: 	: 	: 	: 	: 	: 	: 	: 	: 	: 	: 	: 	: 	: 
A	PER_SUSP	ADULT	P_HTHAB	Kosovo	: 	: 	: 	: 	: 	: 	: 	: 	: 	2692.54 	2499.15 	2445.34 	2270.20 	: 	: 	: 
A	PER_SUSP	JUVENILE	NR	Albania	1427 	1424 	1721 	1736 	2149 	1662 	1583 	2283 	1982 	2053 	1591 	1337 	3308 	1940 	1773 	2005 
A	PER_SUSP	JUVENILE	NR	Austria	35912 	33063 	29306 	28045 	26549 	30387 	33939 	30154 	26634 	27972 	28827 	33705 	30178 	28930 	33964 	33442 
A	PER_SUSP	JUVENILE	NR	Bosnia and Herzegovina	886 	2188 	1966 	1956 	1827 	1763 	1251 	853 	738 	: 	640 	640 	494 	417 	462 	508 
A	PER_SUSP	JUVENILE	NR	Belgium	23944 	23915 	23602 	21541 	18816 	18277 	17883 	15015 	16516 	16846 	17528 	18246 	25950 	19737 	16598 	16101 
A	PER_SUSP	JUVENILE	NR	Bulgaria	6316 	4712 	5080 	5771 	5337 	5047 	6000 	5565 	5651 	6002 	5896 	5839 	4983 	4790 	4954 	4467 
A	PER_SUSP	JUVENILE	NR	Switzerland	: 	19431 	16997 	14063 	13459 	13197 	13226 	12621 	12310 	13047 	12441 	13318 	13590 	13124 	12536 	13048 
A	PER_SUSP	JUVENILE	NR	Cyprus	: 	757 	: 	170 	205 	184 	112 	56 	98 	92 	107 	94 	67 	87 	113 	344 
A	PER_SUSP	JUVENILE	NR	Czechia	8737 	7433 	5488 	5446 	3394 	4190 	3962 	3412 	6026 	5933 	4142 	4279 	2060 	1830 	1894 	2351 
A	PER_SUSP	JUVENILE	NR	Germany	265771 	254205 	231543 	214736 	200257 	259480 	258647 	297396 	300418 	276287 	248034 	249972 	225632 	223614 	282244 	311382 
A	PER_SUSP	JUVENILE	NR	Denmark	: 	: 	: 	: 	: 	: 	: 	2253 	2210 	1799 	1587 	1573 	1740 	1592 	1567 	1440 
A	PER_SUSP	JUVENILE	NR	Estonia	2227 	1673 	1486 	1656 	: 	: 	: 	: 	: 	: 	: 	: 	: 	: 	: 	: 
A	PER_SUSP	JUVENILE	NR	Greece	7748 	6460 	4884 	4621 	3834 	4667 	3802 	4752 	6002 	6046 	6680 	6577 	5575 	5460 	7583 	14470 
A	PER_SUSP	JUVENILE	NR	Spain	18749 	19736 	18341 	19692 	19046 	18420 	16678 	19884 	20962 	21364 	20293 	21777 	20765 	23431 	24449 	24552 
A	PER_SUSP	JUVENILE	NR	Finland	27087 	26957 	28709 	29778 	24628 	22159 	20091 	18906 	18419 	17849 	16488 	16951 	17899 	18214 	19541 	22670 
A	PER_SUSP	JUVENILE	NR	France	207821 	214612 	216243 	207274 	201418 	194555 	190077 	200458 	201274 	207621 	301632 	283731 	240121 	249056 	226639 	230643 
A	PER_SUSP	JUVENILE	NR	Croatia	3575 	3047 	3323 	3111 	2757 	2027 	1737 	1577 	1412 	1347 	1072 	1135 	865 	997 	1127 	1393 
A	PER_SUSP	JUVENILE	NR	Hungary	17414 	14706 	16594 	16558 	15758 	15121 	11076 	9385 	9188 	7858 	53945 	126134 	128797 	136950 	133502 	141680 
A	PER_SUSP	JUVENILE	NR	Ireland	: 	: 	: 	: 	: 	: 	: 	: 	: 	: 	13865 	14317 	12616 	11091 	11276 	11901 
A	PER_SUSP	JUVENILE	NR	Iceland	: 	: 	: 	153 	171 	: 	474 	435 	375 	396 	323 	362 	357 	372 	376 	413 
A	PER_SUSP	JUVENILE	NR	Italy	31826 	30161 	29558 	32207 	32024 	32142 	33426 	35523 	34343 	32572 	30604 	29548 	26273 	30407 	34597 	32983 
A	PER_SUSP	JUVENILE	NR	Liechtenstein	169 	152 	167 	115 	59 	: 	79 	69 	68 	: 	: 	34 	76 	45 	68 	: 
A	PER_SUSP	JUVENILE	NR	Lithuania	3418 	3147 	2655 	2421 	2230 	2451 	2513 	2025 	1436 	1649 	1256 	1167 	1175 	704 	631 	677 
A	PER_SUSP	JUVENILE	NR	Luxembourg	2145 	2508 	2581 	2396 	2493 	2889 	2667 	2376 	2539 	2220 	2137 	2630 	2401 	3621 	3692 	: 
A	PER_SUSP	JUVENILE	NR	Latvia	2257 	1773 	1538 	1793 	1769 	1553 	1233 	1345 	903 	822 	799 	761 	716 	594 	593 	516 
A	PER_SUSP	JUVENILE	NR	Montenegro	353 	480 	141 	270 	348 	403 	278 	287 	291 	317 	367 	391 	346 	354 	306 	351 
A	PER_SUSP	JUVENILE	NR	North Macedonia	3888 	4015 	3415 	2813 	2455 	2485 	1886 	1456 	1313 	1584 	: 	: 	: 	: 	: 	: 
A	PER_SUSP	JUVENILE	NR	Malta	282 	300 	384 	421 	398 	390 	259 	311 	338 	305 	247 	239 	199 	287 	293 	368 
A	PER_SUSP	JUVENILE	NR	Netherlands	86510 	73045 	61095 	54440 	49050 	42245 	23956 	22960 	21350 	19260 	17060 	18930 	16160 	15320 	17780 	16870 
A	PER_SUSP	JUVENILE	NR	Norway	11212 	10224 	9201 	8035 	7131 	6661 	6459 	5925 	6042 	7072 	7063 	7430 	7416 	7986 	7766 	8903 
A	PER_SUSP	JUVENILE	NR	Poland	52081 	50872 	51163 	49654 	43847 	25028 	17286 	12904 	13001 	11758 	10699 	10359 	8285 	8038 	8724 	8715 
A	PER_SUSP	JUVENILE	NR	Portugal	3619 	3613 	3200 	2887 	2618 	2499 	2586 	2669 	2783 	2787 	2550 	2631 	1655 	1742 	2545 	2736 
A	PER_SUSP	JUVENILE	NR	Romania	13831 	13134 	12363 	11295 	10991 	11280 	8993 	7955 	9014 	8729 	8434 	8622 	6567 	6292 	6733 	7794 
A	PER_SUSP	JUVENILE	NR	Serbia	4958 	4544 	4582 	4199 	3844 	4369 	3495 	3716 	3420 	3723 	3614 	3918 	3136 	2806 	2970 	3081 
A	PER_SUSP	JUVENILE	NR	Sweden	24376 	24670 	22358 	19572 	17170 	15644 	15540 	16047 	17683 	18705 	17360 	17277 	18977 	17327 	17898 	18852 
A	PER_SUSP	JUVENILE	NR	Slovenia	1474 	1563 	1455 	1319 	1215 	1091 	1051 	853 	799 	893 	932 	907 	832 	614 	905 	1200 
A	PER_SUSP	JUVENILE	NR	Slovakia	3751 	3343 	5387 	5328 	4514 	3607 	4139 	3637 	3424 	3405 	3291 	3208 	2801 	2754 	2687 	2322 
A	PER_SUSP	JUVENILE	NR	Turkey	: 	94516 	119526 	131142 	139403 	: 	: 	: 	148523 	140692 	152011 	168250 	: 	: 	: 	: 
A	PER_SUSP	JUVENILE	NR	United Kingdom	8820 	: 	: 	: 	: 	: 	: 	: 	: 	: 	: 	: 	: 	: 	: 	: 
A	PER_SUSP	JUVENILE	NR	Kosovo	: 	: 	: 	: 	: 	: 	: 	: 	: 	2180 	1728 	2583 	1928 	: 	: 	: 
A	PER_SUSP	JUVENILE	P_HTHAB	Albania	: 	: 	: 	: 	: 	: 	236.52 	331.00 	296.27 	314.94 	252.08 	218.83 	554.59 	334.94 	315.63 	369.81 
A	PER_SUSP	JUVENILE	P_HTHAB	Austria	2276.08 	2115.46 	1900.93 	1840.09 	1759.27 	2027.39 	2274.18 	1991.02 	1760.59 	1833.82 	1879.73 	2194.40 	1956.28 	1873.84 	2188.84 	2118.82 
A	PER_SUSP	JUVENILE	P_HTHAB	Belgium	1091.09 	1083.56 	1065.96 	959.81 	831.93 	803.38 	785.79 	657.25 	718.62 	730.94 	759.05 	788.67 	1118.42 	850.29 	712.98 	686.16 
A	PER_SUSP	JUVENILE	P_HTHAB	Bulgaria	505.41 	385.25 	421.49 	485.73 	451.74 	428.43 	509.03 	470.73 	474.91 	502.49 	494.32 	490.78 	418.85 	402.34 	451.75 	406.20 
A	PER_SUSP	JUVENILE	P_HTHAB	Switzerland	: 	1336.90 	1173.00 	967.21 	923.65 	902.93 	898.32 	851.61 	824.01 	864.10 	817.96 	870.33 	881.12 	843.68 	797.14 	824.14 
A	PER_SUSP	JUVENILE	P_HTHAB	Cyprus	: 	425.46 	: 	95.57 	115.61 	105.15 	65.54 	35.00 	58.01 	54.76 	63.47 	55.54 	39.28 	50.74 	65.31 	197.23 
A	PER_SUSP	JUVENILE	P_HTHAB	Czechia	471.59 	401.89 	297.52 	294.80 	184.79 	227.81 	214.13 	182.20 	317.85 	308.86 	212.53 	216.64 	103.03 	92.37 	94.56 	112.19 
A	PER_SUSP	JUVENILE	P_HTHAB	Germany	1902.43 	1857.74 	1717.46 	1619.61 	1523.68 	1982.14 	1978.10 	2268.12 	2254.43 	2051.09 	1832.11 	1838.38 	1649.61 	1627.00 	2035.91 	2237.59 
A	PER_SUSP	JUVENILE	P_HTHAB	Denmark	: 	: 	: 	: 	: 	: 	: 	192.58 	189.30 	153.99 	136.16 	135.56 	150.50 	138.08 	136.06 	124.58 
A	PER_SUSP	JUVENILE	P_HTHAB	Estonia	887.04 	710.77 	638.70 	720.25 	: 	: 	: 	: 	: 	: 	: 	: 	: 	: 	: 	: 
A	PER_SUSP	JUVENILE	P_HTHAB	Greece	390.33 	327.10 	43.92 	41.54 	34.58 	240.51 	197.62 	250.20 	319.81 	321.87 	356.83 	353.27 	300.64 	297.23 	433.63 	845.06 
A	PER_SUSP	JUVENILE	P_HTHAB	Spain	233.28 	241.05 	221.96 	236.95 	227.89 	220.04 	199.76 	238.22 	251.13 	255.64 	242.97 	261.23 	249.41 	284.28 	302.26 	303.93 
A	PER_SUSP	JUVENILE	P_HTHAB	Finland	511.03 	506.11 	536.47 	553.98 	455.97 	2054.17 	1866.01 	1757.89 	1716.49 	1665.17 	1546.34 	1602.04 	1706.20 	1748.78 	1887.08 	2209.14 
A	PER_SUSP	JUVENILE	P_HTHAB	France	1454.68 	1498.32 	1504.91 	1437.71 	1389.71 	1334.71 	1299.23 	1356.01 	1361.58 	1408.04 	2048.90 	1939.88 	1651.30 	1719.80 	1570.51 	1608.74 
A	PER_SUSP	JUVENILE	P_HTHAB	Croatia	437.57 	375.59 	412.79 	388.51 	347.61 	257.82 	223.88 	206.59 	189.09 	184.12 	149.55 	160.88 	124.05 	144.11 	169.06 	209.77 
A	PER_SUSP	JUVENILE	P_HTHAB	Hungary	925.86 	793.15 	908.39 	920.94 	883.37 	860.33 	638.60 	545.12 	535.46 	458.49 	3145.27 	7370.00 	7621.09 	8111.94 	7903.31 	8403.93 
A	PER_SUSP	JUVENILE	P_HTHAB	Ireland	: 	: 	: 	: 	: 	: 	: 	: 	: 	: 	1159.42 	1192.09 	1039.43 	917.43 	927.88 	966.45 
A	PER_SUSP	JUVENILE	P_HTHAB	Iceland	: 	: 	: 	190.26 	214.15 	: 	592.20 	543.71 	471.37 	496.34 	401.83 	448.53 	438.77 	451.26 	449.63 	487.49 
A	PER_SUSP	JUVENILE	P_HTHAB	Italy	317.99 	300.05 	293.69 	320.68 	320.31 	320.68 	329.06 	351.85 	343.15 	328.65 	312.08 	308.65 	278.52 	325.17 	375.28 	363.42 
A	PER_SUSP	JUVENILE	P_HTHAB	Liechtenstein	2347.22 	2381.33 	2484.38 	2121.77 	887.35 	: 	1369.39 	997.25 	1124.52 	: 	: 	529.93 	1111.11 	694.55 	1043.91 	: 
A	PER_SUSP	JUVENILE	P_HTHAB	Lithuania	529.55 	503.69 	440.58 	421.09 	400.89 	450.75 	471.79 	386.10 	277.11 	323.09 	249.69 	233.60 	237.99 	142.24 	127.32 	133.09 
A	PER_SUSP	JUVENILE	P_HTHAB	Luxembourg	2039.03 	2360.52 	2406.28 	2331.71 	2285.69 	2613.56 	2380.89 	2100.85 	2216.73 	2031.44 	1829.54 	2364.15 	2258.36 	3167.90 	3010.36 	: 
A	PER_SUSP	JUVENILE	P_HTHAB	Latvia	563.99 	456.43 	410.12 	497.76 	503.20 	447.53 	356.53 	385.76 	256.32 	230.56 	222.71 	212.09 	199.19 	165.67 	166.17 	142.78 
A	PER_SUSP	JUVENILE	P_HTHAB	Montenegro	235.94 	323.33 	95.47 	185.34 	241.44 	282.34 	197.13 	205.27 	209.80 	243.02 	267.68 	304.86 	256.37 	279.79 	230.33 	265.21 
A	PER_SUSP	JUVENILE	P_HTHAB	North Macedonia	823.32 	866.72 	751.63 	628.99 	558.13 	573.74 	441.22 	344.20 	312.66 	402.35 	: 	: 	: 	: 	: 	: 
A	PER_SUSP	JUVENILE	P_HTHAB	Malta	342.36 	371.16 	484.43 	541.49 	518.72 	539.92 	339.19 	427.53 	434.97 	388.93 	312.01 	298.02 	244.15 	353.76 	362.74 	474.00 
A	PER_SUSP	JUVENILE	P_HTHAB	Netherlands	2439.57 	2069.34 	1738.38 	1554.50 	1406.75 	1219.72 	695.83 	669.55 	624.89 	565.79 	503.83 	563.77 	484.23 	462.67 	538.65 	509.19 
A	PER_SUSP	JUVENILE	P_HTHAB	Norway	236.68 	213.03 	189.39 	163.30 	143.02 	626.94 	574.11 	526.31 	536.10 	625.26 	625.59 	661.91 	662.97 	718.37 	700.57 	800.49 
A	PER_SUSP	JUVENILE	P_HTHAB	Poland	695.53 	692.17 	704.14 	691.13 	619.07 	357.30 	249.29 	187.43 	189.88 	171.75 	155.64 	150.24 	119.84 	116.11 	128.75 	129.06 
A	PER_SUSP	JUVENILE	P_HTHAB	Portugal	181.65 	182.69 	163.45 	149.64 	137.63 	132.97 	139.56 	146.20 	154.42 	156.56 	145.27 	152.11 	96.71 	103.02 	152.33 	163.54 
A	PER_SUSP	JUVENILE	P_HTHAB	Romania	332.93 	336.68 	311.65 	287.73 	286.11 	297.95 	240.30 	213.00 	242.17 	235.63 	228.72 	235.78 	180.18 	172.32 	180.12 	209.08 
A	PER_SUSP	JUVENILE	P_HTHAB	Serbia	355.88 	330.33 	337.07 	324.94 	301.29 	346.16 	280.78 	301.03 	278.83 	304.98 	296.94 	323.06 	260.41 	235.08 	251.04 	266.29 
A	PER_SUSP	JUVENILE	P_HTHAB	Sweden	265.45 	266.52 	239.36 	207.87 	181.06 	811.36 	795.91 	808.30 	873.20 	900.83 	818.25 	801.58 	870.30 	791.40 	814.20 	858.95 
A	PER_SUSP	JUVENILE	P_HTHAB	Slovenia	427.03 	450.63 	418.03 	376.11 	343.93 	306.47 	293.58 	237.01 	220.58 	245.16 	254.28 	245.98 	224.02 	164.08 	240.44 	316.98 
A	PER_SUSP	JUVENILE	P_HTHAB	Slovakia	346.35 	314.68 	514.75 	517.05 	443.06 	357.25 	411.82 	363.16 	342.48 	339.61 	326.82 	317.01 	291.72 	267.85 	260.25 	224.57 
A	PER_SUSP	JUVENILE	P_HTHAB	Turkey	: 	420.12 	527.98 	577.73 	613.86 	: 	: 	: 	649.40 	614.61 	664.29 	734.06 	: 	: 	: 	: 
A	PER_SUSP	JUVENILE	P_HTHAB	United Kingdom	2053.30 	: 	: 	: 	: 	: 	: 	: 	: 	: 	: 	: 	: 	: 	: 	: 
A	PER_SUSP	JUVENILE	P_HTHAB	Kosovo	: 	: 	: 	: 	: 	: 	: 	: 	: 	393.88 	309.64 	484.22 	371.82 	: 	: 	: 
A	PER_SUSP	TOTAL	NR	Albania	13085 	11989 	15107 	17773 	21028 	21843 	29593 	37112 	34674 	36051 	39649 	43045 	40956 	39328 	38198 	39489 
A	PER_SUSP	TOTAL	NR	Austria	240554 	246378 	239954 	259028 	259923 	260150 	255815 	250580 	270160 	270630 	288414 	304422 	276344 	266961 	302503 	329969 
A	PER_SUSP	TOTAL	NR	Bosnia and Herzegovina	12065 	25395 	27407 	29113 	29253 	27505 	25856 	22186 	21589 	: 	19216 	18575 	18247 	19083 	18176 	18303 
A	PER_SUSP	TOTAL	NR	Belgium	264433 	278531 	275665 	284684 	274645 	271918 	261631 	170515 	189420 	195083 	199089 	204636 	315387 	240384 	196595 	193602 
A	PER_SUSP	TOTAL	NR	Bulgaria	55504 	55400 	59206 	51277 	46071 	44591 	55873 	53403 	53054 	50522 	48449 	46219 	44354 	44351 	45246 	46469 
A	PER_SUSP	TOTAL	NR	Switzerland	: 	132907 	121867 	119634 	125109 	127624 	118874 	121469 	121657 	119941 	122353 	122199 	116515 	115044 	120000 	126633 
A	PER_SUSP	TOTAL	NR	Cyprus	9840 	9316 	9685 	6243 	6385 	5956 	5605 	5218 	4474 	4642 	4347 	4358 	3813 	4239 	5349 	5561 
A	PER_SUSP	TOTAL	NR	Czechia	122053 	123235 	112477 	114975 	113026 	117596 	114392 	101597 	93093 	86787 	84990 	86209 	75405 	69749 	75474 	79356 
A	PER_SUSP	TOTAL	NR	Germany	2255693 	2250339 	2152803 	2112843 	2094118 	2094160 	2149504 	2369036 	2360806 	2132876 	2051266 	2019211 	1969617 	1892003 	2093782 	2246767 
A	PER_SUSP	TOTAL	NR	Denmark	: 	: 	: 	: 	: 	: 	: 	35160 	34826 	33608 	34042 	36080 	35724 	35555 	37115 	34347 
A	PER_SUSP	TOTAL	NR	Estonia	18249 	15620 	16924 	19744 	: 	: 	: 	: 	: 	: 	: 	: 	: 	: 	: 	: 
A	PER_SUSP	TOTAL	NR	Greece	216241 	196694 	171406 	130923 	120526 	98771 	100269 	110325 	111534 	115443 	124257 	122305 	113139 	117565 	144770 	163192 
A	PER_SUSP	TOTAL	NR	Spain	350801 	334045 	322884 	377965 	369612 	374807 	349924 	377694 	365072 	372760 	389149 	406138 	413810 	451654 	506562 	554986 
A	PER_SUSP	TOTAL	NR	Finland	401971 	446701 	462985 	467458 	416883 	424881 	398953 	398477 	401952 	414491 	445114 	417374 	293152 	151164 	145554 	150421 
A	PER_SUSP	TOTAL	NR	France	1172393 	1174837 	1146315 	1172547 	1152159 	1106022 	1111882 	1154490 	1129039 	1143435 	1711529 	1720831 	1594939 	1771447 	1802848 	1894974 
A	PER_SUSP	TOTAL	NR	Croatia	31740 	32431 	31252 	30929 	27453 	22350 	20019 	19783 	18728 	17873 	17399 	18675 	18966 	20656 	20904 	23100 
A	PER_SUSP	TOTAL	NR	Hungary	156350 	143860 	163860 	156736 	147559 	145106 	119546 	105144 	97151 	91427 	57943 	135839 	138619 	146404 	143824 	153063 
A	PER_SUSP	TOTAL	NR	Ireland	: 	: 	: 	: 	: 	: 	: 	: 	: 	: 	: 	122941 	111268 	99082 	104538 	107884 
A	PER_SUSP	TOTAL	NR	Iceland	: 	4614 	: 	3895 	3711 	: 	5685 	5401 	5481 	6112 	6596 	6421 	5708 	5874 	5821 	6313 
A	PER_SUSP	TOTAL	NR	Italy	889793 	869132 	867842 	900870 	933895 	978082 	980845 	961949 	893689 	878632 	869304 	854657 	801372 	830802 	818619 	796644 
A	PER_SUSP	TOTAL	NR	Liechtenstein	1392 	1496 	1049 	1379 	584 	: 	1701 	1707 	1647 	: 	: 	523 	602 	496 	544 	: 
A	PER_SUSP	TOTAL	NR	Lithuania	20904 	21327 	21736 	21600 	26446 	30722 	30652 	26825 	21094 	27738 	24075 	23444 	24883 	22066 	22355 	21857 
A	PER_SUSP	TOTAL	NR	Luxembourg	18162 	22457 	20579 	23945 	25952 	27315 	29450 	28436 	27777 	23911 	25757 	29036 	31590 	32353 	34660 	: 
A	PER_SUSP	TOTAL	NR	Latvia	26446 	23810 	25614 	24529 	24589 	22133 	21961 	23235 	14997 	14325 	13384 	13320 	12704 	12356 	12274 	12544 
A	PER_SUSP	TOTAL	NR	Montenegro	6774 	6637 	5833 	5067 	4362 	4790 	4285 	3852 	3606 	3591 	4425 	3868 	6641 	5619 	4115 	4343 
A	PER_SUSP	TOTAL	NR	North Macedonia	22690 	21226 	21093 	20429 	17577 	18311 	17182 	15920 	15913 	14752 	: 	: 	: 	: 	: 	: 
A	PER_SUSP	TOTAL	NR	Malta	3544 	3669 	4502 	5075 	5171 	5340 	5289 	5437 	5384 	5472 	5791 	5251 	5341 	6010 	5921 	6610 
A	PER_SUSP	TOTAL	NR	Netherlands	470955 	423420 	386430 	376685 	364070 	342535 	217105 	200400 	186910 	172550 	165960 	167850 	152810 	142040 	155810 	150450 
A	PER_SUSP	TOTAL	NR	Norway	85875 	82809 	83635 	81787 	80958 	82312 	81198 	80340 	80001 	73814 	70497 	69345 	69886 	64938 	61549 	60751 
A	PER_SUSP	TOTAL	NR	Poland	516626 	521699 	516154 	521942 	500539 	430101 	363616 	319399 	312423 	309015 	336886 	338584 	310684 	322200 	317079 	305577 
A	PER_SUSP	TOTAL	NR	Portugal	224383 	240166 	208934 	206492 	205826 	194385 	180205 	183952 	173696 	180676 	174822 	152788 	132443 	138890 	159486 	175486 
A	PER_SUSP	TOTAL	NR	Romania	230419 	235611 	243035 	212875 	238434 	239636 	209022 	184526 	193790 	189520 	195809 	199150 	170508 	195002 	204473 	208221 
A	PER_SUSP	TOTAL	NR	Serbia	56966 	55583 	55264 	52288 	50138 	52017 	48606 	49393 	49242 	50528 	50322 	50689 	46933 	46603 	45829 	45027 
A	PER_SUSP	TOTAL	NR	Sweden	184251 	193905 	196046 	191561 	186857 	176062 	172431 	172681 	170971 	176993 	180770 	189190 	199930 	192092 	189678 	194503 
A	PER_SUSP	TOTAL	NR	Slovenia	17471 	19286 	20134 	19177 	18508 	18373 	18270 	16041 	15651 	15415 	15676 	16161 	15611 	14256 	15365 	15948 
A	PER_SUSP	TOTAL	NR	Slovakia	52573 	54887 	52050 	53023 	53507 	53853 	51049 	46429 	43426 	42911 	41426 	40339 	36324 	34162 	34890 	34210 
A	PER_SUSP	TOTAL	NR	Turkey	: 	1269989 	1402368 	1501230 	1678537 	: 	: 	: 	: 	: 	: 	: 	: 	: 	: 	: 
A	PER_SUSP	TOTAL	NR	United Kingdom	228171 	206537 	196095 	204239 	192785 	: 	: 	: 	: 	: 	: 	: 	: 	: 	: 	: 
A	PER_SUSP	TOTAL	NR	United Kingdom	81185 	: 	: 	: 	: 	: 	: 	: 	: 	: 	: 	: 	: 	: 	: 	: 
A	PER_SUSP	TOTAL	NR	Kosovo	: 	: 	: 	: 	: 	: 	: 	: 	: 	35300 	34450 	33411 	30614 	: 	: 	: 
A	PER_SUSP	TOTAL	P_HTHAB	Albania	412.77 	376.46 	: 	627.64 	: 	: 	1021.88 	1286.02 	1205.80 	1253.25 	1381.34 	1503.79 	1439.10 	1389.81 	1367.34 	1429.84 
A	PER_SUSP	TOTAL	P_HTHAB	Austria	2895.45 	2955.94 	2873.14 	3092.81 	3091.33 	3078.02 	3007.15 	2921.79 	3105.12 	3084.85 	3269.16 	3436.39 	3104.62 	2988.59 	3369.03 	3624.13 
A	PER_SUSP	TOTAL	P_HTHAB	Bosnia and Herzegovina	313.88 	660.64 	712.97 	757.52 	761.94 	: 	: 	: 	: 	: 	: 	: 	: 	: 	: 	: 
A	PER_SUSP	TOTAL	P_HTHAB	Belgium	2479.01 	2590.24 	2543.06 	2587.89 	2475.43 	2436.18 	2339.99 	1517.41 	1674.64 	1718.53 	1746.61 	1786.35 	2737.15 	2080.39 	1692.21 	1648.69 
A	PER_SUSP	TOTAL	P_HTHAB	Bulgaria	738.28 	741.92 	797.73 	695.81 	628.76 	612.13 	771.12 	741.48 	741.62 	711.39 	687.22 	660.27 	638.05 	641.23 	697.97 	720.71 
A	PER_SUSP	TOTAL	P_HTHAB	Switzerland	: 	1725.65 	1565.25 	1520.10 	1572.78 	1587.55 	1460.43 	1474.56 	1460.97 	1424.55 	1442.14 	1430.14 	1353.88 	1326.87 	1373.19 	1436.50 
A	PER_SUSP	TOTAL	P_HTHAB	Cyprus	1267.50 	1168.99 	1182.34 	743.43 	740.71 	687.86 	653.26 	616.05 	527.40 	543.05 	502.99 	497.55 	429.39 	473.10 	591.24 	585.93 
A	PER_SUSP	TOTAL	P_HTHAB	Czechia	1180.01 	1182.02 	1075.09 	1096.39 	1075.88 	1118.24 	1088.16 	964.08 	882.08 	820.38 	801.03 	809.49 	705.12 	664.60 	717.66 	732.91 
A	PER_SUSP	TOTAL	P_HTHAB	Germany	2743.56 	2744.24 	2631.72 	2633.74 	2606.96 	2600.67 	2661.35 	2917.62 	2872.88 	2584.63 	2477.60 	2432.22 	2368.28 	2275.27 	2515.44 	2703.09 
A	PER_SUSP	TOTAL	P_HTHAB	Denmark	: 	: 	: 	: 	: 	: 	: 	621.23 	610.21 	584.61 	588.84 	621.42 	613.52 	608.81 	631.91 	578.95 
A	PER_SUSP	TOTAL	P_HTHAB	Estonia	1363.45 	1169.39 	1269.34 	1484.89 	: 	: 	: 	: 	: 	: 	: 	: 	: 	: 	: 	: 
A	PER_SUSP	TOTAL	P_HTHAB	Greece	1933.79 	1772.86 	1541.52 	1177.01 	1087.15 	897.62 	917.64 	1016.07 	1034.28 	1072.07 	1156.83 	1140.42 	1055.54 	1100.94 	1384.06 	1567.05 
A	PER_SUSP	TOTAL	P_HTHAB	Spain	768.14 	722.43 	694.57 	809.92 	789.46 	802.11 	752.33 	813.13 	786.11 	801.15 	834.04 	865.28 	874.26 	952.88 	1066.74 	1154.17 
A	PER_SUSP	TOTAL	P_HTHAB	Finland	7583.67 	8386.68 	8651.62 	8696.45 	7718.24 	7829.49 	7318.53 	7282.44 	7325.12 	7531.69 	8073.71 	7563.97 	5305.64 	2731.65 	2623.43 	2703.48 
A	PER_SUSP	TOTAL	P_HTHAB	France	1831.66 	1825.69 	1772.87 	1804.51 	1765.03 	1686.00 	1686.15 	1737.17 	1694.28 	1711.48 	2553.52 	2561.61 	2363.80 	2615.51 	2647.68 	2775.41 
A	PER_SUSP	TOTAL	P_HTHAB	Croatia	736.09 	752.50 	726.31 	720.98 	642.03 	524.38 	471.39 	468.20 	446.90 	430.24 	423.80 	458.14 	467.35 	511.75 	541.23 	599.86 
A	PER_SUSP	TOTAL	P_HTHAB	Hungary	1556.43 	1434.16 	1636.26 	1569.60 	1485.70 	1464.42 	1210.30 	1066.85 	988.26 	933.16 	592.56 	1389.98 	1430.63 	1516.91 	1496.54 	1594.45 
A	PER_SUSP	TOTAL	P_HTHAB	Ireland	: 	: 	: 	: 	: 	: 	: 	: 	: 	: 	: 	2506.83 	2219.77 	1955.48 	2028.18 	2046.59 
A	PER_SUSP	TOTAL	P_HTHAB	Iceland	: 	1444.73 	: 	1223.10 	1161.23 	: 	1745.63 	1641.14 	1648.28 	1806.42 	1892.95 	1798.64 	1567.55 	1592.77 	1547.12 	1628.08 
A	PER_SUSP	TOTAL	P_HTHAB	Italy	1517.05 	1473.09 	1466.19 	1517.52 	1572.37 	1638.73 	1613.69 	1582.27 	1473.14 	1450.14 	1437.25 	1428.79 	1343.65 	1402.52 	1386.78 	1350.31 
A	PER_SUSP	TOTAL	P_HTHAB	Liechtenstein	3937.10 	4203.55 	2922.49 	3814.77 	1601.10 	: 	4581.32 	4568.32 	4377.76 	: 	: 	1362.76 	1553.67 	1270.00 	1383.94 	: 
A	PER_SUSP	TOTAL	P_HTHAB	Lithuania	650.69 	669.85 	691.79 	707.60 	880.46 	1033.75 	1041.36 	918.27 	730.26 	973.98 	857.10 	839.03 	885.52 	785.05 	796.69 	764.96 
A	PER_SUSP	TOTAL	P_HTHAB	Luxembourg	3754.04 	4550.56 	4098.86 	4678.22 	4944.62 	5086.22 	5357.66 	5051.18 	4820.31 	4048.14 	4278.54 	4729.81 	5045.46 	5097.13 	5370.34 	: 
A	PER_SUSP	TOTAL	P_HTHAB	Latvia	1206.58 	1100.87 	1207.92 	1182.35 	1202.51 	1093.62 	1097.24 	1169.88 	761.67 	734.57 	691.90 	693.76 	665.94 	652.64 	654.35 	666.17 
A	PER_SUSP	TOTAL	P_HTHAB	Montenegro	1100.49 	1075.42 	942.32 	817.46 	703.20 	771.47 	689.44 	619.19 	579.54 	576.97 	711.00 	621.68 	1067.90 	905.21 	666.20 	704.24 
A	PER_SUSP	TOTAL	P_HTHAB	North Macedonia	1109.44 	1036.11 	1027.56 	993.01 	853.34 	887.89 	831.75 	769.39 	768.27 	711.38 	: 	: 	: 	: 	: 	: 
A	PER_SUSP	TOTAL	P_HTHAB	Malta	868.99 	892.86 	1087.37 	1222.92 	1238.43 	1267.31 	1231.65 	1236.55 	1195.34 	1188.80 	1217.36 	1063.91 	1037.38 	1164.45 	1138.27 	1219.44 
A	PER_SUSP	TOTAL	P_HTHAB	Netherlands	2870.73 	2568.39 	2331.40 	2261.58 	2176.11 	2041.38 	1290.04 	1185.75 	1100.82 	1010.16 	965.95 	971.23 	877.84 	812.80 	885.75 	844.69 
A	PER_SUSP	TOTAL	P_HTHAB	Norway	1812.79 	1725.45 	1721.52 	1662.23 	1623.75 	1629.53 	1589.63 	1555.02 	1535.32 	1403.76 	1331.23 	1301.47 	1302.00 	1204.48 	1134.49 	1106.78 
A	PER_SUSP	TOTAL	P_HTHAB	Poland	1355.42 	1368.00 	1357.48 	1371.27 	1315.00 	1129.99 	956.43 	840.40 	822.88 	813.78 	887.09 	891.65 	818.49 	851.48 	859.53 	831.42 
A	PER_SUSP	TOTAL	P_HTHAB	Portugal	2126.18 	2273.65 	1976.02 	1953.06 	1952.36 	1853.53 	1728.20 	1773.06 	1679.63 	1752.51 	1698.78 	1486.75 	1276.51 	1336.21 	1530.41 	1668.65 
A	PER_SUSP	TOTAL	P_HTHAB	Romania	1116.62 	1152.68 	1132.39 	994.10 	1186.48 	1196.98 	1047.87 	928.64 	980.70 	964.78 	1002.43 	1025.78 	882.14 	1015.55 	1073.77 	1092.76 
A	PER_SUSP	TOTAL	P_HTHAB	Serbia	773.42 	757.78 	756.35 	721.06 	694.75 	724.32 	680.11 	694.27 	695.87 	717.70 	718.74 	727.90 	677.57 	678.20 	674.24 	678.00 
A	PER_SUSP	TOTAL	P_HTHAB	Sweden	2006.45 	2094.83 	2098.84 	2034.51 	1970.47 	1842.44 	1787.80 	1771.57 	1735.57 	1770.79 	1786.22 	1849.33 	1935.88 	1850.72 	1814.70 	1848.61 
A	PER_SUSP	TOTAL	P_HTHAB	Slovenia	869.09 	948.95 	983.60 	935.38 	900.42 	892.40 	886.43 	777.60 	758.22 	746.17 	758.44 	776.63 	744.85 	675.97 	729.17 	753.34 
A	PER_SUSP	TOTAL	P_HTHAB	Slovakia	977.91 	1019.75 	965.60 	983.28 	990.08 	995.28 	942.57 	856.41 	800.29 	789.48 	761.07 	740.11 	665.53 	625.70 	641.98 	630.16 
A	PER_SUSP	TOTAL	P_HTHAB	Turkey	: 	1775.78 	1932.67 	2036.31 	2246.31 	: 	: 	: 	: 	: 	: 	: 	: 	: 	: 	: 
A	PER_SUSP	TOTAL	P_HTHAB	United Kingdom	4399.77 	3958.98 	3737.59 	3867.74 	3633.16 	: 	: 	: 	: 	: 	: 	: 	: 	: 	: 	: 
A	PER_SUSP	TOTAL	P_HTHAB	United Kingdom	4585.78 	: 	: 	: 	: 	: 	: 	: 	: 	: 	: 	: 	: 	: 	: 	: 
A	PER_SUSP	TOTAL	P_HTHAB	Kosovo	: 	: 	: 	: 	: 	: 	: 	: 	: 	1979.22 	1915.48 	1860.65 	1717.85 	: 	: 	: 
