freq,leg_stat,sex,unit,geo\TIME_PERIOD	2008 	2009 	2010 	2011 	2012 	2013 	2014 	2015 	2016 	2017 	2018 	2019 	2020 	2021 	2022 	2023 
A,PER_CNV,F,NR,AL	569 	527 	565 	511 	373 	338 	401 	881 	976 	1033 	841 	735 	525 	702 	570 	461 
A,PER_CNV,F,NR,AT	5406 	5337 	5561 	5426 	5195 	5158 	4947 	4555 	4340 	4368 	4114 	4103 	3620 	3631 	3707 	3926 
A,PER_CNV,F,NR,BA	: 	: 	: 	1234 	1182 	1698 	1746 	1510 	1274 	1173 	1129 	1166 	822 	919 	925 	908 
A,PER_CNV,F,NR,BE	: 	: 	19388 	20364 	27928 	21541 	17976 	26655 	: 	46607 	45365 	38358 	27726 	: 	: 	: 
A,PER_CNV,F,NR,BG	2133 	2467 	2589 	2960 	2842 	2739 	2599 	2341 	2523 	2138 	2022 	1893 	2005 	2014 	2074 	1870 
A,PER_CNV,F,NR,CH	16435 	16747 	17785 	16383 	17662 	17187 	16979 	18497 	18613 	18084 	18667 	17081 	17081 	17525 	18911 	18777 
A,PER_CNV,F,NR,CY	11202 	10704 	12587 	16516 	13246 	11840 	13757 	10824 	8636 	8725 	9571 	8290 	7662 	7848 	8403 	: 
A,PER_CNV,F,NR,CZ	9502 	9415 	9186 	9202 	9425 	10957 	9008 	9882 	10121 	9500 	9284 	9619 	8083 	7887 	8169 	8452 
A,PER_CNV,F,NR,DE	158618 	155970 	153247 	154543 	148325 	146411 	147003 	146233 	142921 	136330 	133917 	136438 	129169 	119409 	118551 	120735 
A,PER_CNV,F,NR,DK	31618 	33946 	36590 	38255 	38439 	40415 	41134 	40744 	39585 	36546 	35982 	9281 	10352 	9593 	10080 	11475 
A,PER_CNV,F,NR,EL	: 	: 	: 	: 	: 	: 	: 	: 	: 	: 	: 	: 	: 	280 	308 	235 
A,PER_CNV,F,NR,ES	: 	: 	: 	: 	: 	: 	30120 	34826 	54828 	62407 	62337 	62161 	45337 	57000 	61554 	57030 
A,PER_CNV,F,NR,FI	43706 	39385 	40889 	39550 	37874 	36851 	36115 	37849 	31775 	13536 	13545 	13986 	13436 	13947 	13572 	14297 
A,PER_CNV,F,NR,FR	68350 	67919 	66886 	66426 	70080 	70057 	58267 	67457 	52051 	51666 	55320 	55268 	44185 	50829 	49144 	52030 
A,PER_CNV,F,NR,HR	2583 	2587 	2445 	2459 	2025 	1752 	1858 	1481 	1756 	1604 	1581 	1728 	1583 	1780 	1647 	1494 
A,PER_CNV,F,NR,HU	12053 	13096 	14269 	11400 	9884 	9168 	9302 	8896 	9088 	8943 	8884 	8460 	7247 	7521 	7594 	7754 
A,PER_CNV,F,NR,IS	: 	: 	: 	: 	: 	429 	: 	: 	: 	: 	: 	: 	: 	: 	: 	: 
A,PER_CNV,F,NR,IT	41305 	39118 	38784 	41291 	41373 	40993 	38422 	36623 	33118 	30176 	33034 	: 	: 	: 	: 	: 
A,PER_CNV,F,NR,LT	1354 	1385 	15 	14 	16 	2110 	2138 	1669 	1451 	1564 	1605 	1543 	1230 	1247 	1263 	1288 
A,PER_CNV,F,NR,LU	: 	: 	: 	: 	: 	: 	: 	: 	1755 	2069 	1696 	1694 	1606 	1634 	1048 	1178 
A,PER_CNV,F,NR,LV	1051 	1198 	1106 	1038 	1030 	971 	1083 	1165 	1024 	1053 	994 	833 	744 	689 	585 	451 
A,PER_CNV,F,NR,ME	: 	: 	36 	64 	83 	75 	233 	: 	308 	301 	256 	346 	338 	363 	263 	235 
A,PER_CNV,F,NR,MK	673 	734 	689 	683 	633 	725 	1142 	: 	: 	303 	: 	427 	575 	694 	780 	583 
A,PER_CNV,F,NR,MT	: 	: 	: 	: 	: 	: 	42 	19 	25 	30 	35 	2 	3 	7 	16 	8 
A,PER_CNV,F,NR,NL	14722 	14649 	12513 	12008 	10575 	11562 	11161 	11607 	10025 	9980 	9140 	8673 	6019 	6196 	5842 	6127 
A,PER_CNV,F,NR,NO	10510 	10160 	10508 	10358 	10024 	10386 	10225 	11134 	10237 	9673 	2120 	2031 	1884 	1820 	1639 	1700 
A,PER_CNV,F,NR,PL	40440 	39077 	40736 	39795 	38137 	36074 	32669 	29466 	32312 	28688 	30419 	32186 	30620 	: 	: 	: 
A,PER_CNV,F,NR,PT	9188 	8360 	8318 	8583 	9290 	8868 	6835 	7541 	7381 	6560 	6372 	6223 	4552 	5474 	6003 	5474 
A,PER_CNV,F,NR,RO	2387 	1822 	2113 	2567 	2818 	2581 	2858 	2878 	2516 	1990 	2448 	5542 	4962 	5499 	5626 	4898 
A,PER_CNV,F,NR,RS	3926 	3895 	2291 	3120 	3230 	3332 	3495 	3226 	3200 	3055 	3094 	2984 	2856 	2974 	2809 	3061 
A,PER_CNV,F,NR,SE	10300 	10901 	11509 	11169 	10923 	9474 	9455 	9445 	9051 	8659 	9309 	9480 	10753 	12236 	12483 	13312 
A,PER_CNV,F,NR,SI	1061 	978 	949 	963 	1116 	1406 	1401 	1137 	1026 	888 	802 	904 	746 	933 	796 	713 
A,PER_CNV,F,NR,SK	4055 	4582 	4600 	4636 	5191 	5267 	5116 	4640 	4380 	4365 	4745 	4467 	3924 	3281 	3962 	3935 
A,PER_CNV,F,NR,TR	: 	92704 	86101 	79420 	100918 	34316 	32686 	35895 	31886 	30318 	39430 	42554 	34237 	47109 	47213 	50066 
A,PER_CNV,F,NR,UKC-L	288451 	314914 	305249 	300008 	294463 	285322 	306516 	314302 	309507 	: 	: 	: 	: 	: 	: 	: 
A,PER_CNV,F,NR,UKM	10067 	9399 	9146 	8871 	8119 	7455 	: 	: 	: 	14535 	: 	: 	: 	: 	: 	: 
A,PER_CNV,F,NR,UKN	7610 	7772 	7769 	7934 	8602 	7928 	4419 	7850 	7501 	4484 	4462 	: 	: 	: 	: 	: 
A,PER_CNV,F,NR,XK	453 	510 	405 	655 	843 	590 	761 	785 	874 	1011 	1044 	941 	: 	: 	: 	: 
A,PER_CNV,F,P_HTHAB,AL	35.98 	32.94 	: 	36.24 	: 	: 	: 	61.84 	68.87 	72.59 	58.74 	51.30 	36.83 	49.45 	40.53 	33.05 
A,PER_CNV,F,P_HTHAB,AT	126.74 	124.75 	129.76 	126.29 	120.53 	119.17 	113.69 	103.89 	98.01 	97.93 	91.75 	91.14 	80.05 	80.05 	81.41 	84.98 
A,PER_CNV,F,P_HTHAB,BA	: 	: 	: 	62.78 	60.19 	: 	: 	: 	: 	: 	: 	: 	: 	: 	: 	: 
A,PER_CNV,F,P_HTHAB,BE	: 	: 	350.74 	363.71 	494.91 	379.63 	316.09 	466.55 	: 	808.80 	784.27 	660.13 	474.66 	: 	: 	: 
A,PER_CNV,F,P_HTHAB,BG	55.29 	64.39 	67.99 	78.30 	75.58 	73.25 	69.85 	63.27 	68.62 	58.55 	55.74 	52.52 	55.98 	56.46 	61.65 	55.85 
A,PER_CNV,F,P_HTHAB,CH	216.44 	217.44 	228.43 	208.17 	222.03 	422.23 	412.36 	444.24 	442.57 	425.90 	436.38 	396.55 	393.83 	401.24 	429.74 	423.34 
A,PER_CNV,F,P_HTHAB,CY	2829.68 	2629.95 	3000.23 	3832.08 	2989.95 	2661.62 	3123.31 	2487.23 	1982.43 	1991.38 	2161.82 	1850.17 	1689.40 	1712.20 	1812.47 	: 
A,PER_CNV,F,P_HTHAB,CZ	180.02 	177.34 	172.48 	172.34 	176.26 	204.74 	168.37 	184.32 	188.56 	176.64 	172.24 	177.94 	149.08 	148.14 	153.18 	153.14 
A,PER_CNV,F,P_HTHAB,DE	378.17 	372.97 	367.51 	376.04 	360.91 	355.86 	356.71 	353.54 	343.05 	325.96 	319.24 	324.45 	306.60 	283.44 	281.12 	286.11 
A,PER_CNV,F,P_HTHAB,DK	577.41 	615.92 	661.10 	687.96 	688.81 	1431.24 	1450.96 	1430.27 	1379.57 	1265.18 	1238.74 	318.17 	353.81 	326.83 	341.64 	384.60 
A,PER_CNV,F,P_HTHAB,EL	: 	: 	: 	: 	: 	: 	: 	: 	: 	: 	: 	: 	: 	5.11 	5.76 	4.42 
A,PER_CNV,F,P_HTHAB,ES	: 	: 	: 	: 	: 	: 	127.44 	147.42 	232.00 	263.39 	262.18 	259.79 	187.86 	235.82 	254.38 	232.59 
A,PER_CNV,F,P_HTHAB,FI	1616.53 	1450.83 	1499.77 	1445.09 	1377.87 	1335.16 	1303.36 	1361.53 	1140.60 	484.99 	484.79 	500.46 	480.37 	498.11 	483.83 	508.70 
A,PER_CNV,F,P_HTHAB,FR	206.95 	204.56 	200.52 	198.19 	208.13 	207.10 	170.77 	196.76 	151.35 	149.78 	159.83 	159.27 	126.86 	145.45 	139.98 	147.86 
A,PER_CNV,F,P_HTHAB,HR	115.57 	115.85 	109.73 	110.71 	91.48 	79.43 	84.57 	67.75 	81.00 	74.64 	74.45 	82.14 	75.87 	85.93 	82.35 	75.11 
A,PER_CNV,F,P_HTHAB,HU	228.46 	248.60 	271.41 	217.48 	189.81 	176.55 	179.78 	172.41 	176.74 	174.59 	173.97 	165.98 	144.20 	150.30 	152.44 	155.88 
A,PER_CNV,F,P_HTHAB,IS	: 	: 	: 	: 	: 	267.42 	: 	: 	: 	: 	: 	: 	: 	: 	: 	: 
A,PER_CNV,F,P_HTHAB,IT	136.58 	128.55 	126.99 	134.72 	134.91 	133.11 	122.76 	117.03 	106.12 	96.89 	106.37 	: 	: 	: 	: 	: 
A,PER_CNV,F,P_HTHAB,LT	78.48 	80.97 	91.86 	89.89 	99.68 	131.63 	134.68 	105.97 	93.08 	101.84 	106.18 	102.96 	82.56 	84.14 	84.23 	84.66 
A,PER_CNV,F,P_HTHAB,LU	: 	: 	: 	: 	: 	: 	: 	: 	611.38 	703.68 	566.42 	555.09 	516.16 	518.28 	327.16 	358.75 
A,PER_CNV,F,P_HTHAB,LV	88.71 	102.38 	96.21 	92.13 	92.79 	88.49 	99.87 	108.38 	96.18 	99.86 	95.14 	80.48 	72.46 	67.68 	58.11 	44.62 
A,PER_CNV,F,P_HTHAB,ME	: 	: 	11.47 	20.40 	26.44 	23.88 	74.12 	: 	97.94 	95.67 	81.37 	110.03 	107.53 	115.65 	84.16 	75.32 
A,PER_CNV,F,P_HTHAB,MK	65.98 	71.83 	67.29 	66.54 	61.58 	70.45 	110.77 	: 	: 	29.27 	: 	41.18 	55.47 	67.14 	84.22 	63.17 
A,PER_CNV,F,P_HTHAB,MT	: 	: 	: 	: 	: 	: 	19.54 	8.67 	11.16 	13.12 	14.89 	0.83 	1.21 	2.82 	6.41 	3.11 
A,PER_CNV,F,P_HTHAB,NL	177.52 	175.87 	149.47 	142.74 	125.19 	136.47 	131.38 	136.11 	117.09 	115.96 	105.62 	99.68 	68.71 	70.50 	66.05 	68.37 
A,PER_CNV,F,P_HTHAB,NO	221.86 	211.70 	216.29 	210.52 	201.05 	412.90 	402.41 	433.69 	395.69 	370.73 	80.69 	76.84 	70.80 	68.11 	60.98 	62.42 
A,PER_CNV,F,P_HTHAB,PL	205.24 	198.15 	207.72 	202.69 	194.21 	183.71 	166.56 	150.27 	164.94 	146.40 	155.23 	164.28 	156.35 	: 	: 	: 
A,PER_CNV,F,P_HTHAB,PT	167.55 	152.47 	150.97 	155.51 	168.54 	161.48 	124.97 	138.34 	135.68 	120.87 	117.49 	114.73 	83.55 	100.41 	110.07 	99.60 
A,PER_CNV,F,P_HTHAB,RO	22.55 	17.37 	19.19 	23.36 	27.31 	25.16 	28.02 	28.32 	24.88 	19.82 	24.53 	55.90 	50.28 	56.03 	57.39 	50.03 
A,PER_CNV,F,P_HTHAB,RS	103.74 	103.36 	61.04 	83.86 	87.24 	90.43 	95.31 	88.38 	88.15 	84.60 	86.16 	83.56 	80.40 	84.36 	80.51 	89.72 
A,PER_CNV,F,P_HTHAB,SE	112.16 	117.77 	123.21 	118.62 	115.19 	197.79 	195.74 	193.74 	183.96 	173.81 	184.79 	186.33 	209.54 	237.30 	240.45 	254.86 
A,PER_CNV,F,P_HTHAB,SI	103.64 	95.10 	91.88 	92.99 	107.44 	135.22 	134.68 	109.26 	98.57 	85.32 	77.13 	86.74 	71.40 	88.94 	75.85 	67.67 
A,PER_CNV,F,P_HTHAB,SK	146.79 	165.77 	166.25 	167.53 	187.23 	189.81 	184.23 	166.97 	157.54 	156.81 	170.28 	160.15 	140.52 	117.46 	142.68 	141.87 
A,PER_CNV,F,P_HTHAB,TR	: 	260.29 	238.51 	216.52 	271.35 	91.09 	85.58 	92.72 	81.28 	76.23 	97.90 	104.14 	82.63 	112.98 	111.74 	117.59 
A,PER_CNV,F,P_HTHAB,UKC-L	1036.73 	1123.86 	1081.79 	1055.14 	1028.51 	990.29 	1056.73 	1075.56 	1051.38 	: 	: 	: 	: 	: 	: 	: 
A,PER_CNV,F,P_HTHAB,UKM	375.60 	348.95 	337.90 	325.96 	297.11 	272.24 	: 	: 	: 	522.68 	: 	: 	: 	: 	: 	: 
A,PER_CNV,F,P_HTHAB,UKN	842.04 	852.73 	846.75 	859.94 	927.92 	851.72 	472.46 	435.83 	409.59 	472.56 	: 	: 	: 	: 	: 	: 
A,PER_CNV,F,P_HTHAB,XK	42.51 	47.25 	37.06 	73.60 	: 	: 	: 	: 	98.39 	112.17 	114.68 	103.38 	: 	: 	: 	: 
A,PER_CNV,M,NR,AL	: 	7143 	7945 	9243 	9189 	8239 	13217 	15260 	13638 	9878 	10773 	10317 	9328 	11901 	10852 	8395 
A,PER_CNV,M,NR,AT	32820 	32531 	32833 	31035 	30346 	29266 	28033 	27563 	26110 	26378 	23541 	23181 	20096 	20100 	20759 	21107 
A,PER_CNV,M,NR,BA	: 	: 	: 	14475 	16664 	17317 	16696 	15961 	15318 	13863 	13318 	12450 	9880 	10437 	9845 	9794 
A,PER_CNV,M,NR,BE	: 	: 	119526 	119972 	132878 	116738 	96008 	103233 	: 	183993 	176669 	158204 	126401 	: 	: 	: 
A,PER_CNV,M,NR,BG	34004 	38405 	36481 	38053 	35154 	31374 	29250 	25446 	25778 	23662 	21951 	21496 	19884 	22107 	21973 	21167 
A,PER_CNV,M,NR,CH	83613 	85779 	89150 	85520 	91461 	89912 	90607 	89602 	89780 	87072 	87518 	80089 	80089 	81387 	84533 	87139 
A,PER_CNV,M,NR,CY	52573 	51762 	63106 	70297 	58299 	48979 	54951 	43271 	36688 	34752 	29931 	31685 	27879 	25715 	28581 	: 
A,PER_CNV,M,NR,CZ	: 	64372 	61465 	60958 	62046 	67019 	63817 	55687 	51302 	46205 	45164 	45975 	40475 	41760 	42058 	42947 
A,PER_CNV,M,NR,DE	716073 	688550 	660019 	653272 	625576 	609527 	601779 	593254 	594952 	579714 	578421 	592430 	570100 	542691 	528823 	536166 
A,PER_CNV,M,NR,DK	128687 	136412 	143228 	156288 	165904 	161335 	161698 	154462 	150217 	141388 	146822 	42157 	45928 	43244 	42598 	45749 
A,PER_CNV,M,NR,EL	: 	: 	: 	: 	: 	: 	: 	: 	: 	: 	: 	: 	: 	5146 	4456 	4059 
A,PER_CNV,M,NR,ES	: 	: 	: 	: 	: 	: 	203755 	202017 	229626 	236572 	237964 	238882 	187338 	238805 	261096 	236314 
A,PER_CNV,M,NR,FI	194076 	167045 	165181 	163372 	153141 	145790 	136880 	143819 	124237 	68851 	69221 	68874 	67199 	66751 	63947 	64437 
A,PER_CNV,M,NR,FR	635345 	634350 	615603 	596991 	609139 	597522 	520215 	570033 	416532 	415314 	490959 	494284 	414074 	479372 	455235 	465827 
A,PER_CNV,M,NR,HR	22543 	23768 	22910 	21744 	19149 	15410 	13594 	11491 	12021 	10820 	10587 	11567 	10319 	10770 	10982 	10029 
A,PER_CNV,M,NR,HU	72404 	73805 	75074 	73710 	65407 	61158 	67015 	61909 	62598 	59792 	57797 	55583 	6503 	47415 	47813 	47922 
A,PER_CNV,M,NR,IS	: 	: 	: 	: 	: 	3051 	: 	: 	: 	: 	: 	: 	: 	: 	: 	: 
A,PER_CNV,M,NR,IT	219070 	212958 	215600 	224748 	218550 	205987 	188517 	184342 	176803 	164544 	182957 	: 	: 	: 	: 	: 
A,PER_CNV,M,NR,LT	11434 	11665 	124 	122 	150 	17420 	18220 	15604 	14057 	16494 	18174 	16021 	14830 	13763 	13696 	13429 
A,PER_CNV,M,NR,LU	: 	: 	: 	: 	: 	: 	: 	: 	6677 	7477 	6509 	5888 	5898 	6398 	4906 	5398 
A,PER_CNV,M,NR,LV	9933 	9502 	8520 	8156 	7912 	7655 	8130 	8393 	7905 	8209 	7593 	6951 	6329 	5260 	4232 	3745 
A,PER_CNV,M,NR,ME	: 	: 	637 	1057 	1361 	1256 	1301 	: 	3394 	3227 	3088 	3265 	3365 	3172 	2739 	2489 
A,PER_CNV,M,NR,MK	9545 	9815 	9027 	9849 	8965 	9287 	11002 	: 	: 	2465 	: 	4589 	6126 	7322 	7251 	6252 
A,PER_CNV,M,NR,MT	: 	: 	: 	: 	: 	: 	66 	54 	29 	48 	50 	11 	11 	20 	39 	16 
A,PER_CNV,M,NR,NL	100007 	99944 	85313 	81094 	77062 	80464 	77585 	79747 	71696 	71947 	69274 	68063 	53389 	55875 	56680 	60739 
A,PER_CNV,M,NR,NO	55993 	54005 	56475 	54323 	53404 	56662 	53634 	55298 	52106 	50051 	12790 	12702 	12369 	11682 	11180 	11007 
A,PER_CNV,M,NR,PL	407246 	401148 	414913 	406476 	390950 	336269 	279072 	242805 	268555 	222405 	255103 	264712 	230936 	: 	: 	: 
A,PER_CNV,M,NR,PT	78622 	69733 	69458 	69228 	69922 	62303 	46026 	51585 	49084 	44908 	40316 	39089 	30793 	37217 	39844 	36809 
A,PER_CNV,M,NR,RO	34408 	32404 	39778 	45010 	46370 	44552 	37974 	39398 	30204 	33406 	29756 	28141 	26521 	29818 	27281 	26541 
A,PER_CNV,M,NR,RS	40441 	38887 	21030 	29977 	30394 	31557 	33915 	31889 	31357 	30337 	28204 	26804 	23870 	25917 	24604 	25312 
A,PER_CNV,M,NR,SE	59154 	60814 	63001 	62511 	60186 	54916 	51207 	49899 	47608 	48713 	51256 	53228 	58243 	62345 	64153 	66690 
A,PER_CNV,M,NR,SI	8167 	7475 	7474 	7002 	7709 	10352 	8328 	7104 	5980 	5633 	5522 	5352 	4261 	5041 	4771 	4545 
A,PER_CNV,M,NR,SK	24626 	26371 	26579 	25474 	29886 	30812 	28494 	25051 	22807 	21965 	24640 	23964 	21468 	20361 	21396 	20028 
A,PER_CNV,M,NR,TR	: 	1195630 	1127116 	1158027 	1365128 	465927 	459973 	485039 	427306 	415116 	515936 	549838 	458084 	645172 	635129 	632172 
A,PER_CNV,M,NR,UKC-L	1046179 	1048347 	1015566 	960706 	879875 	833870 	848179 	851508 	841504 	: 	: 	: 	: 	: 	: 	: 
A,PER_CNV,M,NR,UKM	50331 	47029 	45618 	44377 	39986 	38203 	: 	: 	: 	68179 	: 	: 	: 	: 	: 	: 
A,PER_CNV,M,NR,UKN	30649 	31305 	31526 	32183 	29993 	27048 	22188 	23563 	22411 	19372 	20459 	: 	: 	: 	: 	: 
A,PER_CNV,M,NR,XK	12801 	12905 	9520 	17712 	20147 	15242 	17573 	16122 	17677 	18508 	19390 	17060 	: 	: 	: 	: 
A,PER_CNV,M,P_HTHAB,AL	: 	450.77 	: 	650.09 	: 	: 	: 	1044.35 	935.10 	679.58 	748.85 	721.67 	656.62 	844.05 	782.37 	614.15 
A,PER_CNV,M,P_HTHAB,AT	811.88 	801.86 	807.46 	760.87 	740.48 	709.72 	674.58 	656.20 	611.11 	611.67 	542.60 	532.04 	458.94 	457.13 	469.08 	470.63 
A,PER_CNV,M,P_HTHAB,BA	: 	: 	: 	770.98 	888.46 	: 	: 	: 	: 	: 	: 	: 	: 	: 	: 	: 
A,PER_CNV,M,P_HTHAB,BE	: 	: 	2250.02 	2221.00 	2437.33 	2127.37 	1747.57 	1868.79 	: 	3291.90 	3146.81 	2802.64 	2224.89 	: 	: 	: 
A,PER_CNV,M,P_HTHAB,BG	928.98 	1056.29 	1009.45 	1060.29 	985.60 	885.00 	829.80 	726.61 	741.35 	685.86 	641.39 	633.04 	590.09 	659.97 	704.67 	682.92 
A,PER_CNV,M,P_HTHAB,CH	1101.11 	1113.74 	1145.03 	1086.64 	1149.78 	2265.63 	2252.73 	2199.43 	2178.35 	2086.34 	2080.57 	1890.17 	1876.12 	1891.58 	1948.57 	1989.50 
A,PER_CNV,M,P_HTHAB,CY	13818.35 	13274.83 	15792.09 	17197.71 	13914.07 	11632.97 	13160.72 	10507.13 	8889.92 	8340.55 	7100.93 	7405.96 	6416.77 	5875.70 	6479.73 	: 
A,PER_CNV,M,P_HTHAB,CZ	: 	1258.08 	1196.71 	1184.29 	1202.86 	1297.72 	1236.19 	1075.68 	989.18 	888.44 	865.25 	876.68 	767.74 	807.60 	811.34 	809.02 
A,PER_CNV,M,P_HTHAB,DE	1777.99 	1713.48 	1645.78 	1669.72 	1594.64 	1547.77 	1521.30 	1489.26 	1468.51 	1424.46 	1416.19 	1446.13 	1389.21 	1322.78 	1287.71 	1310.29 
A,PER_CNV,M,P_HTHAB,DK	2350.11 	2475.07 	2587.80 	2810.62 	2972.92 	5805.81 	5790.90 	5494.89 	5293.27 	4943.33 	5104.24 	1459.19 	1585.41 	1488.68 	1457.38 	1551.34 
A,PER_CNV,M,P_HTHAB,EL	: 	: 	: 	: 	: 	: 	: 	: 	: 	: 	: 	: 	: 	99.04 	87.12 	79.69 
A,PER_CNV,M,P_HTHAB,ES	: 	: 	: 	: 	: 	: 	890.64 	885.01 	1006.80 	1036.02 	1039.97 	1038.20 	807.52 	1028.12 	1121.12 	1002.79 
A,PER_CNV,M,P_HTHAB,FI	7473.70 	6396.14 	6292.45 	6192.05 	5773.38 	5467.22 	5106.77 	5342.73 	4598.83 	2538.45 	2545.70 	2529.07 	2463.07 	2441.69 	2331.19 	2340.20 
A,PER_CNV,M,P_HTHAB,FR	2050.81 	2036.57 	1966.67 	1897.44 	1927.33 	1880.62 	1623.38 	1771.71 	1291.68 	1285.23 	1514.64 	1522.00 	1268.42 	1462.30 	1380.23 	1407.83 
A,PER_CNV,M,P_HTHAB,HR	1085.37 	1144.47 	1104.28 	1051.07 	928.52 	749.34 	663.20 	563.50 	594.28 	539.59 	534.21 	586.39 	523.37 	548.11 	589.70 	538.65 
A,PER_CNV,M,P_HTHAB,HU	1518.04 	1549.53 	1578.21 	1553.78 	1384.37 	1296.83 	1424.82 	1318.40 	1335.13 	1278.89 	1237.20 	1188.73 	139.43 	1020.26 	1032.93 	1036.09 
A,PER_CNV,M,P_HTHAB,IS	: 	: 	: 	: 	: 	1889.89 	: 	: 	: 	: 	: 	: 	: 	: 	: 	: 
A,PER_CNV,M,P_HTHAB,IT	771.07 	745.39 	752.55 	782.68 	760.79 	713.01 	639.38 	624.85 	600.22 	558.80 	621.72 	: 	: 	: 	: 	: 
A,PER_CNV,M,P_HTHAB,LT	768.71 	791.73 	857.68 	868.23 	1085.35 	1272.56 	1343.66 	1159.07 	1057.23 	1256.99 	1400.92 	1236.58 	1136.96 	1047.73 	1048.22 	1005.30 
A,PER_CNV,M,P_HTHAB,LU	: 	: 	: 	: 	: 	: 	: 	: 	2308.84 	2520.56 	2151.17 	1907.23 	1872.59 	2002.78 	1509.24 	1623.73 
A,PER_CNV,M,P_HTHAB,LV	986.36 	957.24 	877.51 	860.39 	846.37 	826.16 	886.54 	921.09 	874.16 	916.51 	853.49 	785.50 	718.42 	600.99 	486.96 	429.31 
A,PER_CNV,M,P_HTHAB,ME	: 	: 	208.70 	345.28 	444.25 	409.39 	423.56 	: 	1102.90 	1048.57 	1003.44 	1061.06 	1094.11 	1033.68 	897.52 	816.89 
A,PER_CNV,M,P_HTHAB,MK	931.00 	955.88 	877.42 	955.40 	868.76 	898.91 	1063.16 	: 	: 	237.34 	: 	441.17 	589.20 	707.29 	795.93 	689.28 
A,PER_CNV,M,P_HTHAB,MT	: 	: 	: 	: 	: 	: 	30.76 	24.49 	12.81 	20.72 	20.78 	4.37 	4.13 	7.47 	14.42 	5.62 
A,PER_CNV,M,P_HTHAB,NL	1232.82 	1225.35 	1039.96 	983.73 	930.38 	968.59 	930.90 	952.45 	851.79 	848.92 	812.40 	793.17 	617.35 	643.24 	648.11 	686.29 
A,PER_CNV,M,P_HTHAB,NO	1181.99 	1125.28 	1162.47 	1104.06 	1071.11 	2234.39 	2089.36 	2127.50 	1986.03 	1889.34 	479.32 	473.06 	457.00 	429.60 	408.43 	398.02 
A,PER_CNV,M,P_HTHAB,PL	2211.91 	2178.39 	2253.46 	2205.55 	2121.58 	1824.96 	1516.37 	1319.80 	1461.36 	1210.18 	1387.92 	1440.19 	1256.91 	: 	: 	: 
A,PER_CNV,M,P_HTHAB,PT	1550.81 	1379.43 	1371.67 	1369.89 	1389.98 	1247.13 	928.31 	1047.69 	1001.41 	919.78 	828.24 	805.57 	624.99 	752.94 	802.13 	733.15 
A,PER_CNV,M,P_HTHAB,RO	342.40 	325.61 	380.61 	431.81 	474.27 	456.41 	389.63 	405.87 	313.00 	347.90 	311.42 	296.21 	280.33 	317.63 	295.25 	286.50 
A,PER_CNV,M,P_HTHAB,RS	1129.29 	1090.33 	591.80 	848.98 	864.84 	902.40 	974.61 	920.48 	909.89 	884.71 	826.95 	790.02 	707.33 	774.57 	743.76 	783.78 
A,PER_CNV,M,P_HTHAB,SE	644.17 	657.00 	674.48 	663.91 	634.68 	1152.27 	1063.63 	1024.15 	965.49 	971.67 	1008.45 	1035.07 	1120.96 	1193.70 	1219.47 	1258.70 
A,PER_CNV,M,P_HTHAB,SI	827.85 	744.56 	737.00 	690.15 	758.21 	1015.84 	815.77 	694.95 	584.37 	549.49 	537.66 	515.28 	405.40 	475.59 	451.08 	427.45 
A,PER_CNV,M,P_HTHAB,SK	942.19 	1007.17 	1013.09 	970.37 	1135.59 	1168.90 	1079.70 	948.07 	861.92 	828.34 	927.53 	900.54 	805.45 	763.59 	805.00 	754.32 
A,PER_CNV,M,P_HTHAB,TR	: 	3330.34 	3091.17 	3126.15 	3637.15 	1227.54 	1195.56 	1244.19 	1081.48 	1036.66 	1272.81 	1336.51 	1097.97 	1539.20 	1496.95 	1480.35 
A,PER_CNV,M,P_HTHAB,UKC-L	3904.81 	3880.14 	3727.18 	3490.85 	3171.71 	2983.80 	3010.91 	2995.67 	2932.59 	: 	: 	: 	: 	: 	: 	: 
A,PER_CNV,M,P_HTHAB,UKM	2008.66 	1863.72 	1796.09 	1734.12 	1553.72 	1479.75 	: 	: 	: 	2588.53 	: 	: 	: 	: 	: 	: 
A,PER_CNV,M,P_HTHAB,UKN	3536.67 	3578.70 	3576.35 	3628.65 	3362.76 	3019.31 	2465.39 	2238.61 	2092.28 	2110.78 	: 	: 	: 	: 	: 	: 
A,PER_CNV,M,P_HTHAB,XK	1177.06 	1171.65 	853.62 	1958.71 	: 	: 	: 	: 	2001.26 	2097.87 	2183.19 	1926.78 	: 	: 	: 	: 
A,PER_CNV,T,NR,AL	8009 	7670 	8510 	9754 	9562 	8577 	13618 	16141 	14614 	10911 	11614 	11052 	9853 	12603 	11422 	8856 
A,PER_CNV,T,NR,AT	38226 	37868 	38394 	36461 	35541 	34424 	303654 	32118 	30450 	30746 	27655 	27284 	23716 	23731 	24466 	25033 
A,PER_CNV,T,NR,BA	16951 	17707 	17294 	15709 	17846 	19015 	18442 	17471 	16592 	15036 	14447 	13616 	10702 	11356 	10770 	10702 
A,PER_CNV,T,NR,BE	: 	: 	140990 	142882 	163323 	141857 	117534 	132122 	: 	238286 	229599 	202990 	159957 	: 	: 	: 
A,PER_CNV,T,NR,BG	36137 	40872 	39070 	41013 	37996 	34113 	31849 	27787 	28301 	25800 	23973 	23389 	21889 	24121 	24047 	23037 
A,PER_CNV,T,NR,CH	100048 	102526 	106935 	101903 	109123 	107099 	108877 	108099 	108393 	105156 	106185 	97170 	97170 	98912 	103444 	105916 
A,PER_CNV,T,NR,CY	63775 	62466 	75693 	86813 	71545 	60819 	68708 	54095 	45324 	43477 	39502 	39975 	35541 	33563 	36984 	: 
A,PER_CNV,T,NR,CZ	75882 	73787 	70651 	70160 	71471 	77976 	72825 	65569 	61423 	55705 	54448 	55594 	45558 	49647 	50227 	51399 
A,PER_CNV,T,NR,DE	874691 	844520 	813266 	807815 	773901 	755938 	748782 	739487 	737873 	716044 	712338 	728868 	699269 	662100 	647374 	656901 
A,PER_CNV,T,NR,DK	163095 	173255 	183599 	200452 	209632 	206214 	209388 	202314 	196486 	177935 	182804 	51439 	56280 	52837 	52678 	57224 
A,PER_CNV,T,NR,EE	11574 	7881 	9131 	9992 	9638 	8477 	7670 	7375 	7619 	6714 	5702 	5703 	4949 	4569 	3837 	: 
A,PER_CNV,T,NR,EL	: 	: 	: 	: 	: 	: 	: 	: 	: 	: 	: 	: 	: 	5426 	4764 	4294 
A,PER_CNV,T,NR,ES	241743 	257148 	248313 	256391 	253715 	245820 	233875 	235875 	232058 	298979 	300301 	301043 	232675 	295805 	322650 	293344 
A,PER_CNV,T,NR,FI	237782 	206430 	206070 	202922 	191015 	182679 	173056 	181694 	156034 	82427 	82822 	82956 	80692 	80740 	77562 	78807 
A,PER_CNV,T,NR,FR	703695 	703853 	682489 	663417 	679219 	667579 	578482 	637490 	468583 	466980 	546279 	549552 	458259 	530201 	504379 	517857 
A,PER_CNV,T,NR,HR	25126 	26355 	25355 	24203 	21174 	17162 	15452 	12972 	13777 	12424 	12168 	13295 	11902 	12550 	12629 	11523 
A,PER_CNV,T,NR,HU	84457 	86901 	89343 	85110 	75291 	70326 	76317 	70805 	71686 	68735 	66681 	64043 	53850 	54936 	55407 	55676 
A,PER_CNV,T,NR,IE	: 	3146 	3308 	3182 	: 	: 	: 	: 	: 	: 	: 	: 	: 	: 	: 	: 
A,PER_CNV,T,NR,IS	: 	: 	: 	: 	: 	: 	2489 	2395 	2333 	2286 	: 	: 	: 	: 	: 	: 
A,PER_CNV,T,NR,IT	260375 	252076 	254384 	266039 	259923 	246980 	226939 	220965 	209921 	194720 	215991 	: 	: 	: 	: 	: 
A,PER_CNV,T,NR,LI	: 	: 	: 	: 	: 	: 	1078 	1008 	964 	1087 	: 	: 	: 	: 	: 	: 
A,PER_CNV,T,NR,LT	12788 	13050 	13992 	13697 	16631 	19530 	22742 	17273 	15508 	18058 	19779 	17564 	16060 	15010 	14959 	14717 
A,PER_CNV,T,NR,LU	: 	: 	: 	: 	: 	: 	: 	: 	8433 	9546 	8205 	7582 	7504 	8032 	5954 	6576 
A,PER_CNV,T,NR,LV	10979 	10702 	9626 	9194 	8942 	8626 	9213 	9558 	8929 	9262 	8587 	8099 	7093 	6849 	4951 	4306 
A,PER_CNV,T,NR,ME	: 	: 	673 	1121 	1444 	3238 	3111 	2755 	3712 	3528 	3344 	3611 	3703 	3535 	3002 	2724 
A,PER_CNV,T,NR,MK	10218 	10549 	9716 	10532 	9598 	10012 	12144 	: 	: 	2769 	: 	5016 	6701 	8016 	8031 	6835 
A,PER_CNV,T,NR,MT	: 	: 	: 	: 	: 	: 	2858 	2697 	1720 	2311 	: 	: 	: 	: 	: 	: 
A,PER_CNV,T,NR,NL	115051 	114849 	98150 	93362 	87879 	92190 	88878 	91446 	81799 	82070 	78546 	76827 	59444 	62103 	62543 	66894 
A,PER_CNV,T,NR,NO	66503 	64165 	66983 	64681 	63428 	67048 	63859 	66432 	62343 	59724 	14910 	14733 	14253 	13502 	12819 	12707 
A,PER_CNV,T,NR,PL	447686 	440225 	455649 	446271 	429087 	372343 	311741 	272271 	300867 	251093 	285522 	296898 	261556 	: 	: 	: 
A,PER_CNV,T,NR,PT	87861 	78266 	77776 	77811 	79212 	71171 	52861 	59126 	56465 	51968 	46688 	45312 	35345 	42691 	45847 	42283 
A,PER_CNV,T,NR,RO	36795 	34226 	41891 	47577 	49188 	47133 	50342 	42276 	32720 	35396 	32204 	33683 	31483 	35317 	32907 	31439 
A,PER_CNV,T,NR,RS	44367 	42782 	23321 	33097 	33624 	34889 	37410 	35115 	34557 	33392 	31298 	29788 	26726 	28891 	27413 	28373 
A,PER_CNV,T,NR,SE	69454 	71715 	74510 	73680 	71110 	64391 	60662 	59344 	56659 	57372 	60565 	62708 	68996 	74581 	76636 	80008 
A,PER_CNV,T,NR,SI	9228 	8453 	8423 	7965 	8825 	11758 	9729 	8241 	7006 	6521 	6324 	6256 	5007 	5974 	5567 	5258 
A,PER_CNV,T,NR,SK	28681 	30953 	31179 	30110 	35077 	36079 	33610 	29691 	27187 	26330 	29385 	28431 	25392 	23642 	25254 	23963 
A,PER_CNV,T,NR,TR	: 	1288334 	1213217 	1237448 	1514825 	500608 	492869 	521213 	459195 	445436 	555369 	592398 	492323 	692281 	682380 	682243 
A,PER_CNV,T,NR,UKC-L	1355146 	1399856 	1359715 	1306509 	1224976 	1172953 	1211152 	1241080 	1231726 	: 	: 	: 	: 	: 	: 	: 
A,PER_CNV,T,NR,UKM	60399 	56428 	54766 	53249 	48105 	45659 	: 	: 	: 	82716 	: 	: 	: 	: 	: 	: 
A,PER_CNV,T,NR,UKN	39018 	39539 	39628 	40538 	38914 	35276 	26607 	31413 	29912 	23630 	24921 	: 	: 	: 	: 	: 
A,PER_CNV,T,NR,XK	13254 	13415 	9925 	18367 	20990 	15832 	18330 	16907 	18551 	19519 	20434 	18001 	: 	: 	: 	: 
A,PER_CNV,T,P_HTHAB,AL	252.65 	240.84 	: 	344.45 	: 	: 	: 	559.33 	508.21 	379.30 	404.62 	386.11 	346.21 	445.38 	408.86 	320.66 
A,PER_CNV,T,P_HTHAB,AT	460.11 	454.32 	459.72 	435.35 	422.70 	407.29 	3569.13 	374.12 	349.98 	350.47 	313.47 	307.99 	266.44 	265.67 	272.48 	274.94 
A,PER_CNV,T,P_HTHAB,BA	440.99 	460.64 	449.89 	408.75 	464.83 	: 	: 	: 	: 	: 	: 	: 	: 	: 	: 	: 
A,PER_CNV,T,P_HTHAB,BE	: 	: 	1300.66 	1298.85 	1472.06 	1270.93 	1051.21 	1175.75 	: 	2099.12 	2014.28 	1771.98 	1388.22 	: 	: 	: 
A,PER_CNV,T,P_HTHAB,BG	480.67 	547.36 	526.42 	556.53 	518.56 	468.29 	439.56 	385.81 	395.61 	363.29 	340.04 	334.13 	314.88 	348.74 	370.95 	357.29 
A,PER_CNV,T,P_HTHAB,CH	1317.55 	1331.19 	1373.46 	1294.81 	1371.81 	1332.23 	1337.62 	1312.25 	1301.69 	1248.95 	1251.57 	1137.22 	1129.09 	1140.81 	1183.73 	1201.49 
A,PER_CNV,T,P_HTHAB,CY	8214.90 	7838.33 	9240.54 	10337.95 	8299.78 	7023.97 	8007.93 	6386.60 	5342.80 	5086.21 	4570.74 	4563.88 	4002.34 	3745.84 	4087.96 	: 
A,PER_CNV,T,P_HTHAB,CZ	733.63 	707.74 	675.30 	669.04 	680.32 	741.49 	692.75 	622.20 	582.00 	526.57 	513.17 	522.02 	426.02 	473.06 	477.59 	474.71 
A,PER_CNV,T,P_HTHAB,DE	1063.87 	1029.87 	994.19 	1006.97 	963.43 	938.78 	927.08 	910.73 	897.92 	867.70 	860.39 	877.95 	840.80 	796.22 	777.75 	790.32 
A,PER_CNV,T,P_HTHAB,DK	2978.47 	3143.55 	3317.21 	3604.84 	3756.50 	3680.67 	3720.97 	3574.63 	3442.74 	3095.18 	3162.05 	885.95 	966.55 	904.74 	896.89 	964.56 
A,PER_CNV,T,P_HTHAB,EE	864.74 	590.01 	684.85 	751.47 	727.28 	642.11 	582.91 	560.89 	578.98 	510.32 	432.25 	430.47 	372.39 	343.52 	288.11 	: 
A,PER_CNV,T,P_HTHAB,EL	: 	: 	: 	: 	: 	: 	: 	: 	: 	: 	: 	: 	: 	50.81 	45.55 	41.23 
A,PER_CNV,T,P_HTHAB,ES	529.34 	556.12 	534.16 	549.40 	541.92 	526.07 	502.83 	507.81 	499.69 	642.58 	643.62 	641.38 	491.57 	624.08 	679.45 	610.05 
A,PER_CNV,T,P_HTHAB,FI	4486.04 	3875.66 	3850.75 	3775.10 	3536.49 	3366.32 	3174.60 	3320.58 	2843.54 	1497.77 	1502.27 	1503.39 	1460.41 	1459.04 	1397.96 	1416.38 
A,PER_CNV,T,P_HTHAB,FR	1099.40 	1093.78 	1055.52 	1020.98 	1040.52 	1017.65 	874.29 	959.24 	703.17 	698.97 	815.02 	818.06 	679.17 	782.83 	740.73 	758.46 
A,PER_CNV,T,P_HTHAB,HR	582.70 	611.51 	589.26 	564.19 	495.18 	402.66 	363.85 	307.01 	328.75 	299.07 	296.38 	326.16 	293.29 	310.92 	326.98 	299.23 
A,PER_CNV,T,P_HTHAB,HU	840.75 	866.33 	892.15 	852.32 	758.07 	709.73 	772.65 	718.43 	729.22 	701.55 	681.92 	655.32 	555.76 	569.20 	576.53 	579.97 
A,PER_CNV,T,P_HTHAB,IE	: 	69.58 	72.71 	69.61 	: 	: 	: 	: 	: 	: 	: 	: 	: 	: 	: 	: 
A,PER_CNV,T,P_HTHAB,IS	: 	: 	: 	: 	: 	: 	764.27 	727.74 	701.59 	675.63 	: 	: 	: 	: 	: 	: 
A,PER_CNV,T,P_HTHAB,IT	443.93 	427.24 	429.77 	448.14 	437.62 	413.80 	373.36 	363.46 	346.03 	321.38 	357.10 	: 	: 	: 	: 	: 
A,PER_CNV,T,P_HTHAB,LI	: 	: 	: 	: 	: 	: 	2903.39 	2697.64 	2562.33 	2874.90 	: 	: 	: 	: 	: 	: 
A,PER_CNV,T,P_HTHAB,LT	398.06 	409.88 	445.32 	448.70 	553.69 	657.15 	772.62 	591.29 	536.88 	634.08 	704.15 	628.59 	574.78 	536.90 	533.11 	515.07 
A,PER_CNV,T,P_HTHAB,LU	: 	: 	: 	: 	: 	: 	: 	: 	1463.43 	1616.14 	1362.95 	1235.07 	1198.52 	1265.42 	922.53 	995.14 
A,PER_CNV,T,P_HTHAB,LV	500.91 	494.81 	453.95 	443.17 	437.30 	426.22 	460.31 	481.25 	453.49 	474.95 	443.92 	421.83 	371.81 	361.76 	263.95 	228.68 
A,PER_CNV,T,P_HTHAB,ME	: 	: 	108.72 	180.85 	232.79 	521.51 	500.55 	442.86 	596.58 	566.85 	537.31 	580.38 	595.46 	569.48 	486.01 	441.71 
A,PER_CNV,T,P_HTHAB,MK	499.61 	514.93 	473.32 	511.94 	465.97 	485.48 	587.87 	: 	: 	133.53 	: 	241.49 	322.74 	387.47 	437.15 	373.51 
A,PER_CNV,T,P_HTHAB,MT	: 	: 	: 	: 	: 	: 	665.54 	613.39 	381.87 	502.07 	: 	: 	: 	: 	: 	: 
A,PER_CNV,T,P_HTHAB,NL	701.30 	696.65 	592.16 	560.54 	525.27 	549.42 	528.12 	541.08 	481.76 	480.46 	457.17 	444.55 	341.48 	355.37 	355.55 	375.57 
A,PER_CNV,T,P_HTHAB,NO	1403.85 	1336.98 	1378.76 	1314.57 	1272.16 	1327.35 	1250.18 	1285.82 	1196.44 	1135.80 	281.55 	276.51 	265.54 	250.44 	236.28 	231.50 
A,PER_CNV,T,P_HTHAB,PL	1174.55 	1154.36 	1198.36 	1172.46 	1127.28 	978.24 	819.99 	716.40 	792.44 	661.24 	751.83 	781.87 	689.06 	: 	: 	: 
A,PER_CNV,T,P_HTHAB,PT	832.54 	740.94 	735.58 	735.96 	751.37 	678.64 	506.95 	569.90 	546.01 	504.08 	453.68 	440.92 	340.66 	410.72 	439.94 	402.06 
A,PER_CNV,T,P_HTHAB,RO	178.31 	167.44 	195.19 	222.18 	244.77 	235.43 	252.37 	212.76 	165.58 	180.19 	164.87 	173.49 	162.88 	183.93 	172.81 	164.99 
A,PER_CNV,T,P_HTHAB,RS	602.36 	583.26 	319.17 	456.41 	465.92 	485.82 	523.45 	493.58 	488.34 	474.30 	447.02 	427.76 	385.84 	420.44 	403.30 	427.23 
A,PER_CNV,T,P_HTHAB,SE	756.34 	774.77 	797.69 	782.53 	749.88 	673.84 	628.96 	608.82 	575.16 	574.00 	598.45 	612.97 	668.07 	718.56 	733.20 	760.42 
A,PER_CNV,T,P_HTHAB,SI	459.04 	415.92 	411.49 	388.50 	429.34 	571.10 	472.03 	399.49 	339.41 	315.65 	305.97 	300.64 	238.90 	283.27 	264.19 	248.37 
A,PER_CNV,T,P_HTHAB,SK	533.49 	575.08 	578.42 	558.37 	649.05 	666.79 	620.57 	547.67 	501.03 	484.42 	539.86 	521.63 	465.24 	433.02 	464.68 	441.41 
A,PER_CNV,T,P_HTHAB,TR	: 	1801.43 	1671.99 	1678.51 	2027.22 	661.94 	642.86 	670.84 	583.17 	558.09 	687.25 	722.40 	592.05 	827.95 	805.83 	800.01 
A,PER_CNV,T,P_HTHAB,UKC-L	2481.26 	2543.38 	2451.50 	2335.87 	2173.09 	2066.57 	2118.27 	2152.90 	2118.80 	: 	: 	: 	: 	: 	: 	: 
A,PER_CNV,T,P_HTHAB,UKM	1164.66 	1081.63 	1043.85 	1008.39 	906.57 	858.23 	: 	: 	: 	1527.61 	: 	: 	: 	: 	: 	: 
A,PER_CNV,T,P_HTHAB,UKN	2203.95 	2213.60 	2202.76 	2240.24 	2139.38 	1931.18 	1449.74 	1320.48 	1236.16 	1265.91 	: 	: 	: 	: 	: 	: 
A,PER_CNV,T,P_HTHAB,XK	615.57 	615.17 	449.48 	1023.70 	: 	: 	: 	: 	1047.13 	1094.40 	1136.17 	1002.47 	: 	: 	: 	: 
A,PER_PRSC,F,NR,AL	456 	377 	458 	445 	414 	550 	818 	1096 	1103 	1066 	959 	847 	658 	828 	853 	740 
A,PER_PRSC,F,NR,AT	: 	57606 	59781 	61116 	61315 	61899 	59664 	57209 	: 	: 	: 	: 	: 	: 	: 	: 
A,PER_PRSC,F,NR,BA	: 	: 	: 	1689 	1555 	2003 	2093 	1672 	1340 	1263 	1304 	1204 	911 	1185 	1181 	1181 
A,PER_PRSC,F,NR,BE	119978 	128003 	133967 	137987 	127372 	124457 	126558 	116050 	: 	119895 	125201 	142903 	161845 	159807 	136772 	138985 
A,PER_PRSC,F,NR,BG	: 	: 	4101 	3995 	4032 	3793 	: 	: 	: 	: 	: 	: 	: 	: 	: 	: 
A,PER_PRSC,F,NR,CY	18623 	17727 	20163 	26718 	23978 	19912 	25022 	18326 	16630 	13939 	13780 	19694 	11953 	12401 	14126 	: 
A,PER_PRSC,F,NR,CZ	13511 	14447 	13226 	13578 	13921 	14846 	15150 	14084 	14233 	13189 	13088 	13282 	11226 	10450 	11047 	11457 
A,PER_PRSC,F,NR,DE	199060 	196898 	193891 	194228 	186157 	183067 	182819 	: 	: 	: 	: 	: 	: 	: 	: 	: 
A,PER_PRSC,F,NR,DK	8315 	8923 	9070 	11713 	16733 	13910 	13179 	17659 	16753 	16458 	19370 	19183 	19064 	17696 	18970 	19271 
A,PER_PRSC,F,NR,EL	: 	: 	: 	: 	: 	: 	: 	: 	: 	: 	: 	: 	: 	588 	454 	878 
A,PER_PRSC,F,NR,FI	44508 	40193 	41674 	40359 	38768 	37707 	36927 	38650 	32503 	14201 	14314 	14764 	14101 	14756 	14392 	15229 
A,PER_PRSC,F,NR,FR	: 	: 	: 	67963 	70748 	68925 	69624 	68433 	70609 	69516 	72297 	71132 	59312 	64426 	65980 	69972 
A,PER_PRSC,F,NR,HR	6012 	6090 	6024 	6209 	4523 	3910 	3579 	4729 	5873 	5946 	5490 	5391 	5471 	5686 	5128 	5037 
A,PER_PRSC,F,NR,HU	12919 	14616 	16085 	13483 	11627 	11156 	11303 	10812 	10254 	9439 	: 	20934 	17279 	18628 	20701 	22740 
A,PER_PRSC,F,NR,IS	2737 	: 	: 	272 	410 	477 	417 	401 	368 	421 	393 	464 	475 	393 	375 	244 
A,PER_PRSC,F,NR,IT	83481 	271918 	284789.8598468 	286834.39 	297341.4418312 	297374 	311805.03657557 	306600 	298481.632288547 	270192 	344241 	: 	: 	: 	: 	: 
A,PER_PRSC,F,NR,LI	: 	448 	470 	204 	238 	: 	210 	215 	207 	212 	265 	: 	433 	284 	337 	259 
A,PER_PRSC,F,NR,LT	1695 	1778 	2048 	1958 	1984 	2484 	2497 	1923 	1828 	2526 	1980 	1839 	1621 	1594 	1573 	1483 
A,PER_PRSC,F,NR,LU	: 	: 	: 	: 	: 	: 	: 	: 	4270 	3558 	2507 	2773 	2321 	2271 	2258 	2486 
A,PER_PRSC,F,NR,LV	: 	1707 	1586 	1714 	1894 	1786 	1276 	1452 	2018 	1376 	1288 	1236 	1110 	1012 	1006 	1134 
A,PER_PRSC,F,NR,ME	: 	: 	: 	: 	: 	846 	646 	523 	: 	: 	: 	: 	: 	: 	: 	: 
A,PER_PRSC,F,NR,MK	1306 	1486 	1527 	1327 	1499 	1505 	1793 	: 	: 	971 	: 	1414 	1392 	1443 	1360 	1385 
A,PER_PRSC,F,NR,MT	: 	254 	: 	212 	228 	404 	416 	454 	: 	: 	: 	: 	: 	: 	: 	: 
A,PER_PRSC,F,NR,NL	37497 	33984 	31370 	35048 	34860 	33867 	33685 	29697 	29542 	26273 	25683 	27816 	23238 	21668 	21872 	21183 
A,PER_PRSC,F,NR,NO	10569 	9966 	10097 	10017 	9922 	9861 	9797 	10027 	10109 	8946 	8561 	7908 	7487 	7341 	7187 	6766 
A,PER_PRSC,F,NR,PL	: 	: 	: 	: 	: 	40155 	: 	: 	: 	: 	: 	: 	: 	: 	: 	: 
A,PER_PRSC,F,NR,PT	20526 	18515 	18329 	18209 	18611 	17830 	13230 	14998 	14651 	13564 	12209 	12093 	8590 	10837 	11682 	10407 
A,PER_PRSC,F,NR,RO	2850 	2746 	3553 	3796 	4045 	4726 	3989 	5116 	5342 	5302 	4746 	4851 	4709 	4951 	4787 	4492 
A,PER_PRSC,F,NR,RS	: 	: 	: 	: 	: 	: 	: 	: 	3337 	12320 	13344 	13997 	12695 	11687 	11795 	12571 
A,PER_PRSC,F,NR,SE	19350 	20542 	19977 	18182 	17374 	15924 	15820 	15712 	14625 	14169 	14699 	15397 	17065 	16650 	16587 	17892 
A,PER_PRSC,F,NR,SI	: 	: 	: 	: 	: 	: 	1787 	1787 	1762 	1624 	1222 	1306 	1276 	1157 	1093 	1145 
A,PER_PRSC,F,NR,SK	6958 	7515 	7477 	7789 	7916 	7927 	7562 	6745 	6299 	6340 	5952 	5639 	4822 	4296 	4955 	4820 
A,PER_PRSC,F,NR,TR	: 	380244 	404077 	421678 	463620 	440671 	448220 	463362 	422181 	466969 	558371 	665906 	584756 	676274 	733531 	740129 
A,PER_PRSC,F,NR,UKC-L	339507 	370748 	363927 	354220 	348599 	340602 	360830 	368580 	359036 	: 	: 	: 	: 	: 	: 	: 
A,PER_PRSC,F,NR,UKM	11961 	11326 	10641 	10460 	9669 	9524 	9928 	: 	: 	17296 	: 	: 	: 	: 	: 	: 
A,PER_PRSC,F,NR,UKN	: 	: 	6869 	6129 	6551 	11058 	5250 	10350 	9749 	5122 	5264 	: 	: 	: 	: 	: 
A,PER_PRSC,F,P_HTHAB,AL	28.83 	23.56 	: 	31.56 	: 	: 	: 	: 	77.83 	74.91 	66.98 	59.11 	46.16 	58.32 	60.65 	53.05 
A,PER_PRSC,F,P_HTHAB,AT	: 	1346.54 	1394.98 	1422.53 	1422.63 	1430.12 	1371.19 	1305.76 	: 	: 	: 	: 	: 	: 	: 	: 
A,PER_PRSC,F,P_HTHAB,BA	: 	: 	: 	85.92 	79.19 	: 	: 	: 	: 	: 	: 	: 	: 	: 	: 	: 
A,PER_PRSC,F,P_HTHAB,BE	2204.44 	2333.93 	2423.56 	2464.53 	2257.14 	2193.38 	2225.37 	2031.26 	: 	2080.62 	2164.47 	2459.31 	2770.74 	2729.74 	2324.48 	2337.20 
A,PER_PRSC,F,P_HTHAB,BG	: 	: 	107.70 	105.67 	107.22 	101.43 	: 	: 	: 	: 	: 	: 	: 	: 	: 	: 
A,PER_PRSC,F,P_HTHAB,CY	4704.26 	4355.49 	4806.04 	6199.17 	5412.42 	4476.20 	5680.85 	4211.10 	3817.49 	3181.41 	3112.52 	4395.31 	2635.52 	2705.53 	3046.88 	: 
A,PER_PRSC,F,P_HTHAB,CZ	255.97 	272.12 	248.33 	254.29 	260.34 	277.4 	283.18 	262.70 	265.17 	245.23 	242.81 	245.71 	207.05 	196.28 	207.15 	207.59 
A,PER_PRSC,F,P_HTHAB,DE	474.59 	470.84 	464.98 	472.60 	452.96 	444.96 	443.62 	: 	: 	: 	: 	: 	: 	: 	: 	: 
A,PER_PRSC,F,P_HTHAB,DK	151.85 	161.90 	163.87 	210.64 	299.85 	492.6 	464.87 	619.90 	583.86 	569.76 	666.85 	657.63 	651.57 	602.89 	642.94 	645.89 
A,PER_PRSC,F,P_HTHAB,EL	: 	: 	: 	: 	: 	: 	: 	: 	: 	: 	: 	: 	: 	10.72 	8.49 	16.50 
A,PER_PRSC,F,P_HTHAB,FI	1646.19 	1480.59 	1528.56 	1474.65 	1410.40 	1366.17 	1332.67 	1390.34 	1166.73 	508.82 	512.31 	528.30 	504.14 	527.00 	513.06 	541.86 
A,PER_PRSC,F,P_HTHAB,FR	: 	: 	: 	202.78 	210.11 	203.75 	204.05 	199.61 	205.31 	201.52 	208.88 	204.98 	170.30 	184.36 	187.93 	198.85 
A,PER_PRSC,F,P_HTHAB,HR	269.00 	272.72 	270.35 	279.55 	204.32 	177.27 	162.90 	216.32 	270.91 	276.69 	258.51 	256.27 	262.21 	274.50 	256.40 	253.24 
A,PER_PRSC,F,P_HTHAB,HU	244.87 	277.45 	305.95 	257.22 	223.28 	214.83 	218.46 	209.54 	199.42 	184.27 	: 	410.72 	343.83 	372.25 	415.56 	457.13 
A,PER_PRSC,F,P_HTHAB,IS	1770.80 	: 	: 	171.67 	257.52 	297.35 	256.85 	244.64 	222.68 	251.62 	230.03 	266.43 	268.07 	218.64 	204.75 	129.93 
A,PER_PRSC,F,P_HTHAB,IT	276.05 	893.57 	932.49 	935.86 	969.56 	965.64 	996.24 	979.74 	956.39 	867.56 	1108.44 	: 	: 	: 	: 	: 
A,PER_PRSC,F,P_HTHAB,LI	: 	2489.17 	2593.10 	1117.01 	1291.16 	: 	1121.26 	1142.83 	1091.66 	1112.04 	1378.49 	: 	2216.87 	1442.58 	1700.99 	1295.71 
A,PER_PRSC,F,P_HTHAB,LT	98.25 	103.95 	121.06 	119.00 	122.46 	154.96 	157.29 	122.09 	117.26 	164.48 	130.99 	122.72 	107.32 	105.86 	104.91 	97.47 
A,PER_PRSC,F,P_HTHAB,LU	: 	: 	: 	: 	: 	: 	: 	: 	1487.51 	1210.10 	837.27 	908.66 	745.96 	720.33 	704.89 	757.08 
A,PER_PRSC,F,P_HTHAB,LV	: 	145.87 	137.96 	152.13 	170.63 	162.77 	117.67 	135.08 	189.54 	130.50 	123.28 	119.41 	108.11 	99.41 	99.93 	112.20 
A,PER_PRSC,F,P_HTHAB,ME	: 	: 	: 	: 	: 	269.35 	205.49 	166.26 	: 	: 	: 	: 	: 	: 	: 	: 
A,PER_PRSC,F,P_HTHAB,MK	128.05 	145.43 	149.13 	129.29 	145.84 	146.24 	173.92 	: 	: 	93.81 	: 	136.36 	134.29 	139.61 	146.85 	150.07 
A,PER_PRSC,F,P_HTHAB,MT	: 	123.11 	: 	101.64 	108.65 	191.03 	195.34 	211.55 	: 	: 	: 	: 	: 	: 	: 	: 
A,PER_PRSC,F,P_HTHAB,NL	452.13 	408.00 	374.72 	416.63 	412.67 	399.74 	396.53 	348.23 	345.04 	305.27 	296.77 	319.68 	265.29 	246.54 	247.28 	236.39 
A,PER_PRSC,F,P_HTHAB,NO	223.11 	207.66 	207.83 	203.58 	199.00 	392.03 	385.56 	390.57 	390.75 	342.87 	325.85 	299.19 	281.36 	274.73 	267.38 	248.43 
A,PER_PRSC,F,P_HTHAB,PL	: 	: 	: 	: 	: 	204.49 	: 	: 	: 	: 	: 	: 	: 	: 	: 	: 
A,PER_PRSC,F,P_HTHAB,PT	374.32 	336.83 	332.67 	329.92 	337.65 	324.68 	241.90 	275.13 	269.33 	249.93 	225.12 	222.94 	157.66 	198.79 	214.20 	189.36 
A,PER_PRSC,F,P_HTHAB,RO	26.92 	26.18 	32.27 	34.54 	39.20 	46.07 	39.10 	50.34 	52.83 	52.80 	47.56 	48.93 	47.72 	50.45 	48.83 	45.88 
A,PER_PRSC,F,P_HTHAB,RS	: 	: 	: 	: 	: 	: 	: 	: 	91.93 	341.16 	371.61 	391.97 	357.40 	331.49 	338.06 	368.47 
A,PER_PRSC,F,P_HTHAB,SE	210.72 	221.92 	213.87 	193.11 	183.21 	332.44 	327.50 	322.29 	297.25 	284.41 	291.79 	302.63 	332.54 	322.90 	319.50 	342.55 
A,PER_PRSC,F,P_HTHAB,SI	: 	: 	: 	: 	: 	: 	171.79 	171.72 	169.28 	156.04 	117.52 	125.31 	122.13 	110.29 	104.15 	108.66 
A,PER_PRSC,F,P_HTHAB,SK	251.88 	271.88 	270.23 	281.47 	285.51 	285.67 	272.32 	242.71 	226.57 	227.76 	213.59 	202.16 	172.68 	153.80 	178.44 	173.78 
A,PER_PRSC,F,P_HTHAB,TR	: 	1067.62 	1119.36 	1149.62 	1246.58 	1169.78 	1173.52 	1196.96 	1076.17 	1174.14 	1386.38 	1629.57 	1411.30 	1621.82 	1736.08 	1738.39 
A,PER_PRSC,F,P_HTHAB,UKC-L	1220.23 	1323.11 	1289.74 	1246.07 	1217.63 	1182.16 	1243.97 	1261.30 	1219.62 	: 	: 	: 	: 	: 	: 	: 
A,PER_PRSC,F,P_HTHAB,UKM	446.26 	420.49 	393.13 	384.34 	353.83 	347.79 	361.56 	: 	: 	621.97 	: 	: 	: 	: 	: 	: 
A,PER_PRSC,F,P_HTHAB,UKN	: 	: 	748.66 	664.30 	706.67 	1187.98 	561.31 	521.34 	497.23 	539.80 	: 	: 	: 	: 	: 	: 
A,PER_PRSC,M,NR,AL	8308 	7319 	9174 	10437 	11070 	11493 	18504 	18625 	16343 	15290 	15289 	13876 	12751 	15368 	15393 	13223 
A,PER_PRSC,M,NR,AT	: 	201915 	212784 	216623 	219228 	219071 	215032 	209330 	: 	: 	: 	: 	: 	: 	: 	: 
A,PER_PRSC,M,NR,BA	: 	: 	: 	19565 	20036 	18360 	18971 	18354 	15883 	14659 	13734 	12686 	10541 	12180 	11351 	11351 
A,PER_PRSC,M,NR,BE	483502 	498567 	496350 	491857 	456048 	450241 	448264 	421560 	: 	418017 	421524 	441813 	515622 	473806 	425706 	428336 
A,PER_PRSC,M,NR,BG	: 	: 	51109 	53068 	45452 	43450 	: 	: 	: 	: 	: 	: 	: 	: 	: 	: 
A,PER_PRSC,M,NR,CY	85206 	84452 	97691 	112026 	105148 	84432 	100821 	77713 	66261 	57021 	46502 	51496 	41677 	46303 	50150 	: 
A,PER_PRSC,M,NR,CZ	96899 	98768 	87907 	89189 	89258 	90832 	88258 	77388 	70613 	64031 	63635 	64039 	56644 	53931 	57382 	58984 
A,PER_PRSC,M,NR,DE	888782 	859911 	824115 	809230 	774068 	752721 	740565 	: 	: 	: 	: 	: 	: 	: 	: 	: 
A,PER_PRSC,M,NR,DK	50374 	53208 	52462 	61736 	79492 	68406 	64981 	78780 	72938 	70311 	80098 	80197 	78726 	70790 	77400 	75113 
A,PER_PRSC,M,NR,EL	: 	: 	: 	: 	: 	: 	: 	: 	: 	: 	: 	: 	: 	7978 	6632 	10049 
A,PER_PRSC,M,NR,FI	197440 	170263 	168362 	166705 	156504 	148946 	139757 	146608 	126787 	71435 	71957 	71416 	69465 	69556 	66647 	67364 
A,PER_PRSC,M,NR,FR	: 	: 	: 	621066 	604954 	600738 	597758 	593432 	605799 	605332 	626566 	624675 	545701 	588591 	594500 	598064 
A,PER_PRSC,M,NR,HR	38602 	39859 	39486 	39029 	32097 	25364 	24574 	25139 	27286 	25766 	24274 	23927 	24169 	24695 	22600 	21720 
A,PER_PRSC,M,NR,HU	79787 	78024 	83997 	74549 	65138 	67876 	68527 	64493 	63659 	58841 	: 	87533 	94381 	100513 	95925 	102358 
A,PER_PRSC,M,NR,IS	487 	: 	: 	1685 	2201 	2360 	2072 	1994 	1965 	1865 	2026 	2320 	2168 	1771 	1636 	1419 
A,PER_PRSC,M,NR,IT	480467 	1306031 	1276747.1401532 	1256219.6 	1269883.5581688 	1280761 	1336659.96342443 	1303895 	1248130.36771145 	1154207 	1517357 	: 	: 	: 	: 	: 
A,PER_PRSC,M,NR,LI	: 	2519 	2394 	862 	848 	: 	868 	793 	757 	875 	786 	: 	851 	931 	1056 	875 
A,PER_PRSC,M,NR,LT	14935 	15832 	16227 	16478 	18299 	20461 	20245 	17738 	15784 	22373 	19148 	17180 	16402 	14684 	14570 	14321 
A,PER_PRSC,M,NR,LU	: 	: 	: 	: 	: 	: 	: 	: 	11915 	10614 	7936 	8169 	7147 	7515 	7488 	7834 
A,PER_PRSC,M,NR,LV	: 	10621 	9351 	11176 	11669 	10611 	7879 	8608 	10906 	8448 	8122 	8196 	8166 	7831 	7576 	7740 
A,PER_PRSC,M,NR,ME	: 	: 	: 	: 	: 	6899 	4649 	4252 	: 	: 	: 	: 	: 	: 	: 	: 
A,PER_PRSC,M,NR,MK	25103 	28918 	28477 	29957 	30361 	32931 	35371 	: 	: 	20189 	: 	11366 	12922 	11379 	11542 	10622 
A,PER_PRSC,M,NR,MT	: 	1590 	: 	1365 	1343 	2499 	2437 	2243 	: 	: 	: 	: 	: 	: 	: 	: 
A,PER_PRSC,M,NR,NL	214447 	191230 	176094 	192015 	187134 	171627 	173796 	157475 	156079 	143589 	139820 	155917 	144814 	138466 	156986 	153581 
A,PER_PRSC,M,NR,NO	59389 	56954 	58088 	56682 	55732 	56835 	55180 	54247 	54391 	48835 	46853 	45275 	42461 	39396 	37866 	36417 
A,PER_PRSC,M,NR,PL	: 	: 	: 	: 	: 	364833 	: 	: 	: 	: 	: 	: 	: 	: 	: 	: 
A,PER_PRSC,M,NR,PT	120583 	106745 	105857 	102395 	102108 	92852 	67289 	75071 	71047 	64594 	57579 	55368 	42974 	52832 	56021 	51724 
A,PER_PRSC,M,NR,RO	42223 	46997 	53396 	57184 	55694 	60985 	46353 	53793 	58380 	54537 	53991 	57221 	55156 	57966 	57496 	55128 
A,PER_PRSC,M,NR,RS	: 	: 	: 	: 	: 	: 	: 	: 	38210 	84931 	90640 	81981 	73024 	72846 	68936 	66710 
A,PER_PRSC,M,NR,SE	77980 	80263 	81321 	79287 	76705 	71899 	69418 	68194 	64348 	68444 	70382 	71490 	73684 	70512 	69370 	70480 
A,PER_PRSC,M,NR,SI	: 	: 	: 	: 	: 	: 	10512 	10306 	9626 	9441 	7634 	7580 	7589 	6962 	6550 	6861 
A,PER_PRSC,M,NR,SK	44071 	45898 	46080 	44221 	46184 	45972 	44171 	37027 	32840 	33338 	31785 	30077 	28491 	26375 	26104 	24239 
A,PER_PRSC,M,NR,TR	: 	2228267 	2352689 	2314431 	2343176 	2115325 	2142295 	2150300 	1964505 	2181188 	2517569 	3033481 	2608245 	3015581 	3262055 	3263108 
A,PER_PRSC,M,NR,UKC-L	1264025 	1266098 	1229327 	1156460 	1061184 	1020372 	1022097 	1012507 	983814 	: 	: 	: 	: 	: 	: 	: 
A,PER_PRSC,M,NR,UKM	58147 	55017 	52358 	51644 	47341 	46305 	46786 	: 	: 	77956 	: 	: 	: 	: 	: 	: 
A,PER_PRSC,M,NR,UKN	: 	: 	36856 	32201 	31871 	36714 	26230 	29460 	27888 	23232 	24044 	: 	: 	: 	: 	: 
A,PER_PRSC,M,P_HTHAB,AL	522.98 	461.87 	: 	734.06 	: 	: 	: 	: 	1120.57 	1051.91 	1062.76 	970.63 	897.57 	1089.94 	1109.76 	967.36 
A,PER_PRSC,M,P_HTHAB,AT	: 	4977.03 	5232.99 	5310.86 	5349.45 	5312.59 	5174.47 	4990.03 	: 	: 	: 	: 	: 	: 	: 	: 
A,PER_PRSC,M,P_HTHAB,BA	: 	: 	: 	1042.09 	1068.24 	: 	: 	: 	: 	: 	: 	: 	: 	: 	: 	: 
A,PER_PRSC,M,P_HTHAB,BE	9254.85 	9462.90 	9343.55 	9105.57 	8365.12 	8204.94 	8159.46 	7631.33 	: 	7478.92 	7508.15 	7826.87 	9075.89 	8311.69 	7424.70 	7390.01 
A,PER_PRSC,M,P_HTHAB,BG	: 	: 	1414.21 	1478.66 	1274.32 	1225.64 	: 	: 	: 	: 	: 	: 	: 	: 	: 	: 
A,PER_PRSC,M,P_HTHAB,CY	22395.64 	21658.47 	24446.89 	27406.44 	25095.41 	20053.39 	24146.54 	18870.39 	16055.80 	13685.16 	11032.29 	12036.53 	9592.59 	10579.92 	11369.74 	: 
A,PER_PRSC,M,P_HTHAB,CZ	1913.07 	1930.31 	1711.53 	1732.76 	1730.41 	1758.83 	1709.64 	1494.86 	1361.52 	1231.20 	1219.11 	1221.14 	1074.43 	1042.97 	1106.95 	1111.12 
A,PER_PRSC,M,P_HTHAB,DE	2206.82 	2139.92 	2054.96 	2068.34 	1973.16 	1911.38 	1872.15 	: 	: 	: 	: 	: 	: 	: 	: 	: 
A,PER_PRSC,M,P_HTHAB,DK	919.94 	965.41 	947.87 	1110.23 	1424.46 	2461.66 	2327.17 	2802.55 	2570.15 	2458.27 	2784.59 	2775.87 	2717.58 	2436.95 	2648.04 	2547.07 
A,PER_PRSC,M,P_HTHAB,EL	: 	: 	: 	: 	: 	: 	: 	: 	: 	: 	: 	: 	: 	153.54 	129.66 	197.30 
A,PER_PRSC,M,P_HTHAB,FI	7603.24 	6519.36 	6413.63 	6318.37 	5900.17 	5585.57 	5214.11 	5446.34 	4693.22 	2633.72 	2646.32 	2622.42 	2546.13 	2544.29 	2429.62 	2446.51 
A,PER_PRSC,M,P_HTHAB,FR	: 	: 	: 	1973.96 	1914.09 	1890.74 	1865.36 	1844.43 	1878.60 	1873.26 	1933.00 	1923.50 	1671.62 	1795.46 	1802.46 	1807.47 
A,PER_PRSC,M,P_HTHAB,HR	1858.56 	1919.28 	1903.26 	1886.60 	1556.36 	1233.37 	1198.88 	1232.77 	1348.92 	1284.95 	1224.85 	1212.98 	1225.83 	1256.79 	1213.56 	1166.57 
A,PER_PRSC,M,P_HTHAB,HU	1672.84 	1638.11 	1765.79 	1571.47 	1378.68 	1439.28 	1456.97 	1373.42 	1357.76 	1258.55 	: 	1872.03 	2023.66 	2162.80 	2072.32 	2213.02 
A,PER_PRSC,M,P_HTHAB,IS	302.68 	: 	: 	1053.09 	1372.50 	1461.86 	1268.69 	1207.12 	1174.75 	1090.43 	1140.77 	1268.89 	1159.72 	936.82 	847.25 	709.65 
A,PER_PRSC,M,P_HTHAB,IT	1691.12 	4571.34 	4456.46 	4374.75 	4420.58 	4433.29 	4533.42 	4419.74 	4237.22 	3919.78 	5156.24 	: 	: 	: 	: 	: 
A,PER_PRSC,M,P_HTHAB,LI	: 	14319.82 	13472.90 	4819.41 	4700.14 	: 	4717.39 	4274.24 	4056.81 	4667.66 	4160.93 	: 	4428.83 	4806.90 	5416.50 	4444.33 
A,PER_PRSC,M,P_HTHAB,LT	1004.09 	1074.56 	1118.95 	1170.96 	1322.65 	1494.71 	1493.00 	1317.58 	1187.12 	1705.02 	1476.00 	1326.04 	1262.20 	1125.24 	1115.11 	1072.08 
A,PER_PRSC,M,P_HTHAB,LU	: 	: 	: 	: 	: 	: 	: 	: 	4120.09 	3578.06 	2622.78 	2646.09 	2269.15 	2352.44 	2303.55 	2356.49 
A,PER_PRSC,M,P_HTHAB,LV	: 	1069.97 	963.10 	1178.98 	1248.27 	1145.18 	859.17 	944.68 	1206.02 	943.19 	912.95 	926.20 	926.95 	894.74 	871.75 	887.29 
A,PER_PRSC,M,P_HTHAB,ME	: 	: 	: 	: 	: 	2248.69 	1513.57 	1382.67 	: 	: 	: 	: 	: 	: 	: 	: 
A,PER_PRSC,M,P_HTHAB,MK	2448.50 	2816.31 	2767.94 	2905.96 	2942.17 	3187.47 	3418.01 	: 	: 	1943.84 	: 	1092.67 	1242.84 	1099.19 	1266.94 	1171.07 
A,PER_PRSC,M,P_HTHAB,MT	: 	777.10 	: 	661.32 	646.62 	1190.68 	1147.23 	1044.54 	: 	: 	: 	: 	: 	: 	: 	: 
A,PER_PRSC,M,P_HTHAB,NL	2643.55 	2344.54 	2146.58 	2329.29 	2259.29 	2065.97 	2085.29 	1880.78 	1854.30 	1694.25 	1639.72 	1816.98 	1674.53 	1594.03 	1795.06 	1735.32 
A,PER_PRSC,M,P_HTHAB,NO	1253.68 	1186.73 	1195.67 	1152.00 	1117.80 	2241.21 	2149.59 	2087.06 	2073.12 	1843.44 	1755.87 	1686.17 	1568.82 	1448.78 	1383.32 	1316.85 
A,PER_PRSC,M,P_HTHAB,PL	: 	: 	: 	: 	: 	1979.98 	: 	: 	: 	: 	: 	: 	: 	: 	: 	: 
A,PER_PRSC,M,P_HTHAB,PT	2378.48 	2106.99 	2090.49 	2026.20 	2029.80 	1858.64 	1357.17 	1524.70 	1449.49 	1322.98 	1182.88 	1141.05 	872.22 	1068.85 	1127.80 	1030.23 
A,PER_PRSC,M,P_HTHAB,RO	420.16 	472.24 	510.91 	548.61 	569.64 	624.75 	475.61 	554.16 	604.99 	567.97 	565.06 	602.30 	583.00 	617.47 	622.26 	595.08 
A,PER_PRSC,M,P_HTHAB,RS	: 	: 	: 	: 	: 	: 	: 	: 	1108.74 	2476.83 	2657.60 	2416.31 	2163.91 	2177.13 	2083.90 	2065.66 
A,PER_PRSC,M,P_HTHAB,SE	849.18 	867.11 	870.61 	842.08 	808.88 	1508.61 	1441.90 	1399.64 	1304.98 	1365.24 	1384.75 	1390.20 	1418.14 	1350.07 	1318.64 	1330.23 
A,PER_PRSC,M,P_HTHAB,SI	: 	: 	: 	: 	: 	: 	1029.71 	1008.19 	940.65 	920.96 	743.30 	729.79 	722.03 	656.83 	619.27 	645.27 
A,PER_PRSC,M,P_HTHAB,SK	1686.16 	1752.94 	1756.40 	1684.50 	1754.88 	1744.02 	1673.74 	1401.30 	1241.08 	1257.24 	1196.49 	1130.26 	1068.94 	989.13 	982.13 	912.92 
A,PER_PRSC,M,P_HTHAB,TR	: 	6206.67 	6452.36 	6247.93 	6242.98 	5573.07 	5568.26 	5515.81 	4972.02 	5447.03 	6210.83 	7373.56 	6251.62 	7194.35 	7688.43 	7641.20 
A,PER_PRSC,M,P_HTHAB,UKC-L	4717.91 	4686.06 	4511.69 	4204.46 	3825.35 	21409.83 	21230.19 	3562.08 	3428.54 	: 	: 	: 	: 	: 	: 	: 
A,PER_PRSC,M,P_HTHAB,UKM	2320.59 	2180.27 	2061.46 	2018.10 	1839.51 	1793.57 	1805.29 	: 	: 	2959.74 	: 	: 	: 	: 	: 	: 
A,PER_PRSC,M,P_HTHAB,UKN	: 	: 	4180.99 	3630.68 	3573.31 	4098.31 	2914.51 	2694.81 	2515.97 	2531.36 	: 	: 	: 	: 	: 	: 
A,PER_PRSC,T,NR,AL	11882 	11389 	10857 	10882 	11484 	12043 	19322 	19721 	17446 	16356 	16249 	14723 	13409 	16196 	16246 	13963 
A,PER_PRSC,T,NR,AT	303762 	285550 	278848 	283954 	286507 	286949 	303654 	303037 	310090 	313381 	300664 	332622 	305834 	301567 	336157 	364380 
A,PER_PRSC,T,NR,BA	20950 	19273 	20010 	22448 	22677 	20363 	21064 	20026 	17223 	15922 	15038 	13890 	11452 	13365 	12532 	12532 
A,PER_PRSC,T,NR,BE	613091 	635294 	638423 	637694 	591321 	581896 	582356 	543239 	: 	537912 	546725 	584716 	677467 	633613 	562478 	567321 
A,PER_PRSC,T,NR,BG	52149 	52883 	55210 	57063 	49484 	47243 	43077 	38861 	38469 	37087 	33318 	31993 	30861 	31764 	30915 	30360 
A,PER_PRSC,T,NR,CY	103829 	102179 	117854 	138744 	129126 	104344 	125843 	96039 	82891 	70960 	60282 	71190 	53630 	58704 	64276 	: 
A,PER_PRSC,T,NR,CZ	110410 	113215 	101133 	102767 	103179 	105678 	103408 	91472 	84846 	77220 	76723 	77321 	67780 	64381 	68429 	70441 
A,PER_PRSC,T,NR,DE	1087842 	1056809 	1018006 	1003458 	960225 	935788 	923384 	910681 	900615 	: 	: 	: 	: 	: 	: 	: 
A,PER_PRSC,T,NR,DK	58514 	61948 	61247 	73097 	96034 	82145 	78027 	96312 	89569 	86656 	99350 	99262 	97679 	88113 	96060 	94074 
A,PER_PRSC,T,NR,EE	13804 	11920 	11010 	11213 	10467 	9542 	8629 	8047 	8524 	7241 	6226 	6053 	5008 	4636 	3795 	3278 
A,PER_PRSC,T,NR,EL	: 	: 	: 	: 	: 	: 	: 	: 	: 	: 	: 	: 	: 	8566 	7196 	11320 
A,PER_PRSC,T,NR,FI	241948 	210456 	210036 	207064 	195272 	186695 	176748 	185292 	159319 	85679 	86331 	86284 	83632 	84363 	81094 	82674 
A,PER_PRSC,T,NR,FR	: 	: 	: 	689029 	675702 	669663 	667382 	661865 	676408 	674848 	698863 	695807 	605013 	653017 	660480 	668036 
A,PER_PRSC,T,NR,HR	74640 	: 	: 	70250 	66068 	58477 	53088 	59427 	61726 	59756 	55266 	53883 	49351 	48872 	47100 	46740 
A,PER_PRSC,T,NR,HU	92706 	92640 	100082 	88032 	76765 	79032 	79835 	75299 	73915 	68280 	: 	108483 	111677 	119159 	116642 	125111 
A,PER_PRSC,T,NR,IE	: 	90193 	84139 	76881 	65161 	: 	: 	: 	: 	: 	: 	: 	: 	: 	: 	: 
A,PER_PRSC,T,NR,IS	3224 	: 	: 	1957 	2611 	2837 	2489 	2395 	2333 	2286 	2419 	2784 	2643 	2164 	2012 	1664 
A,PER_PRSC,T,NR,IT	563948 	1577949 	1561537 	1543054 	1567225 	1578135 	1648465 	1610495 	1546612 	1424399 	1861598 	: 	: 	: 	: 	: 
A,PER_PRSC,T,NR,LI	2089 	2967 	2864 	1066 	1086 	: 	1078 	1008 	964 	1087 	1051 	: 	1284 	1215 	1393 	1134 
A,PER_PRSC,T,NR,LT	16630 	17610 	18275 	18436 	20283 	22945 	22742 	19661 	17612 	24899 	21128 	19019 	18023 	16278 	16143 	15804 
A,PER_PRSC,T,NR,LU	: 	: 	: 	: 	: 	: 	: 	: 	16232 	14172 	10443 	10942 	9468 	9786 	9746 	10320 
A,PER_PRSC,T,NR,LV	12685 	12328 	10937 	12890 	13563 	12397 	9164 	10060 	12580 	9785 	9375 	9408 	9233 	8811 	8548 	8842 
A,PER_PRSC,T,NR,ME	8677 	7126 	5588 	5684 	5554 	7745 	7393 	6953 	7334 	7837 	8642 	8658 	10134 	10039 	9161 	9227 
A,PER_PRSC,T,NR,MK	26409 	30404 	30004 	31284 	31860 	34436 	37164 	: 	: 	21460 	: 	12780 	14314 	12822 	12902 	12007 
A,PER_PRSC,T,NR,MT	: 	1844 	: 	1577 	1571 	2903 	2858 	2697 	1720 	2311 	: 	: 	: 	: 	: 	: 
A,PER_PRSC,T,NR,NL	252197 	226509 	208420 	227953 	222851 	206328 	208288 	187950 	186386 	170789 	166355 	184416 	168656 	160641 	179383 	175654 
A,PER_PRSC,T,NR,NO	69958 	66920 	68185 	66699 	65654 	66696 	64977 	64274 	64500 	57781 	55414 	53183 	49948 	46737 	45053 	43183 
A,PER_PRSC,T,NR,PL	555091 	557119 	549815 	560949 	533408 	505927 	361825 	393819 	302803 	269512 	269002 	286620 	260763 	302338 	241927 	232739 
A,PER_PRSC,T,NR,PT	141109 	125260 	124186 	120604 	120719 	110682 	80519 	90069 	85547 	78158 	69788 	67461 	51564 	63669 	67703 	62131 
A,PER_PRSC,T,NR,RO	45073 	49743 	56949 	60980 	59739 	65711 	50342 	58909 	145851 	132313 	133354 	133339 	120231 	125410 	124858 	123071 
A,PER_PRSC,T,NR,RS	61740 	63771 	54908 	54939 	58955 	58423 	41011 	43569 	44963 	105084 	111546 	104027 	92072 	90260 	86788 	85886 
A,PER_PRSC,T,NR,SE	97464 	100945 	101438 	98192 	94198 	87868 	85238 	83964 	79026 	82664 	85145 	86928 	90784 	87196 	85990 	88403 
A,PER_PRSC,T,NR,SI	15080 	14511 	14680 	13867 	13039 	12815 	12299 	12093 	11388 	11065 	8856 	8886 	8865 	8119 	7643 	8006 
A,PER_PRSC,T,NR,SK	51029 	53413 	53557 	52010 	54100 	53899 	51733 	43772 	39139 	39678 	35748 	34102 	31866 	29362 	29913 	29059 
A,PER_PRSC,T,NR,TR	: 	3154560 	3287783 	3317023 	3474826 	2556189 	2590829 	2614148 	2387388 	2649035 	3077013 	4409513 	3860256 	4567925 	4866082 	4808274 
A,PER_PRSC,T,NR,UKC-L	1629113 	1682888 	1642548 	1570312 	1475470 	1432318 	1458921 	1481472 	1445304 	: 	: 	: 	: 	: 	: 	: 
A,PER_PRSC,T,NR,UKM	70136 	66343 	62999 	62104 	57010 	55829 	56714 	: 	: 	95254 	: 	: 	: 	: 	: 	: 
A,PER_PRSC,T,NR,UKN	: 	: 	43725 	38330 	38422 	48200 	31480 	39810 	37637 	28354 	29308 	: 	: 	: 	: 	: 
A,PER_PRSC,T,NR,XK	: 	: 	29906 	38323 	36224 	30869 	27089 	35844 	39291 	42469 	38675 	33124 	: 	: 	: 	: 
A,PER_PRSC,T,P_HTHAB,AL	374.82 	357.62 	: 	384.29 	: 	: 	: 	683.38 	606.69 	568.59 	566.10 	514.35 	471.16 	572.35 	581.55 	505.58 
A,PER_PRSC,T,P_HTHAB,AT	3656.26 	3425.91 	3338.84 	3390.43 	3407.50 	3395.10 	3569.13 	3529.87 	3564.06 	3572.16 	3408.01 	3754.72 	3435.93 	3376.00 	3743.84 	4002.08 
A,PER_PRSC,T,P_HTHAB,BA	545.03 	501.38 	520.55 	584.10 	590.66 	: 	: 	: 	: 	: 	: 	: 	: 	: 	: 	: 
A,PER_PRSC,T,P_HTHAB,BE	5747.62 	5908.02 	5889.56 	5796.88 	5329.69 	5213.35 	5208.52 	4834.26 	: 	4738.59 	4796.43 	5104.23 	5879.54 	5483.56 	4841.59 	4831.23 
A,PER_PRSC,T,P_HTHAB,BG	693.66 	708.21 	743.89 	774.32 	675.34 	648.54 	594.52 	539.57 	537.74 	522.22 	472.59 	457.04 	443.95 	459.25 	476.90 	470.86 
A,PER_PRSC,T,P_HTHAB,CY	13374.29 	12821.58 	14387.53 	16522.04 	14979.62 	12050.66 	14667.02 	11338.62 	9771.21 	8301.34 	6975.18 	8127.65 	6039.38 	6551.73 	7104.64 	: 
A,PER_PRSC,T,P_HTHAB,CZ	1067.44 	1085.91 	966.66 	979.97 	982.15 	1004.91 	983.67 	868.00 	803.93 	729.95 	723.12 	726.03 	633.82 	613.45 	650.67 	650.57 
A,PER_PRSC,T,P_HTHAB,DE	1323.12 	1288.75 	1244.47 	1250.85 	1195.38 	1162.13 	1143.26 	1121.56 	1095.96 	: 	: 	: 	: 	: 	: 	: 
A,PER_PRSC,T,P_HTHAB,DK	1068.59 	1123.99 	1106.59 	1314.55 	1720.88 	1466.19 	1386.60 	1701.71 	1569.39 	1507.38 	1718.50 	1709.62 	1677.54 	1508.77 	1635.50 	1585.70 
A,PER_PRSC,T,P_HTHAB,EE	1031.35 	892.39 	825.78 	843.30 	789.83 	722.78 	655.79 	612.00 	647.75 	550.38 	471.98 	456.89 	376.83 	348.55 	284.95 	239.99 
A,PER_PRSC,T,P_HTHAB,EL	: 	: 	: 	: 	: 	: 	: 	: 	: 	: 	: 	: 	: 	80.22 	68.80 	108.70 
A,PER_PRSC,T,P_HTHAB,FI	4564.64 	3951.25 	3924.86 	3852.16 	3615.30 	3440.32 	3242.33 	3386.34 	2903.41 	1556.87 	1565.92 	1563.71 	1513.62 	1524.51 	1461.62 	1485.88 
A,PER_PRSC,T,P_HTHAB,FR	: 	: 	: 	1060.39 	1035.13 	1020.82 	1008.65 	995.91 	1015.04 	1010.10 	1042.67 	1035.77 	896.67 	964.17 	969.99 	978.42 
A,PER_PRSC,T,P_HTHAB,HR	1731.00 	: 	: 	1637.58 	1545.09 	1372.01 	1250.07 	1406.45 	1472.94 	1438.44 	1346.15 	1321.88 	1216.09 	1210.80 	1219.48 	1213.74 
A,PER_PRSC,T,P_HTHAB,HU	922.87 	923.54 	999.39 	881.58 	772.91 	797.59 	808.26 	764.02 	751.90 	696.91 	: 	1110.06 	1152.57 	1234.62 	1213.71 	1303.27 
A,PER_PRSC,T,P_HTHAB,IE	: 	1994.84 	1849.44 	1681.97 	1421.89 	: 	: 	: 	: 	: 	: 	: 	: 	: 	: 	: 
A,PER_PRSC,T,P_HTHAB,IS	1022.00 	: 	: 	614.54 	817.02 	881.45 	764.27 	727.74 	701.59 	675.63 	694.22 	779.85 	725.83 	586.78 	534.75 	429.13 
A,PER_PRSC,T,P_HTHAB,IT	961.50 	2674.46 	2638.17 	2599.28 	2638.68 	2644.10 	2712.06 	2649.03 	2549.41 	2350.90 	3077.84 	: 	: 	: 	: 	: 
A,PER_PRSC,T,P_HTHAB,LI	5908.47 	8336.85 	7979.05 	2948.91 	2977.38 	: 	2903.39 	2697.64 	2562.33 	2874.90 	2757.52 	: 	3313.80 	3111.00 	3543.81 	2858.08 
A,PER_PRSC,T,P_HTHAB,LT	517.65 	553.10 	581.64 	603.95 	675.28 	772.06 	772.62 	673.03 	609.72 	874.29 	752.18 	680.66 	641.39 	579.13 	575.30 	553.11 
A,PER_PRSC,T,P_HTHAB,LU	: 	: 	: 	: 	: 	: 	: 	: 	2816.84 	2399.32 	1734.70 	1782.39 	1512.20 	1541.76 	1510.08 	1561.72 
A,PER_PRSC,T,P_HTHAB,LV	578.75 	569.99 	515.77 	621.32 	663.29 	612.55 	457.86 	506.52 	638.92 	501.77 	484.65 	490.01 	483.99 	465.40 	455.71 	469.57 
A,PER_PRSC,T,P_HTHAB,ME	1409.65 	1154.65 	902.74 	917.00 	895.36 	1247.40 	1189.50 	1117.67 	1178.69 	1259.18 	1388.59 	1391.55 	1629.59 	1617.27 	1483.12 	1496.20 
A,PER_PRSC,T,P_HTHAB,MK	1291.28 	1484.12 	1461.67 	1520.65 	1546.76 	1669.79 	1799.04 	: 	: 	1034.86 	: 	615.27 	689.41 	619.78 	702.30 	656.14 
A,PER_PRSC,T,P_HTHAB,MT	: 	448.74 	: 	380.01 	376.25 	688.95 	665.54 	613.39 	381.87 	502.07 	: 	: 	: 	: 	: 	: 
A,PER_PRSC,T,P_HTHAB,NL	1537.28 	1373.97 	1257.44 	1368.61 	1332.02 	1229.64 	1237.65 	1112.08 	1097.74 	999.85 	968.25 	1067.09 	968.87 	919.24 	1019.76 	986.19 
A,PER_PRSC,T,P_HTHAB,NO	1476.79 	1394.38 	1403.50 	1355.59 	1316.80 	1320.38 	1272.07 	1244.05 	1237.83 	1098.85 	1046.41 	998.14 	930.55 	866.89 	830.43 	786.72 
A,PER_PRSC,T,P_HTHAB,PL	1456.33 	1460.88 	1446.01 	1473.75 	1401.35 	1329.20 	951.72 	1036.21 	797.54 	709.75 	708.33 	754.80 	686.98 	798.99 	655.81 	633.24 
A,PER_PRSC,T,P_HTHAB,PT	1337.10 	1185.84 	1174.50 	1140.71 	1145.08 	1055.39 	772.19 	868.15 	827.23 	758.11 	678.14 	656.45 	496.98 	612.54 	649.67 	590.79 
A,PER_PRSC,T,P_HTHAB,RO	218.42 	243.36 	265.35 	284.77 	297.27 	328.23 	252.37 	296.46 	738.09 	673.56 	682.69 	686.80 	622.03 	653.12 	655.68 	645.89 
A,PER_PRSC,T,P_HTHAB,RS	838.23 	869.41 	751.48 	757.62 	816.93 	813.52 	573.84 	612.41 	635.40 	1492.61 	1593.19 	1493.83 	1329.23 	1313.53 	1276.84 	1293.23 
A,PER_PRSC,T,P_HTHAB,SE	1061.36 	1090.55 	1085.98 	1042.87 	993.35 	919.52 	883.77 	861.40 	802.21 	827.04 	841.33 	849.72 	879.04 	840.10 	822.69 	840.21 
A,PER_PRSC,T,P_HTHAB,SI	750.15 	714.00 	717.16 	676.38 	634.35 	622.44 	596.72 	586.22 	551.69 	535.60 	428.47 	427.03 	422.98 	384.97 	362.71 	378.18 
A,PER_PRSC,T,P_HTHAB,SK	949.19 	992.36 	993.56 	964.50 	1001.05 	996.13 	955.20 	807.40 	721.29 	730.00 	656.76 	625.68 	583.85 	537.79 	550.41 	535.28 
A,PER_PRSC,T,P_HTHAB,TR	: 	4410.92 	4531.04 	4499.31 	4650.20 	3379.98 	3379.29 	3364.59 	3031.95 	3318.97 	3807.69 	5377.20 	4642.24 	5463.09 	5746.42 	5638.25 
A,PER_PRSC,T,P_HTHAB,UKC-L	2982.89 	3057.62 	2961.43 	2807.52 	2617.47 	2523.53 	2551.61 	2569.91 	2486.20 	: 	: 	: 	: 	: 	: 	: 
A,PER_PRSC,T,P_HTHAB,UKM	1352.42 	1271.69 	1200.77 	1176.08 	1074.39 	1049.39 	1062.57 	: 	: 	1759.17 	: 	: 	: 	: 	: 	: 
A,PER_PRSC,T,P_HTHAB,UKN	: 	: 	2430.49 	2118.22 	2112.33 	2638.70 	1715.26 	1587.89 	1488.87 	1518.99 	: 	: 	: 	: 	: 	: 
A,PER_PRSC,T,P_HTHAB,XK	: 	: 	1354.37 	2135.96 	: 	: 	: 	: 	2217.82 	2381.18 	2150.40 	1844.66 	: 	: 	: 	: 
A,PER_SUSP,F,NR,AT	47480 	47759 	48422 	51831 	52295 	54424 	53102 	50210 	52767 	53999 	56642 	61707 	56094 	55085 	63020 	73329 
A,PER_SUSP,F,NR,BA	: 	: 	: 	: 	64 	47 	59 	33 	486 	: 	74 	964 	1359 	1569 	1461 	1483 
A,PER_SUSP,F,NR,BE	44220 	46979 	48043 	49854 	48727 	48673 	48473 	44181 	: 	39505 	39631 	40409 	69855 	53130 	39771 	39593 
A,PER_SUSP,F,NR,BG	6001 	6173 	7046 	6487 	6109 	6030 	7659 	5451 	5646 	6936 	6924 	6442 	6057 	6040 	5967 	6310 
A,PER_SUSP,F,NR,CH	: 	27726 	28283 	26913 	27154 	25803 	25053 	26080 	26212 	25809 	26966 	27114 	26114 	26438 	27738 	29536 
A,PER_SUSP,F,NR,CY	: 	399 	: 	675 	871 	555 	742 	595 	648 	658 	516 	556 	561 	609 	904 	674 
A,PER_SUSP,F,NR,CZ	15237 	15958 	14804 	15260 	14443 	16738 	16962 	15925 	15422 	14831 	14428 	14860 	12032 	11150 	11787 	12609 
A,PER_SUSP,F,NR,DE	520964 	526879 	520668 	513089 	510214 	539061 	552263 	587648 	593067 	529617 	510136 	504544 	488365 	472409 	528542 	571226 
A,PER_SUSP,F,NR,DK	: 	: 	: 	: 	: 	: 	: 	3491 	3453 	3228 	3091 	3425 	3549 	3436 	3810 	3600 
A,PER_SUSP,F,NR,EL	: 	: 	: 	: 	: 	: 	24252 	26615 	18053 	19200 	20901 	19527 	18874 	20571 	25278 	31007 
A,PER_SUSP,F,NR,ES	28363 	33776 	33168 	42054 	44966 	49456 	48196 	64638 	63471 	64901 	67427 	69542 	71484 	79179 	89861 	100041 
A,PER_SUSP,F,NR,FI	87219 	102259 	108390 	112344 	100511 	110481 	108214 	110176 	4073 	114759 	131022 	123202 	80183 	34717 	33148 	35182 
A,PER_SUSP,F,NR,FR	177216 	182884 	184052 	189956 	198930 	196271 	198051 	196725 	193952 	203093 	271887 	272248 	246583 	266623 	264011 	286782 
A,PER_SUSP,F,NR,HR	3575 	3510 	3285 	3519 	3041 	2700 	2442 	2468 	2545 	2437 	2334 	2456 	2477 	2971 	3110 	3276 
A,PER_SUSP,F,NR,HU	25619 	24833 	29155 	27764 	26085 	24882 	20299 	17396 	15409 	14663 	9619 	27141 	23269 	25783 	26814 	29651 
A,PER_SUSP,F,NR,IE	: 	: 	: 	: 	: 	: 	: 	: 	: 	: 	: 	22806 	19933 	17440 	19570 	21610 
A,PER_SUSP,F,NR,IS	: 	: 	: 	: 	: 	: 	1044 	903 	1010 	1144 	1237 	1180 	1172 	1281 	1188 	1313 
A,PER_SUSP,F,NR,IT	153975 	154136 	156993 	164691 	176933 	190386 	189276 	185018 	154675 	150809 	158852 	154610 	143059 	154898 	150198 	140662 
A,PER_SUSP,F,NR,LI	305 	232 	208 	279 	82 	: 	360 	384 	381 	: 	: 	95 	104 	: 	: 	: 
A,PER_SUSP,F,NR,LT	2247 	2258 	25 	24 	27 	3449 	3554 	2807 	2289 	2969 	2491 	2562 	2812 	2652 	2780 	2677 
A,PER_SUSP,F,NR,LU	4481 	5204 	4778 	5881 	: 	6866 	7371 	6752 	7182 	5574 	5727 	6499 	7274 	6811 	7229 	: 
A,PER_SUSP,F,NR,LV	: 	: 	3342 	3208 	3274 	2946 	2829 	2915 	2150 	2204 	1900 	1893 	1723 	1713 	1706 	1796 
A,PER_SUSP,F,NR,ME	: 	: 	: 	: 	: 	: 	275 	299 	255 	318 	371 	381 	542 	575 	395 	434 
A,PER_SUSP,F,NR,MT	683 	770 	1038 	1209 	1184 	1152 	1243 	1200 	1258 	1099 	1247 	1055 	1018 	1210 	1247 	1442 
A,PER_SUSP,F,NR,NL	70640 	64475 	60975 	59630 	58745 	56495 	39929 	46555 	33268 	31790 	30040 	30110 	26420 	23360 	26620 	25430 
A,PER_SUSP,F,NR,NO	14604 	13980 	13868 	13630 	13322 	13252 	13284 	13537 	13361 	12274 	11780 	11272 	11609 	11480 	11054 	11131 
A,PER_SUSP,F,NR,PL	50630 	58040 	51721 	51611 	49952 	44452 	40802 	36009 	36635 	37556 	37823 	39941 	36289 	37503 	38724 	39159 
A,PER_SUSP,F,NR,RO	27268 	28175 	27997 	23927 	: 	: 	: 	: 	: 	: 	: 	: 	: 	: 	: 	: 
A,PER_SUSP,F,NR,RS	5711 	5381 	4935 	5035 	5018 	5455 	5041 	5388 	5684 	5955 	6020 	6130 	5713 	5869 	5944 	5977 
A,PER_SUSP,F,NR,SE	38893 	41511 	41670 	40267 	38580 	36019 	36540 	40007 	35136 	34748 	36338 	39649 	44921 	43710 	42697 	45051 
A,PER_SUSP,F,NR,SI	2713 	3139 	3554 	3360 	3469 	3834 	3718 	3409 	2795 	3198 	3334 	3384 	3121 	2930 	3368 	3352 
A,PER_SUSP,F,NR,SK	7145 	8013 	7624 	8247 	7888 	8022 	7656 	7042 	6500 	7074 	6764 	6464 	5420 	5102 	5693 	5666 
A,PER_SUSP,F,NR,TR	: 	165781 	199210 	214402 	254417 	: 	: 	: 	22790 	21173 	24259 	30470 	: 	: 	: 	: 
A,PER_SUSP,F,NR,UKN	14505 	: 	: 	: 	: 	: 	: 	: 	: 	: 	: 	: 	: 	: 	: 	: 
A,PER_SUSP,F,NR,XK	: 	: 	: 	: 	: 	: 	: 	: 	: 	3379 	3387 	3514 	2803 	: 	: 	: 
A,PER_SUSP,F,P_HTHAB,AT	1113.12 	1116.37 	1129.92 	1206.41 	1213.35 	1257.42 	1220.38 	1145.16 	1191.69 	1210.62 	1263.27 	1370.74 	1240.39 	1214.47 	1384.01 	1587.22 
A,PER_SUSP,F,P_HTHAB,BA	: 	: 	: 	: 	3.26 	: 	: 	: 	: 	: 	: 	: 	: 	: 	: 	: 
A,PER_SUSP,F,P_HTHAB,BE	812.49 	856.59 	869.13 	890.42 	863.48 	857.79 	852.34 	773.31 	: 	685.56 	685.14 	695.42 	1195.90 	907.54 	675.92 	665.80 
A,PER_SUSP,F,P_HTHAB,BG	155.56 	161.12 	185.04 	171.59 	162.45 	161.25 	205.85 	147.32 	153.57 	189.93 	190.87 	178.73 	169.10 	169.34 	177.36 	188.46 
A,PER_SUSP,F,P_HTHAB,CH	: 	708.17 	662.99 	633.23 	639.49 	633.90 	608.45 	626.35 	623.26 	607.83 	630.39 	629.47 	602.10 	605.31 	630.32 	665.91 
A,PER_SUSP,F,P_HTHAB,CY	: 	98.03 	: 	156.62 	196.61 	124.76 	168.46 	136.72 	148.75 	150.18 	116.55 	124.09 	123.70 	132.87 	194.99 	139.27 
A,PER_SUSP,F,P_HTHAB,CZ	288.67 	300.58 	277.96 	285.79 	270.10 	312.76 	317.04 	297.03 	287.32 	275.76 	267.67 	274.90 	221.91 	209.43 	221.02 	228.47 
A,PER_SUSP,F,P_HTHAB,DE	1242.06 	1259.93 	1248.64 	1248.47 	1241.46 	1310.22 	1340.10 	1420.74 	1423.54 	1266.28 	1216.09 	1199.79 	1159.21 	1121.35 	1253.35 	1353.65 
A,PER_SUSP,F,P_HTHAB,DK	: 	: 	: 	: 	: 	: 	: 	122.55 	120.34 	111.75 	106.41 	117.41 	121.30 	117.06 	129.13 	120.66 
A,PER_SUSP,F,P_HTHAB,EL	: 	: 	: 	: 	: 	: 	432.02 	476.15 	324.72 	346.14 	377.88 	353.99 	342.97 	375.21 	472.92 	582.77 
A,PER_SUSP,F,P_HTHAB,ES	122.90 	144.60 	141.11 	178.06 	189.58 	208.59 	203.92 	273.62 	268.57 	273.92 	283.59 	290.63 	296.20 	327.57 	371.36 	408.00 
A,PER_SUSP,F,P_HTHAB,FI	1761.69 	2038.18 	2159.01 	2231.07 	1972.61 	4002.86 	3905.37 	3963.32 	146.20 	4111.80 	4689.41 	4408.53 	2866.72 	1239.90 	1181.69 	1251.81 
A,PER_SUSP,F,P_HTHAB,FR	536.58 	550.82 	551.76 	566.77 	590.97 	580.21 	582.41 	573.81 	563.96 	588.75 	785.53 	784.54 	707.99 	762.95 	751.97 	814.98 
A,PER_SUSP,F,P_HTHAB,HR	159.96 	157.19 	147.43 	158.43 	137.37 	122.41 	111.15 	112.90 	117.40 	113.40 	109.90 	116.75 	118.71 	143.43 	155.50 	164.70 
A,PER_SUSP,F,P_HTHAB,HU	485.59 	471.40 	554.55 	529.66 	500.94 	479.16 	392.33 	337.15 	299.67 	286.26 	188.36 	532.50 	463.02 	515.24 	538.27 	596.06 
A,PER_SUSP,F,P_HTHAB,IE	: 	: 	: 	: 	: 	: 	: 	: 	: 	: 	: 	921.32 	787.59 	681.86 	751.52 	810.32 
A,PER_SUSP,F,P_HTHAB,IS	: 	: 	: 	530.15 	460.40 	: 	643.04 	550.90 	611.16 	683.74 	724.03 	677.56 	661.43 	712.66 	648.64 	699.15 
A,PER_SUSP,F,P_HTHAB,IT	509.15 	506.52 	514.04 	537.34 	576.94 	618.22 	604.75 	591.22 	495.61 	484.24 	511.50 	503.85 	467.64 	510.04 	497.16 	466.04 
A,PER_SUSP,F,P_HTHAB,LI	1703.15 	1289.03 	1147.59 	1527.68 	444.85 	: 	1922.15 	2041.14 	2009.28 	: 	: 	490.88 	532.46 	: 	: 	: 
A,PER_SUSP,F,P_HTHAB,LT	130.25 	132.01 	151.56 	146.65 	167.09 	215.16 	223.88 	178.22 	146.83 	193.33 	164.79 	170.96 	186.16 	176.12 	185.41 	175.95 
A,PER_SUSP,F,P_HTHAB,LU	1835.03 	2092.78 	1891.08 	2286.36 	2582.19 	2555.96 	2684.63 	2402.97 	2501.95 	1895.75 	1912.67 	2129.60 	2337.82 	2160.34 	2256.71 	: 
A,PER_SUSP,F,P_HTHAB,LV	: 	: 	290.72 	284.73 	294.95 	268.49 	260.88 	271.19 	201.94 	209.02 	181.86 	182.89 	167.82 	168.27 	169.46 	177.70 
A,PER_SUSP,F,P_HTHAB,ME	: 	: 	: 	: 	: 	: 	87.48 	95.05 	81.09 	101.07 	117.92 	121.16 	172.44 	183.19 	126.40 	139.10 
A,PER_SUSP,F,P_HTHAB,MT	333.01 	373.21 	499.46 	579.62 	564.21 	544.72 	578.43 	547.44 	561.56 	480.68 	530.41 	436.45 	409.99 	486.90 	499.39 	560.59 
A,PER_SUSP,F,P_HTHAB,NL	851.77 	774.07 	728.36 	708.84 	695.41 	666.83 	470.03 	545.92 	388.55 	369.38 	347.12 	346.05 	301.61 	265.79 	300.95 	283.79 
A,PER_SUSP,F,P_HTHAB,NO	308.29 	291.30 	285.46 	277.02 	267.20 	526.84 	522.79 	527.29 	516.45 	470.41 	448.38 	426.46 	436.26 	429.62 	411.24 	408.70 
A,PER_SUSP,F,P_HTHAB,PL	256.95 	294.31 	263.74 	262.88 	254.38 	226.38 	208.03 	183.64 	187.01 	191.66 	193.01 	203.86 	185.29 	192.00 	203.34 	206.31 
A,PER_SUSP,F,P_HTHAB,RO	257.58 	268.63 	254.26 	217.71 	: 	: 	: 	: 	: 	: 	: 	: 	: 	: 	: 	: 
A,PER_SUSP,F,P_HTHAB,RS	150.91 	142.79 	131.49 	135.33 	135.54 	148.05 	137.47 	147.62 	156.58 	164.90 	167.65 	171.66 	160.84 	166.47 	170.36 	175.19 
A,PER_SUSP,F,P_HTHAB,SE	423.54 	448.46 	446.11 	427.66 	406.84 	751.96 	756.44 	820.64 	714.14 	697.50 	721.34 	779.30 	875.35 	847.68 	822.42 	862.51 
A,PER_SUSP,F,P_HTHAB,SI	265.01 	305.23 	344.09 	324.44 	333.95 	368.74 	357.43 	327.59 	268.53 	307.27 	320.63 	324.68 	298.72 	279.30 	320.92 	318.12 
A,PER_SUSP,F,P_HTHAB,SK	258.65 	289.90 	275.55 	298.02 	284.50 	289.10 	275.70 	253.40 	233.80 	254.13 	242.73 	231.74 	194.09 	182.65 	205.02 	204.28 
A,PER_SUSP,F,P_HTHAB,TR	: 	465.47 	551.85 	584.52 	684.08 	: 	: 	: 	58.09 	53.24 	60.23 	74.56 	: 	: 	: 	: 
A,PER_SUSP,F,P_HTHAB,UKN	1604.97 	: 	: 	: 	: 	: 	: 	: 	: 	: 	: 	: 	: 	: 	: 	: 
A,PER_SUSP,F,P_HTHAB,XK	: 	: 	: 	: 	: 	: 	: 	: 	: 	374.90 	372.05 	386.05 	308.96 	: 	: 	: 
A,PER_SUSP,M,NR,AT	185505 	191821 	185055 	200861 	201335 	205726 	202713 	194463 	211378 	209983 	224541 	233730 	213279 	203621 	229055 	246030 
A,PER_SUSP,M,NR,BA	: 	: 	: 	: 	742 	472 	668 	538 	7660 	: 	738 	10164 	16888 	17331 	16715 	16820 
A,PER_SUSP,M,NR,BE	179010 	183572 	179926 	183479 	175437 	172382 	173875 	163366 	: 	155305 	158842 	163467 	244335 	186125 	156096 	153396 
A,PER_SUSP,M,NR,BG	49503 	49227 	52160 	44790 	39962 	38561 	48214 	35374 	40545 	43586 	41525 	39777 	38297 	38311 	39279 	40159 
A,PER_SUSP,M,NR,CH	: 	104768 	102976 	101149 	105780 	101467 	93484 	95142 	95180 	93943 	95186 	94946 	90266 	88465 	92108 	97009 
A,PER_SUSP,M,NR,CY	2952 	3447 	: 	5568 	5514 	5401 	4863 	4623 	3826 	3984 	3831 	3802 	3252 	3630 	4445 	4887 
A,PER_SUSP,M,NR,CZ	105929 	106463 	97673 	99715 	89751 	100858 	97430 	85672 	76177 	71956 	70243 	70917 	61378 	56886 	61591 	64613 
A,PER_SUSP,M,NR,DE	1633340 	1626181 	1540175 	1514154 	1508455 	1555099 	1597241 	1781388 	1767739 	1603259 	1541130 	1514667 	1481252 	1419594 	1565240 	1675541 
A,PER_SUSP,M,NR,DK	: 	: 	: 	: 	: 	: 	: 	31689 	31397 	30380 	30951 	32655 	32175 	32119 	33305 	30747 
A,PER_SUSP,M,NR,EL	: 	: 	: 	: 	: 	: 	76017 	83710 	93481 	96243 	103356 	102778 	94265 	96994 	119492 	132725 
A,PER_SUSP,M,NR,ES	: 	300852 	289716 	335726 	324637 	318789 	301728 	313056 	301601 	307859 	321722 	336596 	342326 	372475 	416701 	454945 
A,PER_SUSP,M,NR,FI	308593 	338141 	347447 	347532 	310337 	314400 	290739 	288301 	14346 	295942 	314092 	294172 	212969 	116447 	112406 	115234 
A,PER_SUSP,M,NR,FR	995177 	991953 	962263 	982591 	953169 	909751 	913831 	894968 	865278 	940315 	1439642 	1448583 	1348356 	1504824 	1538837 	1608192 
A,PER_SUSP,M,NR,HR	: 	28921 	27967 	27410 	24412 	19650 	17577 	17315 	16183 	15436 	14916 	16071 	16344 	17527 	17662 	19693 
A,PER_SUSP,M,NR,HU	130731 	119027 	134705 	128972 	121474 	120224 	99247 	87748 	81695 	76727 	48320 	108676 	115315 	120582 	116970 	123370 
A,PER_SUSP,M,NR,IE	: 	: 	: 	: 	: 	: 	: 	: 	: 	: 	: 	95135 	91335 	81642 	84968 	86274 
A,PER_SUSP,M,NR,IS	: 	: 	: 	: 	: 	: 	4641 	3037 	4444 	4913 	5260 	5235 	4535 	4593 	4631 	4996 
A,PER_SUSP,M,NR,IT	735185 	714589 	710520 	736012 	756283 	787566 	792984 	778232 	738851 	728299 	710688 	700171 	658441 	675941 	668189 	656057 
A,PER_SUSP,M,NR,LI	: 	1264 	841 	1100 	502 	: 	1341 	1323 	1266 	: 	: 	394 	422 	: 	: 	: 
A,PER_SUSP,M,NR,LT	18657 	19069 	191 	191 	237 	27273 	27098 	24018 	18805 	24769 	21584 	20882 	22071 	19414 	19575 	19180 
A,PER_SUSP,M,NR,LU	: 	17253 	15801 	18061 	: 	20449 	22077 	21684 	19134 	18337 	20030 	22533 	24314 	25540 	27430 	: 
A,PER_SUSP,M,NR,LV	: 	: 	22272 	21321 	21315 	19187 	19132 	20330 	12894 	12157 	11525 	11458 	11024 	10666 	10566 	10765 
A,PER_SUSP,M,NR,ME	: 	: 	: 	: 	: 	: 	4010 	3553 	3351 	3273 	4054 	3487 	6099 	5044 	3720 	3909 
A,PER_SUSP,M,NR,MT	2847 	2876 	3452 	3850 	3957 	4166 	4040 	4232 	4118 	4366 	4539 	4196 	4323 	4800 	4674 	5167 
A,PER_SUSP,M,NR,NL	384265 	345840 	322450 	314410 	303045 	283825 	161130 	235090 	137520 	140150 	135350 	137300 	125550 	117860 	128280 	123980 
A,PER_SUSP,M,NR,NO	71271 	68829 	69767 	68157 	67636 	69060 	67914 	66803 	66640 	61540 	58717 	58073 	58277 	53458 	50495 	49620 
A,PER_SUSP,M,NR,PL	: 	470899 	464434 	470331 	450587 	385649 	322814 	283390 	275788 	271459 	299063 	298643 	274395 	284697 	278355 	166418 
A,PER_SUSP,M,NR,RO	203151 	207436 	215038 	188948 	: 	: 	: 	: 	: 	: 	: 	: 	: 	: 	: 	: 
A,PER_SUSP,M,NR,RS	51255 	50202 	50329 	47253 	45120 	46691 	43692 	44231 	43917 	44710 	44386 	44664 	41298 	40817 	39981 	39125 
A,PER_SUSP,M,NR,SE	142934 	149994 	152315 	149326 	146137 	137475 	135891 	136243 	134981 	139907 	142586 	147776 	153438 	147067 	145770 	148267 
A,PER_SUSP,M,NR,SI	14817 	16198 	16619 	15842 	15084 	14584 	14595 	12662 	11358 	12244 	12370 	12788 	12507 	11327 	12000 	12607 
A,PER_SUSP,M,NR,SK	43783 	46874 	44426 	44776 	45619 	45831 	43393 	39387 	36354 	35837 	34662 	33875 	30904 	29060 	29197 	28544 
A,PER_SUSP,M,NR,TR	: 	1104208 	1203158 	1286828 	1424120 	: 	: 	: 	125733 	119519 	127752 	137780 	: 	: 	: 	: 
A,PER_SUSP,M,NR,XK	: 	: 	: 	: 	: 	: 	: 	: 	: 	31921 	29335 	29897 	27811 	: 	: 	: 
A,PER_SUSP,M,P_HTHAB,AT	4588.88 	4728.22 	4551.05 	4924.43 	4912.83 	4988.96 	4878.03 	4629.63 	4947.35 	4869.24 	5175.52 	5364.43 	4870.75 	4630.96 	5175.82 	5485.85 
A,PER_SUSP,M,P_HTHAB,BA	: 	: 	: 	: 	39.56 	: 	: 	: 	: 	: 	: 	: 	: 	: 	: 	: 
A,PER_SUSP,M,P_HTHAB,BE	3426.48 	3484.23 	3387.02 	3396.68 	3217.98 	3141.39 	3164.94 	2957.35 	: 	2778.63 	2829.28 	2895.87 	4300.74 	3265.08 	2722.46 	2646.52 
A,PER_SUSP,M,P_HTHAB,BG	1352.41 	1353.93 	1443.29 	1248.01 	1120.40 	1087.74 	1367.79 	1010.10 	1166.03 	1263.37 	1213.33 	1171.39 	1136.53 	1143.71 	1259.68 	1295.66 
A,PER_SUSP,M,P_HTHAB,CH	: 	2766.75 	2485.53 	2423.33 	2530.00 	2556.79 	2324.26 	2335.41 	2309.37 	2250.97 	2262.87 	2240.81 	2114.52 	2056.08 	2123.18 	2214.84 
A,PER_SUSP,M,P_HTHAB,CY	775.91 	884.01 	: 	1362.18 	1316.01 	1282.79 	1164.68 	1122.56 	927.08 	956.17 	908.88 	888.67 	748.50 	829.43 	1007.75 	1050.68 
A,PER_SUSP,M,P_HTHAB,CZ	2091.34 	2080.71 	1901.67 	1937.26 	1739.96 	1952.97 	1887.31 	1654.88 	1468.80 	1383.59 	1345.71 	1352.30 	1164.23 	1100.12 	1188.15 	1217.16 
A,PER_SUSP,M,P_HTHAB,DE	4055.54 	4046.81 	3840.49 	3870.08 	3845.16 	3948.86 	4037.83 	4471.87 	4363.27 	3939.49 	3773.25 	3697.31 	3609.50 	3460.19 	3811.45 	4094.70 
A,PER_SUSP,M,P_HTHAB,DK	: 	: 	: 	: 	: 	: 	: 	1127.32 	1106.35 	1062.17 	1076.01 	1130.29 	1110.66 	1105.70 	1139.44 	1042.62 
A,PER_SUSP,M,P_HTHAB,EL	: 	: 	: 	: 	: 	: 	1430.71 	1588.91 	1789.38 	1843.28 	1983.79 	1973.35 	1807.41 	1866.69 	2336.23 	2605.85 
A,PER_SUSP,M,P_HTHAB,ES	: 	1314.88 	1260.61 	1456.54 	1405.42 	1384.97 	1318.89 	1371.46 	1322.38 	1348.21 	1406.01 	1462.87 	1475.59 	1603.61 	1789.28 	1930.55 
A,PER_SUSP,M,P_HTHAB,FI	5821.98 	6348.50 	6492.60 	6465.38 	5745.63 	11790.20 	10847.00 	10710.09 	531.04 	10911.00 	11551.19 	10802.08 	7806.03 	4259.52 	4097.77 	4185.04 
A,PER_SUSP,M,P_HTHAB,FR	3212.30 	3184.65 	3074.15 	3123.01 	3015.84 	2863.31 	2861.40 	2781.63 	2683.25 	2909.90 	4441.39 	4460.49 	4130.36 	4590.38 	4665.60 	4860.29 
A,PER_SUSP,M,P_HTHAB,HR	: 	1392.60 	1348.03 	1324.95 	1183.72 	955.51 	857.52 	849.10 	800.03 	769.79 	752.65 	814.72 	828.95 	891.99 	948.40 	1057.70 
A,PER_SUSP,M,P_HTHAB,HU	2740.94 	2498.97 	2831.78 	2718.69 	2571.06 	2549.30 	2110.12 	1868.66 	1742.45 	1641.12 	1034.33 	2324.21 	2472.51 	2594.63 	2526.96 	2667.31 
A,PER_SUSP,M,P_HTHAB,IE	: 	: 	: 	: 	: 	: 	: 	: 	: 	: 	: 	3916.82 	3680.32 	3253.73 	3331.78 	3312.44 
A,PER_SUSP,M,P_HTHAB,IS	: 	: 	: 	1909.30 	1857.03 	: 	2841.70 	1838.53 	2656.78 	2872.55 	2961.71 	2863.21 	2425.90 	2429.61 	2398.30 	2498.52 
A,PER_SUSP,M,P_HTHAB,IT	2587.66 	2501.19 	2480.05 	2563.14 	2632.69 	2726.12 	2689.49 	2637.93 	2508.29 	2473.36 	2415.04 	2403.51 	2266.57 	2341.63 	2318.57 	2276.80 
A,PER_SUSP,M,P_HTHAB,LI	: 	7185.49 	4732.96 	6150.06 	2782.40 	: 	7288.04 	7130.92 	6784.57 	: 	: 	2070.96 	2196.20 	: 	: 	: 
A,PER_SUSP,M,P_HTHAB,LT	1254.32 	1294.26 	1322.03 	1363.47 	1715.85 	1992.34 	1998.38 	1784.06 	1414.33 	1887.61 	1663.77 	1611.77 	1698.45 	1487.70 	1498.16 	1435.83 
A,PER_SUSP,M,P_HTHAB,LU	: 	7046.79 	6335.45 	7093.34 	7316.48 	7618.51 	8024.59 	7690.13 	6616.34 	6181.55 	6619.74 	7298.85 	7719.61 	7994.84 	8438.34 	: 
A,PER_SUSP,M,P_HTHAB,LV	: 	: 	2293.88 	2249.20 	2280.14 	2070.73 	2086.27 	2231.11 	1425.86 	1357.29 	1295.47 	1294.82 	1251.37 	1218.66 	1215.80 	1234.06 
A,PER_SUSP,M,P_HTHAB,ME	: 	: 	: 	: 	: 	: 	1305.53 	1155.36 	1088.93 	1063.52 	1317.34 	1133.20 	1983.06 	1643.72 	1218.98 	1282.94 
A,PER_SUSP,M,P_HTHAB,MT	1404.30 	1405.62 	1674.08 	1865.26 	1905.20 	1984.94 	1883.16 	1919.38 	1818.94 	1884.63 	1886.54 	1666.16 	1621.78 	1793.63 	1728.11 	1814.12 
A,PER_SUSP,M,P_HTHAB,NL	4736.95 	4240.11 	3930.65 	3814.04 	3658.70 	3416.56 	1933.32 	2807.76 	1633.81 	1653.67 	1587.30 	1600.03 	1451.78 	1356.81 	1466.82 	1400.86 
A,PER_SUSP,M,P_HTHAB,NO	1504.51 	1434.16 	1436.07 	1385.22 	1356.55 	2723.28 	2645.65 	2570.13 	2540.00 	2323.03 	2200.48 	2162.81 	2153.17 	1965.90 	1844.68 	1794.27 
A,PER_SUSP,M,P_HTHAB,PL	: 	2557.16 	2522.42 	2552.03 	2445.21 	2092.95 	1754.05 	1540.40 	1500.72 	1477.10 	1627.08 	1624.79 	1493.44 	1555.09 	1559.76 	936.33 
A,PER_SUSP,M,P_HTHAB,RO	2021.57 	2084.39 	2057.56 	1812.71 	: 	: 	: 	: 	: 	: 	: 	: 	: 	: 	: 	: 
A,PER_SUSP,M,P_HTHAB,RS	1431.27 	1407.59 	1416.29 	1338.26 	1283.85 	1335.17 	1255.57 	1276.73 	1274.34 	1303.87 	1301.42 	1316.43 	1223.78 	1219.88 	1208.60 	1211.50 
A,PER_SUSP,M,P_HTHAB,SE	1556.52 	1620.44 	1630.66 	1585.95 	1541.45 	2884.55 	2822.62 	2796.31 	2737.41 	2790.69 	2805.34 	2873.66 	2953.11 	2815.84 	2770.92 	2798.38 
A,PER_SUSP,M,P_HTHAB,SI	1501.93 	1613.43 	1638.78 	1561.46 	1483.58 	1431.12 	1429.66 	1238.67 	1109.90 	1194.39 	1204.43 	1231.21 	1189.93 	1068.65 	1134.54 	1185.68 
A,PER_SUSP,M,P_HTHAB,SK	1675.14 	1790.22 	1693.36 	1705.64 	1733.41 	1738.67 	1644.26 	1490.62 	1373.88 	1351.48 	1304.79 	1272.98 	1159.47 	1089.82 	1098.50 	1075.07 
A,PER_SUSP,M,P_HTHAB,TR	: 	3075.69 	3299.72 	3473.86 	3794.32 	: 	: 	: 	318.22 	298.47 	315.16 	334.91 	: 	: 	: 	: 
A,PER_SUSP,M,P_HTHAB,XK	: 	: 	: 	: 	: 	: 	: 	: 	: 	3618.23 	3302.93 	3376.62 	3178.83 	: 	: 	: 
A,PER_SUSP,T,NR,AL	13085 	11989 	15107 	17773 	21028 	21843 	29593 	34093 	34674 	36051 	39649 	43045 	40956 	39328 	38198 	39489 
A,PER_SUSP,T,NR,AT	240554 	246378 	239954 	259028 	259923 	260150 	255815 	250580 	270160 	270630 	288414 	304422 	276344 	266961 	302503 	329969 
A,PER_SUSP,T,NR,BA	12065 	25395 	27407 	29113 	29253 	27505 	25856 	22186 	21589 	: 	19216 	18575 	18247 	19083 	18176 	18303 
A,PER_SUSP,T,NR,BE	264433 	278531 	275665 	284684 	274645 	271918 	261631 	244796 	: 	195083 	199089 	204636 	315387 	240384 	196595 	193602 
A,PER_SUSP,T,NR,BG	55504 	55400 	59206 	51277 	46071 	44591 	55873 	40825 	46191 	50522 	48449 	46219 	44354 	44351 	45246 	46469 
A,PER_SUSP,T,NR,CH	: 	132907 	121867 	119634 	125109 	127624 	118874 	121469 	121657 	119941 	122353 	122199 	116515 	115044 	120000 	126633 
A,PER_SUSP,T,NR,CY	9840 	9316 	9685 	6243 	6385 	5956 	5605 	5218 	4474 	4642 	4347 	4358 	3813 	4239 	5349 	5561 
A,PER_SUSP,T,NR,CZ	122053 	123235 	112477 	114975 	113026 	117596 	114392 	101597 	91599 	86787 	84990 	86209 	75405 	69749 	75474 	79356 
A,PER_SUSP,T,NR,DE	2255693 	2250339 	2152803 	2112843 	2094118 	2094160 	2149504 	2369036 	2360806 	2132876 	2051266 	2019211 	1969617 	1892003 	2093782 	2246767 
A,PER_SUSP,T,NR,DK	: 	: 	: 	: 	: 	: 	: 	35180 	34850 	33608 	34042 	36080 	35724 	35555 	37115 	34347 
A,PER_SUSP,T,NR,EE	18249 	15620 	16924 	19744 	: 	: 	: 	: 	: 	: 	: 	: 	: 	: 	: 	: 
A,PER_SUSP,T,NR,EL	216241 	196694 	171406 	130923 	120526 	98771 	100269 	110361 	111534 	115443 	124257 	122305 	113139 	117565 	144770 	163192 
A,PER_SUSP,T,NR,ES	350801 	334045 	322884 	377965 	369612 	374807 	349924 	377694 	365072 	372760 	389149 	406138 	413810 	451654 	506562 	554986 
A,PER_SUSP,T,NR,FI	401971 	446701 	462985 	467458 	416883 	424881 	398953 	398477 	401952 	414491 	445114 	417374 	293152 	151164 	145554 	150421 
A,PER_SUSP,T,NR,FR	1172393 	1174837 	1146315 	1172547 	1152159 	1106022 	1111882 	1091700 	1059237 	1143435 	1711529 	1720831 	1594939 	1771447 	1802848 	1894974 
A,PER_SUSP,T,NR,HR	31740 	32431 	31252 	30929 	27453 	22350 	20019 	19783 	18728 	17873 	17399 	18675 	18966 	20656 	20904 	23100 
A,PER_SUSP,T,NR,HU	156350 	143860 	163860 	156736 	147559 	145106 	119546 	105144 	97151 	91427 	57943 	135839 	138619 	146404 	143824 	153063 
A,PER_SUSP,T,NR,IE	: 	: 	: 	: 	: 	: 	: 	: 	: 	: 	: 	122941 	111268 	99082 	104538 	107884 
A,PER_SUSP,T,NR,IS	: 	4614 	: 	3895 	3711 	: 	5685 	3940 	5481 	6112 	6596 	6421 	5708 	5874 	5821 	6313 
A,PER_SUSP,T,NR,IT	889793 	869132 	867842 	900870 	933895 	978082 	980845 	962247 	893689 	878632 	869304 	854657 	801372 	830802 	818619 	796644 
A,PER_SUSP,T,NR,LI	1392 	1496 	1049 	1379 	584 	: 	1701 	1707 	1647 	: 	: 	523 	602 	496 	544 	: 
A,PER_SUSP,T,NR,LT	20904 	21327 	21736 	21600 	26446 	30722 	30652 	26825 	21094 	27738 	24075 	23444 	24883 	22066 	22355 	21857 
A,PER_SUSP,T,NR,LU	18162 	22457 	20579 	23945 	25952 	27315 	29450 	28436 	26395 	23911 	25757 	29036 	31590 	32353 	34660 	: 
A,PER_SUSP,T,NR,LV	26446 	23810 	25614 	24529 	24589 	22133 	21961 	23235 	14997 	14325 	13384 	13320 	12704 	12356 	12274 	12544 
A,PER_SUSP,T,NR,ME	6774 	6637 	5833 	5067 	4362 	4790 	4285 	3852 	3606 	3591 	4425 	3868 	6641 	5619 	4115 	4343 
A,PER_SUSP,T,NR,MK	22690 	21226 	21093 	20429 	17577 	18311 	17182 	15920 	15913 	14752 	: 	: 	: 	: 	: 	: 
A,PER_SUSP,T,NR,MT	3544 	3669 	4502 	5075 	5171 	5340 	5289 	5437 	5384 	5472 	5791 	5251 	5341 	6010 	5921 	6610 
A,PER_SUSP,T,NR,NL	470955 	423420 	386430 	376685 	364070 	342535 	217105 	283510 	188694 	172550 	165960 	167850 	152810 	142040 	155810 	150450 
A,PER_SUSP,T,NR,NO	85875 	82809 	83635 	81787 	80958 	82312 	81198 	80340 	80001 	73814 	70497 	69345 	69886 	64938 	61549 	60751 
A,PER_SUSP,T,NR,PL	516626 	521699 	516154 	521942 	500539 	430101 	363616 	319399 	312423 	309015 	336886 	338584 	310684 	322200 	317079 	305577 
A,PER_SUSP,T,NR,PT	224383 	240166 	208934 	206492 	205826 	194385 	180205 	183952 	173696 	180676 	174822 	152788 	132443 	138890 	159486 	175486 
A,PER_SUSP,T,NR,RO	230419 	235611 	243035 	212875 	238434 	239636 	209022 	184526 	193790 	189520 	195809 	199150 	170508 	195002 	204473 	208221 
A,PER_SUSP,T,NR,RS	56966 	55583 	55264 	52288 	50138 	52017 	48606 	49456 	49242 	50528 	50322 	50689 	46933 	46603 	45829 	45027 
A,PER_SUSP,T,NR,SE	184251 	193905 	196046 	191561 	186857 	176062 	172431 	174986 	172833 	176993 	180770 	189190 	199930 	192092 	189678 	194503 
A,PER_SUSP,T,NR,SI	17471 	19286 	20134 	19177 	18508 	18373 	18270 	16041 	14074 	15415 	15676 	16161 	15611 	14256 	15365 	15948 
A,PER_SUSP,T,NR,SK	52573 	54887 	52050 	53023 	53507 	53853 	51049 	46429 	43426 	42911 	41426 	40339 	36324 	34162 	34890 	34210 
A,PER_SUSP,T,NR,TR	: 	1269989 	1402368 	1501230 	1678537 	: 	: 	: 	: 	: 	: 	: 	: 	: 	: 	: 
A,PER_SUSP,T,NR,UKM	228171 	206537 	196095 	204239 	192785 	: 	: 	: 	: 	: 	: 	: 	: 	: 	: 	: 
A,PER_SUSP,T,NR,UKN	81185 	: 	: 	: 	: 	: 	: 	: 	: 	: 	: 	: 	: 	: 	: 	: 
A,PER_SUSP,T,NR,XK	: 	: 	: 	: 	: 	: 	: 	: 	: 	35300 	34450 	33411 	30614 	: 	: 	: 
A,PER_SUSP,T,P_HTHAB,AL	412.77 	376.46 	: 	627.64 	: 	: 	: 	1181.41 	1205.80 	1253.25 	1381.34 	1503.79 	1439.10 	1389.81 	1367.34 	1429.84 
A,PER_SUSP,T,P_HTHAB,AT	2895.45 	2955.94 	2873.14 	3092.81 	3091.33 	3078.02 	3007.15 	2918.84 	3105.12 	3084.85 	3269.16 	3436.39 	3104.62 	2988.59 	3369.03 	3624.13 
A,PER_SUSP,T,P_HTHAB,BA	313.88 	660.64 	712.97 	757.52 	761.94 	: 	: 	: 	: 	: 	: 	: 	: 	: 	: 	: 
A,PER_SUSP,T,P_HTHAB,BE	2479.01 	2590.24 	2543.06 	2587.89 	2475.43 	2436.18 	2339.99 	2178.43 	: 	1718.53 	1746.61 	1786.35 	2737.15 	2080.39 	1692.21 	1648.69 
A,PER_SUSP,T,P_HTHAB,BG	738.28 	741.92 	797.73 	695.81 	628.76 	612.13 	771.12 	566.84 	645.69 	711.39 	687.22 	660.27 	638.05 	641.23 	697.97 	720.71 
A,PER_SUSP,T,P_HTHAB,CH	: 	1725.65 	1565.25 	1520.10 	1572.78 	1587.55 	1460.43 	1474.56 	1460.97 	1424.55 	1442.14 	1430.14 	1353.88 	1326.87 	1373.19 	1436.50 
A,PER_SUSP,T,P_HTHAB,CY	1267.50 	1168.99 	1182.34 	743.43 	740.71 	687.86 	653.26 	616.05 	527.40 	543.05 	502.99 	497.55 	429.39 	473.10 	591.24 	585.93 
A,PER_SUSP,T,P_HTHAB,CZ	1180.01 	1182.02 	1075.09 	1096.39 	1075.88 	1118.24 	1088.16 	964.08 	867.92 	820.38 	801.03 	809.49 	705.12 	664.60 	717.66 	732.91 
A,PER_SUSP,T,P_HTHAB,DE	2743.56 	2744.24 	2631.72 	2633.74 	2606.96 	2600.67 	2661.35 	2917.62 	2872.88 	2584.63 	2477.60 	2432.22 	2368.28 	2275.27 	2515.44 	2703.09 
A,PER_SUSP,T,P_HTHAB,DK	: 	: 	: 	: 	: 	: 	: 	621.59 	610.63 	584.61 	588.84 	621.42 	613.52 	608.81 	631.91 	578.95 
A,PER_SUSP,T,P_HTHAB,EE	1363.45 	1169.39 	1269.34 	1484.89 	: 	: 	: 	: 	: 	: 	: 	: 	: 	: 	: 	: 
A,PER_SUSP,T,P_HTHAB,EL	1933.79 	1772.86 	1541.52 	1177.01 	1087.15 	897.62 	917.64 	1016.40 	1034.28 	1072.07 	1156.83 	1140.42 	1055.54 	1100.94 	1384.06 	1567.05 
A,PER_SUSP,T,P_HTHAB,ES	768.14 	722.43 	694.57 	809.92 	789.46 	802.11 	752.33 	813.13 	786.11 	801.15 	834.04 	865.28 	874.26 	952.88 	1066.74 	1154.17 
A,PER_SUSP,T,P_HTHAB,FI	7583.67 	8386.68 	8651.62 	8696.45 	7718.24 	7829.49 	7318.53 	7282.44 	7325.12 	7531.69 	8073.71 	7563.97 	5305.64 	2731.65 	2623.43 	2703.48 
A,PER_SUSP,T,P_HTHAB,FR	1831.66 	1825.69 	1772.87 	1804.51 	1765.03 	1686.00 	1686.15 	1642.69 	1589.53 	1711.48 	2553.52 	2561.61 	2363.80 	2615.51 	2647.68 	2775.41 
A,PER_SUSP,T,P_HTHAB,HR	736.09 	752.50 	726.31 	720.98 	642.03 	524.38 	471.39 	468.20 	446.90 	430.24 	423.80 	458.14 	467.35 	511.75 	541.23 	599.86 
A,PER_SUSP,T,P_HTHAB,HU	1556.43 	1434.16 	1636.26 	1569.60 	1485.70 	1464.42 	1210.30 	1066.85 	988.26 	933.16 	592.56 	1389.98 	1430.63 	1516.91 	1496.54 	1594.45 
A,PER_SUSP,T,P_HTHAB,IE	: 	: 	: 	: 	: 	: 	: 	: 	: 	: 	: 	2506.83 	2219.77 	1955.48 	2028.18 	2046.59 
A,PER_SUSP,T,P_HTHAB,IS	: 	1444.73 	: 	1223.10 	1161.23 	: 	1745.63 	1197.20 	1648.28 	1806.42 	1892.95 	1798.64 	1567.55 	1592.77 	1547.12 	1628.08 
A,PER_SUSP,T,P_HTHAB,IT	1517.05 	1473.09 	1466.19 	1517.52 	1572.37 	1638.73 	1613.69 	1582.76 	1473.14 	1450.14 	1437.25 	1428.79 	1343.65 	1402.52 	1386.78 	1350.31 
A,PER_SUSP,T,P_HTHAB,LI	3937.10 	4203.55 	2922.49 	3814.77 	1601.10 	: 	4581.32 	4568.32 	4377.76 	: 	: 	1362.76 	1553.67 	1270.00 	1383.94 	: 
A,PER_SUSP,T,P_HTHAB,LT	650.69 	669.85 	691.79 	707.60 	880.46 	1033.75 	1041.36 	918.27 	730.26 	973.98 	857.10 	839.03 	885.52 	785.05 	796.69 	764.96 
A,PER_SUSP,T,P_HTHAB,LU	3754.04 	4550.56 	4098.86 	4678.22 	4944.62 	5086.22 	5357.66 	5051.18 	4580.49 	4048.14 	4278.54 	4729.81 	5045.46 	5097.13 	5370.34 	: 
A,PER_SUSP,T,P_HTHAB,LV	1206.58 	1100.87 	1207.92 	1182.35 	1202.51 	1093.62 	1097.24 	1169.88 	761.67 	734.57 	691.90 	693.76 	665.94 	652.64 	654.35 	666.17 
A,PER_SUSP,T,P_HTHAB,ME	1100.49 	1075.42 	942.32 	817.46 	703.20 	771.47 	689.44 	619.19 	579.54 	576.97 	711.00 	621.68 	1067.90 	905.21 	666.20 	704.24 
A,PER_SUSP,T,P_HTHAB,MK	1109.44 	1036.11 	1027.56 	993.01 	853.34 	887.89 	831.75 	769.39 	768.27 	711.38 	: 	: 	: 	: 	: 	: 
A,PER_SUSP,T,P_HTHAB,MT	868.99 	892.86 	1087.37 	1222.92 	1238.43 	1267.31 	1231.65 	1236.55 	1195.34 	1188.80 	1217.36 	1063.91 	1037.38 	1164.45 	1138.27 	1219.44 
A,PER_SUSP,T,P_HTHAB,NL	2870.73 	2568.39 	2331.40 	2261.58 	2176.11 	2041.38 	1290.04 	1677.50 	1111.33 	1010.16 	965.95 	971.23 	877.84 	812.80 	885.75 	844.69 
A,PER_SUSP,T,P_HTHAB,NO	1812.79 	1725.45 	1721.52 	1662.23 	1623.75 	1629.53 	1589.63 	1555.02 	1535.32 	1403.76 	1331.23 	1301.47 	1302.00 	1204.48 	1134.49 	1106.78 
A,PER_SUSP,T,P_HTHAB,PL	1355.42 	1368.00 	1357.48 	1371.27 	1315.00 	1129.99 	956.43 	840.40 	822.88 	813.78 	887.09 	891.65 	818.49 	851.48 	859.53 	831.42 
A,PER_SUSP,T,P_HTHAB,PT	2126.18 	2273.65 	1976.02 	1953.06 	1952.36 	1853.53 	1728.20 	1773.06 	1679.63 	1752.51 	1698.78 	1486.75 	1276.51 	1336.21 	1530.41 	1668.65 
A,PER_SUSP,T,P_HTHAB,RO	1116.62 	1152.68 	1132.39 	994.10 	1186.48 	1196.98 	1047.87 	928.64 	980.69 	964.78 	1002.43 	1025.78 	882.14 	1015.55 	1073.77 	1092.76 
A,PER_SUSP,T,P_HTHAB,RS	773.42 	757.78 	756.35 	721.06 	694.75 	724.32 	680.11 	695.15 	695.87 	717.70 	718.74 	727.90 	677.57 	678.20 	674.24 	678.00 
A,PER_SUSP,T,P_HTHAB,SE	2006.45 	2094.83 	2098.84 	2034.51 	1970.47 	1842.44 	1787.80 	1795.22 	1754.47 	1770.79 	1786.22 	1849.33 	1935.88 	1850.72 	1814.70 	1848.61 
A,PER_SUSP,T,P_HTHAB,SI	869.09 	948.95 	983.60 	935.38 	900.42 	892.40 	886.43 	777.60 	681.82 	746.17 	758.44 	776.63 	744.85 	675.97 	729.17 	753.34 
A,PER_SUSP,T,P_HTHAB,SK	977.91 	1019.75 	965.60 	983.28 	990.08 	995.28 	942.57 	856.41 	800.29 	789.48 	761.07 	740.11 	665.53 	625.70 	641.98 	630.16 
A,PER_SUSP,T,P_HTHAB,TR	: 	1775.78 	1932.67 	2036.31 	2246.31 	: 	: 	: 	: 	: 	: 	: 	: 	: 	: 	: 
A,PER_SUSP,T,P_HTHAB,UKM	4399.77 	3958.98 	3737.59 	3867.74 	3633.16 	: 	: 	: 	: 	: 	: 	: 	: 	: 	: 	: 
A,PER_SUSP,T,P_HTHAB,UKN	4585.78 	: 	: 	: 	: 	: 	: 	: 	: 	: 	: 	: 	: 	: 	: 	: 
A,PER_SUSP,T,P_HTHAB,XK	: 	: 	: 	: 	: 	: 	: 	: 	: 	1979.22 	1915.48 	1860.65 	1717.85 	: 	: 	: 
