freq,leg_stat,citizen,unit,geo\TIME_PERIOD	2008 	2009 	2010 	2011 	2012 	2013 	2014 	2015 	2016 	2017 	2018 	2019 	2020 	2021 	2022 	2023 
A,PER_CNV,FOR,NR,AT	10991 	11309 	12062 	11625 	11795 	12107 	12210 	12857 	12520 	13001 	12033 	11665 	9665 	9795 	10414 	11279 
A,PER_CNV,FOR,NR,BA	: 	: 	: 	39 	43 	41 	: 	: 	: 	: 	: 	: 	: 	: 	: 	: 
A,PER_CNV,FOR,NR,BE	: 	: 	21553 	23541 	28623 	28530 	24628 	28355 	: 	53018 	51534 	45414 	35396 	: 	: 	: 
A,PER_CNV,FOR,NR,BG	903 	1024 	2286 	1579 	1931 	3464 	4851 	3271 	2281 	1465 	1211 	1177 	1011 	1866 	2515 	2306 
A,PER_CNV,FOR,NR,CH	48519 	50817 	53598 	53143 	58875 	60829 	61374 	61178 	61496 	59938 	60499 	53502 	53502 	54590 	58135 	61297 
A,PER_CNV,FOR,NR,CZ	5498 	5328 	4853 	4853 	4913 	4920 	4777 	4877 	5168 	5128 	5312 	5843 	4721 	5001 	5488 	6396 
A,PER_CNV,FOR,NR,DE	173642 	169315 	169667 	177575 	176942 	185042 	194673 	209603 	231562 	233065 	242311 	255885 	247657 	238665 	238653 	255669 
A,PER_CNV,FOR,NR,DK	: 	: 	: 	: 	: 	: 	36347 	29598 	30119 	29661 	33005 	11500 	11104 	10838 	11527 	12958 
A,PER_CNV,FOR,NR,EL	: 	: 	: 	: 	: 	: 	: 	: 	: 	: 	: 	: 	: 	2179 	1644 	1393 
A,PER_CNV,FOR,NR,ES	: 	0 	: 	: 	: 	: 	55356 	54897 	65550 	67424 	70444 	74506 	57836 	72755 	81231 	80426 
A,PER_CNV,FOR,NR,FI	19536 	18243 	21301 	22280 	21133 	20263 	19615 	21402 	19004 	10644 	10541 	10643 	9165 	8537 	8947 	9534 
A,PER_CNV,FOR,NR,FR	80518 	79846 	144974 	128149 	118772 	113214 	90809 	87996 	69815 	70495 	83780 	85963 	72158 	85716 	87493 	89553 
A,PER_CNV,FOR,NR,HR	: 	: 	: 	1310 	739 	667 	542 	436 	427 	491 	521 	773 	669 	761 	891 	895 
A,PER_CNV,FOR,NR,HU	2936 	2942 	3049 	1951 	1854 	1723 	2197 	2918 	4388 	2463 	2479 	2531 	2400 	2737 	3468 	4418 
A,PER_CNV,FOR,NR,IT	86067 	84225 	88625 	91586 	86467 	74481 	70985 	71830 	66644 	65018 	73281 	: 	: 	: 	: 	: 
A,PER_CNV,FOR,NR,LU	: 	: 	: 	: 	: 	: 	: 	: 	5095 	6030 	5148 	4665 	4440 	4985 	3492 	4017 
A,PER_CNV,FOR,NR,LV	108 	136 	111 	115 	129 	148 	172 	249 	395 	292 	249 	209 	163 	188 	187 	289 
A,PER_CNV,FOR,NR,ME	: 	969 	25 	31 	46 	186 	147 	: 	: 	: 	: 	: 	: 	: 	: 	: 
A,PER_CNV,FOR,NR,MK	: 	: 	: 	: 	: 	: 	: 	: 	: 	83 	: 	70 	113 	166 	159 	142 
A,PER_CNV,FOR,NR,NO	: 	: 	: 	9774 	13729 	15783 	15092 	15016 	14114 	13929 	3113 	2849 	2707 	2419 	2464 	2477 
A,PER_CNV,FOR,NR,PL	5237 	5279 	7178 	6529 	7060 	6915 	6784 	7142 	9337 	8379 	10368 	11987 	11659 	: 	: 	: 
A,PER_CNV,FOR,NR,PT	10689 	10355 	10401 	10222 	10161 	8126 	6043 	6452 	6290 	5957 	5415 	5540 	4635 	6109 	6953 	6940 
A,PER_CNV,FOR,NR,RO	737 	554 	: 	: 	: 	: 	: 	: 	316 	423 	396 	392 	284 	301 	277 	264 
A,PER_CNV,FOR,NR,RS	: 	: 	: 	: 	763 	567 	527 	732 	667 	1010 	1073 	737 	815 	1049 	1253 	1241 
A,PER_CNV,FOR,NR,SI	: 	: 	: 	: 	: 	: 	: 	1232 	1026 	1430 	975 	1274 	945 	876 	1233 	831 
A,PER_CNV,FOR,NR,SK	597 	547 	580 	574 	672 	708 	696 	770 	824 	883 	1038 	951 	800 	817 	981 	1192 
A,PER_CNV,FOR,NR,TR	: 	6401 	6299 	7641 	8866 	3400 	5280 	6002 	5023 	5833 	9554 	11205 	10919 	16647 	16430 	17008 
A,PER_CNV,FOR,NR,XK	95 	74 	96 	110 	97 	84 	59 	80 	37 	36 	32 	44 	: 	: 	: 	: 
A,PER_CNV,FOR,P_HTHAB,AT	132.29 	135.68 	144.43 	138.80 	140.28 	143.25 	143.53 	149.91 	143.90 	148.20 	136.39 	131.68 	108.58 	109.65 	115.98 	123.88 
A,PER_CNV,FOR,P_HTHAB,BA	: 	: 	: 	1.01 	1.12 	: 	: 	: 	: 	: 	: 	: 	: 	: 	: 	: 
A,PER_CNV,FOR,P_HTHAB,BE	: 	: 	198.83 	214.00 	257.98 	255.61 	220.27 	252.33 	: 	467.05 	452.11 	396.44 	307.19 	: 	: 	: 
A,PER_CNV,FOR,P_HTHAB,BG	12.01 	13.71 	30.80 	21.43 	26.35 	47.55 	66.95 	45.42 	31.89 	20.63 	17.18 	16.81 	14.54 	26.98 	38.80 	35.76 
A,PER_CNV,FOR,P_HTHAB,CH	638.95 	659.80 	688.41 	675.25 	740.13 	756.67 	754.01 	742.66 	738.50 	711.89 	713.08 	626.16 	621.68 	629.62 	665.25 	695.34 
A,PER_CNV,FOR,P_HTHAB,CZ	53.15 	51.10 	46.39 	46.28 	46.77 	46.79 	45.44 	46.28 	48.97 	48.47 	50.07 	54.86 	44.15 	47.65 	52.18 	59.07 
A,PER_CNV,FOR,P_HTHAB,DE	211.20 	206.48 	207.41 	221.35 	220.27 	229.80 	241.03 	258.14 	281.79 	282.43 	292.67 	308.22 	297.78 	287.01 	286.71 	307.60 
A,PER_CNV,FOR,P_HTHAB,DK	: 	: 	: 	: 	: 	: 	645.91 	522.96 	527.73 	515.95 	570.90 	198.07 	190.70 	185.58 	196.26 	218.42 
A,PER_CNV,FOR,P_HTHAB,EL	: 	: 	: 	: 	: 	: 	: 	: 	: 	: 	: 	: 	: 	20.41 	15.72 	13.38 
A,PER_CNV,FOR,P_HTHAB,ES	: 	0.00 	: 	: 	: 	: 	119.01 	118.19 	141.15 	144.91 	150.98 	158.74 	122.19 	153.50 	171.06 	167.26 
A,PER_CNV,FOR,P_HTHAB,FI	368.57 	342.51 	398.04 	414.49 	391.26 	373.40 	359.82 	391.14 	346.33 	193.41 	191.20 	192.88 	165.87 	154.27 	161.26 	171.35 
A,PER_CNV,FOR,P_HTHAB,FR	125.80 	124.08 	224.21 	197.22 	181.95 	172.58 	137.24 	132.41 	104.77 	105.52 	125.00 	127.96 	106.94 	126.56 	128.49 	131.16 
A,PER_CNV,FOR,P_HTHAB,HR	: 	: 	: 	30.54 	17.28 	15.65 	12.76 	10.32 	10.19 	11.82 	12.69 	18.96 	16.49 	18.85 	23.07 	23.24 
A,PER_CNV,FOR,P_HTHAB,HU	29.23 	29.33 	30.45 	19.54 	18.67 	17.39 	22.24 	29.61 	44.64 	25.14 	25.35 	25.90 	24.77 	28.36 	36.09 	46.02 
A,PER_CNV,FOR,P_HTHAB,IT	146.74 	142.75 	149.73 	154.28 	145.58 	124.79 	116.78 	118.15 	109.85 	107.31 	121.16 	: 	: 	: 	: 	: 
A,PER_CNV,FOR,P_HTHAB,LU	: 	: 	: 	: 	: 	: 	: 	: 	884.17 	1020.88 	855.14 	759.90 	709.14 	785.37 	541.06 	607.89 
A,PER_CNV,FOR,P_HTHAB,LV	4.93 	6.29 	5.23 	5.54 	6.31 	7.31 	8.59 	12.54 	20.06 	14.97 	12.87 	10.89 	8.54 	9.93 	9.97 	15.35 
A,PER_CNV,FOR,P_HTHAB,ME	: 	157.01 	4.04 	5.00 	7.42 	29.96 	23.65 	: 	: 	: 	: 	: 	: 	: 	: 	: 
A,PER_CNV,FOR,P_HTHAB,MK	: 	: 	: 	: 	: 	: 	: 	: 	: 	4.00 	: 	3.37 	5.44 	8.02 	8.65 	7.76 
A,PER_CNV,FOR,P_HTHAB,NO	: 	: 	: 	198.65 	275.36 	312.46 	295.46 	290.64 	270.86 	264.89 	58.78 	53.47 	50.43 	44.87 	45.42 	45.13 
A,PER_CNV,FOR,P_HTHAB,PL	13.74 	13.84 	18.88 	17.15 	18.55 	18.17 	17.84 	18.79 	24.59 	22.07 	27.30 	31.57 	30.72 	: 	: 	: 
A,PER_CNV,FOR,P_HTHAB,PT	101.29 	98.03 	98.37 	96.68 	96.38 	77.48 	57.95 	62.19 	60.82 	57.78 	52.62 	53.91 	44.67 	58.77 	66.72 	65.99 
A,PER_CNV,FOR,P_HTHAB,RO	3.57 	2.71 	: 	: 	: 	: 	: 	: 	1.60 	2.15 	2.03 	2.02 	1.47 	1.57 	1.45 	1.39 
A,PER_CNV,FOR,P_HTHAB,RS	: 	: 	: 	: 	10.57 	7.90 	7.37 	10.29 	9.43 	14.35 	15.33 	10.58 	11.77 	15.27 	18.43 	18.69 
A,PER_CNV,FOR,P_HTHAB,SI	: 	: 	: 	: 	: 	: 	: 	59.72 	49.70 	69.22 	47.17 	61.22 	45.09 	41.54 	58.51 	39.25 
A,PER_CNV,FOR,P_HTHAB,SK	11.10 	10.16 	10.76 	10.64 	12.43 	13.08 	12.85 	14.20 	15.19 	16.25 	19.07 	17.45 	14.66 	14.96 	18.05 	21.96 
A,PER_CNV,FOR,P_HTHAB,TR	: 	8.95 	8.68 	10.36 	11.86 	4.50 	6.89 	7.72 	6.38 	7.31 	11.82 	13.66 	13.13 	19.91 	19.40 	19.94 
A,PER_CNV,FOR,P_HTHAB,XK	4.41 	3.39 	4.35 	6.13 	: 	: 	: 	: 	2.09 	2.02 	1.78 	2.45 	: 	: 	: 	: 
A,PER_CNV,NAT,NR,AT	27235 	26559 	26332 	24836 	23746 	22317 	20770 	19261 	17930 	17745 	15622 	15619 	14051 	13936 	14052 	13754 
A,PER_CNV,NAT,NR,BA	: 	: 	: 	15670 	17803 	18974 	: 	: 	: 	: 	: 	: 	: 	: 	: 	: 
A,PER_CNV,NAT,NR,BE	: 	: 	114277 	113046 	126993 	105585 	85360 	94167 	: 	172333 	164218 	146013 	114564 	: 	: 	: 
A,PER_CNV,NAT,NR,BG	35234 	39848 	36784 	39434 	36065 	30649 	26998 	24516 	26020 	24335 	22762 	22212 	20878 	22255 	21532 	20731 
A,PER_CNV,NAT,NR,CH	51529 	51709 	53337 	48760 	50248 	46270 	47503 	47641 	46897 	45218 	45686 	43668 	43668 	44322 	45309 	44619 
A,PER_CNV,NAT,NR,CZ	70253 	68459 	65798 	65307 	66558 	73056 	68048 	60692 	56255 	50577 	49136 	49751 	43837 	44646 	44739 	45003 
A,PER_CNV,NAT,NR,DE	701049 	675205 	643599 	630240 	596959 	570896 	554109 	529884 	506311 	482979 	470027 	472983 	451612 	423435 	408721 	401232 
A,PER_CNV,NAT,NR,DK	: 	: 	: 	: 	: 	: 	173041 	165574 	159631 	148274 	149799 	39939 	45176 	41999 	41151 	44266 
A,PER_CNV,NAT,NR,EL	: 	: 	: 	: 	: 	: 	: 	: 	: 	: 	: 	: 	: 	3207 	3080 	2898 
A,PER_CNV,NAT,NR,ES	: 	0 	: 	: 	: 	: 	178519 	181946 	218904 	231555 	229857 	226537 	174839 	223050 	241419 	212918 
A,PER_CNV,NAT,NR,FI	218246 	188187 	184769 	180642 	169883 	162416 	153440 	160291 	136526 	71638 	72108 	72064 	71317 	72035 	68466 	69103 
A,PER_CNV,NAT,NR,FR	534134 	544399 	537505 	535268 	560447 	554365 	487673 	486479 	396495 	394048 	462499 	463589 	386101 	444485 	416886 	428304 
A,PER_CNV,NAT,NR,HR	23675 	25040 	: 	22893 	20320 	16495 	14829 	12535 	13350 	11933 	11647 	12522 	11233 	11789 	11738 	10628 
A,PER_CNV,NAT,NR,HU	81521 	83959 	86294 	83159 	73437 	68603 	74120 	68820 	67298 	66272 	64202 	61512 	51450 	52199 	51939 	51258 
A,PER_CNV,NAT,NR,IT	174308 	167851 	165759 	174453 	173456 	172499 	155954 	149073 	131533 	129702 	142690 	: 	: 	: 	: 	: 
A,PER_CNV,NAT,NR,LU	: 	: 	: 	: 	: 	: 	: 	: 	3338 	3516 	3057 	2917 	3064 	3047 	2462 	2559 
A,PER_CNV,NAT,NR,LV	10871 	10566 	9515 	9079 	8813 	8478 	9041 	9309 	8615 	8970 	8338 	7888 	6930 	6661 	4630 	4017 
A,PER_CNV,NAT,NR,ME	: 	969 	648 	1089 	1398 	1145 	1387 	: 	: 	: 	: 	: 	: 	: 	: 	: 
A,PER_CNV,NAT,NR,MK	: 	: 	: 	: 	: 	: 	: 	: 	: 	2686 	: 	4946 	6588 	7850 	7872 	6693 
A,PER_CNV,NAT,NR,NO	: 	: 	: 	51804 	49645 	51239 	48745 	50149 	48202 	45782 	11797 	11884 	11546 	11083 	10355 	10230 
A,PER_CNV,NAT,NR,PL	442449 	434946 	448471 	439742 	422027 	365428 	304957 	265129 	291530 	242714 	275154 	284911 	249897 	: 	: 	: 
A,PER_CNV,NAT,NR,PT	77172 	67939 	67399 	67619 	69065 	63037 	46818 	53010 	50649 	46011 	41273 	39772 	30710 	36582 	38894 	35343 
A,PER_CNV,NAT,NR,RO	36058 	33672 	: 	: 	: 	: 	: 	: 	32404 	34973 	31808 	33291 	31199 	35016 	32630 	31175 
A,PER_CNV,NAT,NR,RS	: 	: 	: 	: 	32861 	34147 	36736 	34257 	33724 	32296 	30165 	28957 	25600 	27568 	25777 	26961 
A,PER_CNV,NAT,NR,SI	: 	: 	: 	: 	: 	: 	: 	7009 	5980 	5091 	5349 	4982 	4062 	5098 	4334 	4427 
A,PER_CNV,NAT,NR,SK	28084 	30406 	30599 	29536 	34405 	35371 	32914 	28921 	26384 	25447 	28347 	27480 	24592 	22825 	24273 	22764 
A,PER_CNV,NAT,NR,TR	: 	1281933 	1206918 	1229807 	1457180 	491773 	484830 	513321 	453811 	439345 	545611 	581088 	481335 	675634 	665912 	665230 
A,PER_CNV,NAT,NR,XK	13159 	13341 	9829 	18257 	20893 	15748 	18271 	16827 	18514 	19518 	20402 	17957 	: 	: 	: 	: 
A,PER_CNV,NAT,P_HTHAB,AT	327.82 	318.64 	315.29 	296.54 	282.42 	264.05 	244.16 	224.59 	206.08 	202.27 	177.07 	176.31 	157.86 	156.01 	156.50 	151.06 
A,PER_CNV,NAT,P_HTHAB,BA	: 	: 	: 	407.73 	463.71 	: 	: 	: 	: 	: 	: 	: 	: 	: 	: 	: 
A,PER_CNV,NAT,P_HTHAB,BE	: 	: 	1054.23 	1027.63 	1144.61 	945.96 	763.45 	837.99 	: 	1518.12 	1440.69 	1274.61 	994.27 	: 	: 	: 
A,PER_CNV,NAT,P_HTHAB,BG	468.66 	533.65 	495.62 	535.10 	492.21 	420.74 	372.61 	340.40 	363.72 	342.66 	322.86 	317.31 	300.34 	321.76 	332.16 	321.53 
A,PER_CNV,NAT,P_HTHAB,CH	678.59 	671.38 	685.05 	619.56 	631.68 	575.56 	583.60 	578.33 	563.18 	537.06 	538.49 	511.06 	507.41 	511.19 	518.48 	506.15 
A,PER_CNV,NAT,P_HTHAB,CZ	679.20 	656.63 	628.92 	622.76 	633.56 	694.70 	647.31 	575.92 	533.03 	478.10 	463.11 	467.15 	409.92 	425.41 	425.41 	415.63 
A,PER_CNV,NAT,P_HTHAB,DE	852.67 	823.40 	786.77 	785.62 	743.15 	708.98 	686.05 	652.59 	616.13 	585.28 	567.72 	569.73 	543.02 	509.21 	491.03 	482.72 
A,PER_CNV,NAT,P_HTHAB,DK	: 	: 	: 	: 	: 	: 	3075.06 	2925.48 	2796.99 	2579.23 	2591.14 	687.88 	775.85 	719.16 	700.63 	746.14 
A,PER_CNV,NAT,P_HTHAB,EL	: 	: 	: 	: 	: 	: 	: 	: 	: 	: 	: 	: 	: 	30.03 	29.45 	27.83 
A,PER_CNV,NAT,P_HTHAB,ES	: 	0.00 	: 	: 	: 	: 	383.81 	391.71 	471.37 	497.67 	492.64 	482.64 	369.38 	470.58 	508.39 	442.79 
A,PER_CNV,NAT,P_HTHAB,FI	4117.47 	3533.16 	3452.71 	3360.61 	3145.24 	2992.92 	2814.76 	2929.43 	2488.03 	1301.73 	1307.93 	1306.00 	1290.74 	1301.73 	1234.01 	1241.97 
A,PER_CNV,NAT,P_HTHAB,FR	834.49 	845.99 	831.29 	823.76 	858.57 	845.06 	737.04 	732.01 	594.99 	589.81 	690.03 	690.09 	572.22 	656.27 	612.24 	627.30 
A,PER_CNV,NAT,P_HTHAB,HR	549.05 	581.00 	: 	533.65 	475.21 	387.01 	349.18 	296.66 	318.56 	287.25 	283.69 	307.19 	276.80 	292.07 	303.91 	275.99 
A,PER_CNV,NAT,P_HTHAB,HU	811.53 	837.00 	861.71 	832.78 	739.40 	692.34 	750.40 	698.29 	684.58 	676.41 	656.57 	629.42 	530.99 	540.84 	540.45 	533.95 
A,PER_CNV,NAT,P_HTHAB,IT	297.19 	284.49 	280.04 	293.87 	292.04 	289.01 	256.58 	245.20 	216.82 	214.07 	235.91 	: 	: 	: 	: 	: 
A,PER_CNV,NAT,P_HTHAB,LU	: 	: 	: 	: 	: 	: 	: 	: 	579.26 	595.26 	507.80 	475.16 	489.37 	480.05 	381.47 	387.25 
A,PER_CNV,NAT,P_HTHAB,LV	495.98 	488.53 	448.71 	437.63 	430.99 	418.91 	451.72 	468.71 	437.54 	459.97 	431.04 	410.84 	363.27 	351.83 	246.83 	213.33 
A,PER_CNV,NAT,P_HTHAB,ME	: 	157.01 	104.68 	175.69 	225.37 	184.41 	223.16 	: 	: 	: 	: 	: 	: 	: 	: 	: 
A,PER_CNV,NAT,P_HTHAB,MK	: 	: 	: 	: 	: 	: 	: 	: 	: 	129.53 	: 	238.12 	317.30 	379.45 	428.50 	365.75 
A,PER_CNV,NAT,P_HTHAB,NO	: 	: 	: 	1052.80 	995.71 	1014.38 	954.29 	970.66 	925.05 	870.66 	222.77 	223.04 	215.11 	205.57 	190.87 	186.37 
A,PER_CNV,NAT,P_HTHAB,PL	1160.81 	1140.52 	1179.48 	1155.31 	1108.74 	960.07 	802.14 	697.60 	767.85 	639.18 	724.53 	750.30 	658.35 	: 	: 	: 
A,PER_CNV,NAT,P_HTHAB,PT	731.26 	643.18 	637.43 	639.56 	655.12 	601.08 	448.99 	510.95 	489.77 	446.29 	401.06 	387.01 	295.99 	351.94 	373.22 	336.07 
A,PER_CNV,NAT,P_HTHAB,RO	174.74 	164.73 	: 	: 	: 	: 	: 	: 	163.98 	178.03 	162.84 	171.48 	161.41 	182.36 	171.35 	163.61 
A,PER_CNV,NAT,P_HTHAB,RS	: 	: 	: 	: 	455.35 	475.49 	514.02 	481.52 	476.57 	458.73 	430.84 	415.82 	369.58 	401.19 	379.23 	405.97 
A,PER_CNV,NAT,P_HTHAB,SI	: 	: 	: 	: 	: 	: 	: 	339.77 	289.70 	246.43 	258.80 	239.41 	193.81 	241.73 	205.68 	209.12 
A,PER_CNV,NAT,P_HTHAB,SK	522.39 	564.92 	567.66 	547.73 	636.62 	653.71 	607.72 	533.47 	486.23 	468.18 	520.79 	504.18 	450.58 	418.06 	446.63 	419.32 
A,PER_CNV,NAT,P_HTHAB,TR	: 	1792.48 	1663.31 	1668.15 	1950.08 	650.26 	632.38 	660.68 	576.33 	550.46 	675.17 	708.61 	578.84 	808.04 	786.38 	780.06 
A,PER_CNV,NAT,P_HTHAB,XK	611.15 	611.78 	445.13 	1017.57 	: 	: 	: 	: 	1045.04 	1094.35 	1134.39 	1000.02 	: 	: 	: 	: 
A,PER_CNV,TOTAL,NR,AL	8009 	7670 	8510 	9754 	9562 	8577 	13618 	16141 	14614 	10911 	11614 	11052 	9853 	12603 	11422 	8856 
A,PER_CNV,TOTAL,NR,AT	38226 	37868 	38394 	36461 	35541 	34424 	32980 	32118 	30450 	30746 	27655 	27284 	23716 	23731 	24466 	25033 
A,PER_CNV,TOTAL,NR,BA	16951 	17707 	17294 	15709 	17846 	19015 	18442 	17471 	16592 	15036 	14447 	13616 	10702 	11356 	10770 	10702 
A,PER_CNV,TOTAL,NR,BE	: 	: 	140990 	142882 	163323 	141857 	117534 	132122 	43578 	238286 	229599 	202990 	159957 	: 	: 	: 
A,PER_CNV,TOTAL,NR,BG	36137 	40872 	39070 	41013 	37996 	34113 	31849 	27787 	28301 	25800 	23973 	23389 	21889 	24121 	24047 	23037 
A,PER_CNV,TOTAL,NR,CH	100048 	102526 	106935 	101903 	109123 	107099 	108877 	108819 	108393 	105156 	106185 	97170 	97170 	98912 	103444 	105916 
A,PER_CNV,TOTAL,NR,CY	63775 	62466 	75693 	86813 	71545 	60819 	68708 	54095 	45324 	43477 	39502 	39975 	35541 	33563 	36984 	: 
A,PER_CNV,TOTAL,NR,CZ	75882 	73787 	70651 	70160 	71471 	77976 	72825 	65569 	61423 	55705 	54448 	55594 	45558 	49647 	50227 	51399 
A,PER_CNV,TOTAL,NR,DE	874691 	844520 	813266 	807815 	773901 	755938 	748782 	739487 	737873 	716044 	712338 	728868 	699269 	662100 	647374 	656901 
A,PER_CNV,TOTAL,NR,DK	163095 	173255 	183599 	200452 	209632 	206214 	209388 	195172 	189750 	177935 	182804 	51439 	56280 	52837 	52678 	57224 
A,PER_CNV,TOTAL,NR,EE	11574 	7881 	9131 	9992 	9638 	8477 	7670 	7375 	7619 	6714 	5702 	5703 	4949 	4569 	3837 	: 
A,PER_CNV,TOTAL,NR,EL	: 	: 	: 	: 	: 	: 	: 	: 	: 	: 	: 	: 	: 	5426 	4764 	4294 
A,PER_CNV,TOTAL,NR,ES	241743 	257148 	248313 	256391 	253715 	245820 	233875 	236843 	284454 	298979 	300301 	301043 	232675 	295805 	322650 	293344 
A,PER_CNV,TOTAL,NR,FI	237782 	206430 	206070 	202922 	191015 	182679 	173056 	181694 	156034 	82427 	82822 	82956 	80692 	80740 	77562 	78807 
A,PER_CNV,TOTAL,NR,FR	703695 	703853 	682489 	663417 	679219 	667579 	578482 	574475 	468583 	466980 	546279 	549552 	458259 	530201 	504379 	517857 
A,PER_CNV,TOTAL,NR,HR	25126 	26355 	25355 	24203 	21174 	17162 	15452 	12972 	13777 	12424 	12168 	13295 	11902 	12550 	12629 	11523 
A,PER_CNV,TOTAL,NR,HU	84457 	86901 	89343 	85110 	75291 	70326 	76317 	71738 	71686 	68735 	66681 	64043 	53850 	54936 	55407 	55676 
A,PER_CNV,TOTAL,NR,IE	: 	3146 	3308 	3182 	: 	: 	: 	: 	: 	: 	: 	: 	: 	: 	: 	: 
A,PER_CNV,TOTAL,NR,IT	260375 	252076 	254384 	266039 	259923 	246980 	226939 	220903 	198177 	194720 	215991 	: 	: 	: 	: 	: 
A,PER_CNV,TOTAL,NR,LT	12788 	13050 	13992 	13697 	16631 	19530 	20358 	17273 	15508 	18058 	19779 	17564 	16060 	15010 	14959 	14717 
A,PER_CNV,TOTAL,NR,LU	: 	: 	: 	: 	: 	: 	: 	: 	8433 	9546 	8205 	7582 	7504 	8032 	5954 	6576 
A,PER_CNV,TOTAL,NR,LV	10979 	10702 	9626 	9194 	8942 	8626 	9213 	9558 	8945 	9262 	8587 	8099 	7093 	6849 	4951 	4306 
A,PER_CNV,TOTAL,NR,ME	: 	: 	673 	1121 	1444 	3238 	3111 	2755 	3712 	3528 	3344 	3611 	3703 	3535 	3002 	2724 
A,PER_CNV,TOTAL,NR,MK	10218 	10549 	9716 	10532 	9598 	10012 	12144 	: 	: 	2769 	: 	5016 	6701 	8016 	8031 	6835 
A,PER_CNV,TOTAL,NR,NL	115051 	114849 	98150 	93362 	87879 	92190 	88878 	91446 	81799 	82070 	78546 	76827 	59444 	62103 	62543 	66894 
A,PER_CNV,TOTAL,NR,NO	66503 	64165 	66983 	64681 	63428 	67048 	63859 	65196 	62343 	59724 	14910 	14733 	14253 	13502 	12819 	12707 
A,PER_CNV,TOTAL,NR,PL	447686 	440225 	455649 	446271 	429087 	372343 	311741 	272271 	300867 	251093 	285522 	296898 	261556 	: 	: 	: 
A,PER_CNV,TOTAL,NR,PT	87861 	78266 	77776 	77811 	79212 	71171 	52861 	59462 	56939 	51968 	46688 	45312 	35345 	42691 	45847 	42283 
A,PER_CNV,TOTAL,NR,RO	36795 	34226 	41891 	47577 	49188 	47133 	40832 	42276 	32720 	35396 	32204 	33683 	31483 	35317 	32907 	31439 
A,PER_CNV,TOTAL,NR,RS	44367 	42782 	23321 	33097 	33624 	34889 	37410 	35115 	34557 	33392 	31298 	29788 	26726 	28891 	27413 	28373 
A,PER_CNV,TOTAL,NR,SE	69454 	71715 	74510 	73680 	71110 	64391 	60662 	59344 	56659 	57372 	60565 	62708 	68996 	74581 	76636 	80008 
A,PER_CNV,TOTAL,NR,SI	9228 	8453 	8423 	7965 	8825 	11758 	9729 	8241 	7006 	6521 	6324 	6256 	5007 	5974 	5567 	5258 
A,PER_CNV,TOTAL,NR,SK	28681 	30953 	31179 	30110 	35077 	36079 	33610 	29691 	27208 	26330 	29385 	28431 	25392 	23642 	25254 	23963 
A,PER_CNV,TOTAL,NR,TR	: 	1288334 	1213217 	1237448 	1514825 	500608 	492869 	521213 	459195 	445436 	555369 	592398 	492323 	692281 	682380 	682243 
A,PER_CNV,TOTAL,NR,UKC-L	1355146 	1399856 	1359715 	1306509 	1224976 	1172953 	1211152 	1241080 	1231726 	: 	: 	: 	: 	: 	: 	: 
A,PER_CNV,TOTAL,NR,UKM	60399 	56428 	54766 	53249 	48105 	45659 	: 	: 	: 	82716 	: 	: 	: 	: 	: 	: 
A,PER_CNV,TOTAL,NR,UKN	39018 	39539 	39628 	40538 	38914 	35276 	26607 	24379 	22956 	23630 	24921 	: 	: 	: 	: 	: 
A,PER_CNV,TOTAL,NR,XK	13254 	13415 	9925 	18367 	20990 	15832 	18330 	16907 	18554 	19519 	20434 	18001 	: 	: 	: 	: 
A,PER_CNV,TOTAL,P_HTHAB,AL	252.64 	240.83 	: 	344.45 	: 	: 	470.24 	559.33 	508.21 	379.30 	404.62 	386.11 	346.21 	445.38 	408.86 	320.66 
A,PER_CNV,TOTAL,P_HTHAB,AT	460.11 	454.32 	459.72 	435.35 	422.70 	407.29 	387.69 	374.50 	349.98 	350.47 	313.47 	307.99 	266.44 	265.67 	272.48 	274.94 
A,PER_CNV,TOTAL,P_HTHAB,BA	440.99 	460.64 	449.89 	408.75 	464.83 	: 	: 	: 	: 	: 	: 	: 	: 	: 	: 	: 
A,PER_CNV,TOTAL,P_HTHAB,BE	: 	: 	1300.66 	1298.85 	1472.06 	1270.93 	1051.21 	1175.75 	385.27 	2099.12 	2014.28 	1771.98 	1388.22 	: 	: 	: 
A,PER_CNV,TOTAL,P_HTHAB,BG	480.67 	547.36 	526.42 	556.53 	518.56 	468.29 	439.56 	385.81 	395.61 	363.29 	340.04 	334.13 	314.88 	348.74 	370.95 	357.29 
A,PER_CNV,TOTAL,P_HTHAB,CH	1317.55 	1331.19 	1373.46 	1294.81 	1371.81 	1332.23 	1337.62 	1320.99 	1301.69 	1248.95 	1251.57 	1137.22 	1129.09 	1140.81 	1183.73 	1201.49 
A,PER_CNV,TOTAL,P_HTHAB,CY	8214.90 	7838.33 	9240.54 	10337.95 	8299.78 	7023.97 	8007.93 	6386.60 	5342.80 	5086.21 	4570.74 	4563.88 	4002.34 	3745.84 	4087.96 	: 
A,PER_CNV,TOTAL,P_HTHAB,CZ	733.63 	707.74 	675.30 	669.04 	680.32 	741.49 	692.75 	622.20 	582.00 	526.57 	513.17 	522.02 	426.02 	473.06 	477.59 	474.71 
A,PER_CNV,TOTAL,P_HTHAB,DE	1063.87 	1029.87 	994.19 	1006.97 	963.43 	938.78 	927.08 	910.73 	897.92 	867.70 	860.39 	877.95 	840.80 	796.22 	777.75 	790.32 
A,PER_CNV,TOTAL,P_HTHAB,DK	2978.47 	3143.55 	3317.21 	3604.84 	3756.50 	3680.67 	3720.97 	3448.44 	3324.72 	3095.18 	3162.05 	885.95 	966.55 	904.74 	896.89 	964.56 
A,PER_CNV,TOTAL,P_HTHAB,EE	864.74 	590.01 	684.85 	751.47 	727.28 	642.11 	582.91 	560.89 	578.98 	510.32 	432.25 	430.47 	372.39 	343.52 	288.11 	: 
A,PER_CNV,TOTAL,P_HTHAB,EL	: 	: 	: 	: 	: 	: 	: 	: 	: 	: 	: 	: 	: 	50.81 	45.55 	41.23 
A,PER_CNV,TOTAL,P_HTHAB,ES	529.34 	556.12 	534.16 	549.40 	541.92 	526.07 	502.83 	509.89 	612.52 	642.58 	643.62 	641.38 	491.57 	624.08 	679.45 	610.05 
A,PER_CNV,TOTAL,P_HTHAB,FI	4486.04 	3875.66 	3850.75 	3775.10 	3536.49 	3366.32 	3174.60 	3320.58 	2843.54 	1497.77 	1502.27 	1503.39 	1460.41 	1459.04 	1397.96 	1416.38 
A,PER_CNV,TOTAL,P_HTHAB,FR	1099.40 	1093.78 	1055.52 	1020.98 	1040.52 	1017.65 	874.29 	864.42 	703.17 	698.97 	815.02 	818.06 	679.17 	782.83 	740.73 	758.46 
A,PER_CNV,TOTAL,P_HTHAB,HR	582.70 	611.51 	589.26 	564.19 	495.18 	402.66 	363.85 	307.01 	328.75 	299.07 	296.38 	326.16 	293.29 	310.92 	326.98 	299.23 
A,PER_CNV,TOTAL,P_HTHAB,HU	840.75 	866.33 	892.15 	852.32 	758.07 	709.73 	772.65 	727.89 	729.22 	701.55 	681.92 	655.32 	555.76 	569.20 	576.53 	579.97 
A,PER_CNV,TOTAL,P_HTHAB,IE	: 	69.58 	72.71 	69.61 	: 	: 	: 	: 	: 	: 	: 	: 	: 	: 	: 	: 
A,PER_CNV,TOTAL,P_HTHAB,IT	443.93 	427.24 	429.77 	448.14 	437.62 	413.80 	373.36 	363.35 	326.67 	321.38 	357.10 	: 	: 	: 	: 	: 
A,PER_CNV,TOTAL,P_HTHAB,LT	398.06 	409.88 	445.32 	448.70 	553.69 	657.15 	691.63 	591.29 	536.88 	634.08 	704.15 	628.59 	574.78 	536.90 	533.11 	515.07 
A,PER_CNV,TOTAL,P_HTHAB,LU	: 	: 	: 	: 	: 	: 	: 	: 	1463.43 	1616.14 	1362.95 	1235.07 	1198.52 	1265.42 	922.53 	995.14 
A,PER_CNV,TOTAL,P_HTHAB,LV	500.91 	494.81 	453.95 	443.17 	437.30 	426.22 	460.31 	481.25 	454.30 	474.95 	443.92 	421.83 	371.81 	361.76 	263.95 	228.68 
A,PER_CNV,TOTAL,P_HTHAB,ME	: 	: 	108.72 	180.85 	232.79 	521.51 	500.55 	442.86 	596.58 	566.85 	537.31 	580.38 	595.46 	569.48 	486.01 	441.71 
A,PER_CNV,TOTAL,P_HTHAB,MK	499.61 	514.93 	473.32 	511.94 	465.97 	485.48 	587.87 	: 	: 	133.53 	: 	241.49 	322.74 	387.47 	437.15 	373.51 
A,PER_CNV,TOTAL,P_HTHAB,NL	701.30 	696.65 	592.16 	560.54 	525.27 	549.42 	528.12 	541.08 	481.76 	480.46 	457.17 	444.55 	341.48 	355.37 	355.55 	375.57 
A,PER_CNV,TOTAL,P_HTHAB,NO	1403.85 	1336.98 	1378.76 	1314.57 	1272.16 	1327.35 	1250.18 	1261.90 	1196.44 	1135.80 	281.55 	276.51 	265.54 	250.44 	236.28 	231.50 
A,PER_CNV,TOTAL,P_HTHAB,PL	1174.55 	1154.36 	1198.36 	1172.46 	1127.28 	978.24 	819.99 	716.40 	792.44 	661.24 	751.83 	781.87 	689.06 	: 	: 	: 
A,PER_CNV,TOTAL,P_HTHAB,PT	832.54 	740.94 	735.58 	735.96 	751.37 	678.64 	506.95 	573.14 	550.60 	504.08 	453.68 	440.92 	340.66 	410.72 	439.94 	402.06 
A,PER_CNV,TOTAL,P_HTHAB,RO	178.31 	167.44 	195.19 	222.18 	244.77 	235.43 	204.70 	212.76 	165.58 	180.19 	164.87 	173.49 	162.88 	183.93 	172.81 	164.99 
A,PER_CNV,TOTAL,P_HTHAB,RS	602.36 	583.26 	319.17 	456.41 	465.92 	485.82 	523.45 	493.58 	488.34 	474.30 	447.02 	427.76 	385.84 	420.44 	403.30 	427.23 
A,PER_CNV,TOTAL,P_HTHAB,SE	756.34 	774.77 	797.69 	782.53 	749.88 	673.84 	628.96 	608.82 	575.16 	574.00 	598.45 	612.97 	668.07 	718.56 	733.20 	760.42 
A,PER_CNV,TOTAL,P_HTHAB,SI	459.04 	415.92 	411.49 	388.50 	429.34 	571.10 	472.03 	399.49 	339.41 	315.65 	305.97 	300.64 	238.90 	283.27 	264.19 	248.37 
A,PER_CNV,TOTAL,P_HTHAB,SK	533.49 	575.08 	578.42 	558.37 	649.05 	666.79 	620.57 	547.67 	501.41 	484.42 	539.86 	521.63 	465.24 	433.02 	464.68 	441.41 
A,PER_CNV,TOTAL,P_HTHAB,TR	: 	1801.43 	1671.99 	1678.51 	2027.22 	661.94 	642.86 	670.84 	583.17 	558.09 	687.25 	722.40 	592.05 	827.95 	805.83 	800.01 
A,PER_CNV,TOTAL,P_HTHAB,UKC-L	2481.26 	2543.38 	2451.50 	2335.87 	2173.09 	2066.57 	2118.27 	2151.98 	2118.28 	: 	: 	: 	: 	: 	: 	: 
A,PER_CNV,TOTAL,P_HTHAB,UKM	1164.66 	1081.63 	1043.85 	1008.39 	906.57 	858.23 	: 	: 	: 	1527.61 	: 	: 	: 	: 	: 	: 
A,PER_CNV,TOTAL,P_HTHAB,UKN	2203.95 	2213.60 	2202.76 	2240.24 	2139.38 	1931.18 	1449.74 	1320.48 	1236.16 	1265.91 	1328.44 	: 	: 	: 	: 	: 
A,PER_CNV,TOTAL,P_HTHAB,XK	615.57 	615.17 	449.48 	1023.70 	: 	: 	: 	: 	1047.30 	1094.40 	1136.17 	1002.47 	: 	: 	: 	: 
A,PER_PRSC,FOR,NR,AL	: 	: 	: 	: 	: 	152 	125 	162 	140 	164 	241 	: 	: 	: 	: 	: 
A,PER_PRSC,FOR,NR,AT	: 	: 	: 	: 	: 	: 	: 	100954 	: 	: 	: 	: 	: 	: 	: 	: 
A,PER_PRSC,FOR,NR,BA	15 	20 	52 	76 	53 	36 	20 	: 	: 	: 	: 	: 	: 	: 	: 	: 
A,PER_PRSC,FOR,NR,BE	116565 	127744 	136707 	144324 	133973 	133694 	132371 	160137 	159976 	156271 	158898 	161605 	162394 	149751 	131511 	136806 
A,PER_PRSC,FOR,NR,CZ	6865 	6965 	6068 	6113 	6310 	6364 	6290 	6108 	6482 	6517 	6633 	6814 	5706 	5847 	7048 	8105 
A,PER_PRSC,FOR,NR,DK	7364 	8245 	8419 	9967 	13147 	12523 	12511 	15180 	14521 	14747 	17332 	17953 	17349 	16906 	18193 	18646 
A,PER_PRSC,FOR,NR,EL	: 	: 	: 	: 	: 	: 	: 	: 	: 	: 	: 	: 	: 	2355 	1885 	3009 
A,PER_PRSC,FOR,NR,FI	19970 	18739 	21937 	22977 	21852 	20833 	20132 	21714 	19471 	11114 	11037 	11101 	9597 	9033 	9404 	10061 
A,PER_PRSC,FOR,NR,FR	: 	: 	: 	92613 	104707 	104534 	105017 	561588 	106255 	100958 	117877 	120229 	105956 	120902 	131105 	127721 
A,PER_PRSC,FOR,NR,HR	: 	: 	: 	: 	: 	: 	27 	28 	38 	13 	11 	21 	19 	16 	6 	9 
A,PER_PRSC,FOR,NR,HU	3184 	3057 	3203 	3015 	2693 	2554 	2754 	3702 	5112 	2755 	: 	3238 	6998 	4249 	5747 	7001 
A,PER_PRSC,FOR,NR,IS	: 	: 	: 	193 	288 	326 	302 	329 	350 	502 	525 	720 	665 	511 	521 	550 
A,PER_PRSC,FOR,NR,IT	148065 	342558.6378 	334603.9745861 	341071.98 	328516.6916 	345002 	365291.882717456 	371027.837160504 	358893 	341638 	448529 	: 	: 	: 	: 	: 
A,PER_PRSC,FOR,NR,LI	: 	: 	: 	: 	: 	: 	: 	628 	619 	722 	625 	: 	858 	787 	1061 	968 
A,PER_PRSC,FOR,NR,LT	186 	203 	228 	211 	335 	512 	543 	479 	496 	556 	554 	563 	475 	542 	886 	874 
A,PER_PRSC,FOR,NR,LU	: 	: 	: 	: 	: 	: 	: 	12071 	10323 	12961 	7009 	7281 	6068 	6294 	6540 	6820 
A,PER_PRSC,FOR,NR,LV	: 	: 	: 	: 	249 	314 	331 	471 	545 	410 	394 	339 	357 	359 	419 	513 
A,PER_PRSC,FOR,NR,ME	978 	796 	712 	724 	684 	572 	: 	: 	: 	: 	: 	: 	: 	: 	: 	: 
A,PER_PRSC,FOR,NR,MK	: 	: 	: 	: 	: 	: 	: 	: 	: 	: 	: 	239 	150 	135 	182 	255 
A,PER_PRSC,FOR,NR,MT	: 	: 	: 	: 	: 	: 	: 	844 	: 	: 	: 	: 	: 	: 	: 	: 
A,PER_PRSC,FOR,NR,NO	11338 	11903 	12739 	13310 	13987 	15367 	15309 	14657 	14734 	13776 	12850 	12407 	11135 	9961 	9863 	9739 
A,PER_PRSC,FOR,NR,PT	15302 	14590 	14759 	14387 	14487 	12905 	9041 	10239 	9750 	9157 	8149 	7981 	6601 	8740 	9661 	9655 
A,PER_PRSC,FOR,NR,RO	1098 	835 	856 	810 	710 	581 	991 	1222 	894 	760 	673 	614 	609 	558 	595 	680 
A,PER_PRSC,FOR,NR,SI	: 	: 	: 	: 	: 	: 	400 	433 	412 	362 	329 	583 	347 	856 	862 	860 
A,PER_PRSC,FOR,NR,SK	: 	: 	1059 	1111 	1235 	1258 	3207 	917 	681 	1308 	1369 	1267 	1144 	1075 	1291 	1500 
A,PER_PRSC,FOR,NR,TR	: 	31182 	30614 	27886 	26695 	31709 	46816 	57475 	52575 	68394 	94448 	135323 	114003 	147230 	197949 	237804 
A,PER_PRSC,FOR,P_HTHAB,AL	: 	: 	: 	: 	: 	: 	4.31 	5.60 	4.87 	5.70 	8.40 	: 	: 	: 	: 	: 
A,PER_PRSC,FOR,P_HTHAB,AT	: 	: 	: 	: 	: 	: 	: 	1177.13 	: 	: 	: 	: 	: 	: 	: 	: 
A,PER_PRSC,FOR,P_HTHAB,BA	0.39 	0.52 	1.35 	1.98 	1.38 	: 	: 	: 	: 	: 	: 	: 	: 	: 	: 	: 
A,PER_PRSC,FOR,P_HTHAB,BE	1092.78 	1187.98 	1261.15 	1311.96 	1207.52 	1197.80 	1183.91 	1425.05 	1414.33 	1376.63 	1394.01 	1410.72 	1409.37 	1296.01 	1132.00 	1165.02 
A,PER_PRSC,FOR,P_HTHAB,CZ	66.37 	66.81 	58.00 	58.29 	60.06 	60.52 	59.83 	57.96 	61.42 	61.60 	62.52 	63.98 	53.36 	55.71 	67.02 	74.86 
A,PER_PRSC,FOR,P_HTHAB,DK	134.48 	149.59 	152.11 	179.24 	235.58 	223.52 	222.33 	268.21 	254.43 	256.52 	299.80 	309.21 	297.95 	289.48 	309.75 	314.29 
A,PER_PRSC,FOR,P_HTHAB,EL	: 	: 	: 	: 	: 	: 	: 	: 	: 	: 	: 	: 	: 	22.05 	18.02 	28.89 
A,PER_PRSC,FOR,P_HTHAB,FI	376.76 	351.82 	409.93 	427.46 	404.57 	383.90 	369.31 	396.84 	354.84 	201.95 	200.19 	201.18 	173.69 	163.23 	169.50 	180.82 
A,PER_PRSC,FOR,P_HTHAB,FR	: 	: 	: 	142.53 	160.40 	159.35 	158.72 	845.02 	159.45 	151.11 	175.87 	178.97 	157.03 	178.51 	192.54 	187.06 
A,PER_PRSC,FOR,P_HTHAB,HR	: 	: 	: 	: 	: 	: 	0.64 	0.66 	0.91 	0.31 	0.27 	0.52 	0.47 	0.40 	0.16 	0.23 
A,PER_PRSC,FOR,P_HTHAB,HU	31.70 	30.48 	31.98 	30.19 	27.11 	25.78 	27.88 	37.56 	52.00 	28.12 	: 	33.13 	72.22 	44.02 	59.80 	72.93 
A,PER_PRSC,FOR,P_HTHAB,IS	: 	: 	: 	60.61 	90.12 	101.29 	92.73 	99.97 	105.25 	148.37 	150.67 	201.69 	182.63 	138.56 	138.47 	141.84 
A,PER_PRSC,FOR,P_HTHAB,IT	252.44 	580.60 	565.30 	574.54 	553.11 	578.04 	600.98 	610.29 	591.59 	563.86 	741.57 	: 	: 	: 	: 	: 
A,PER_PRSC,FOR,P_HTHAB,LI	: 	: 	: 	: 	: 	: 	: 	1680.67 	1645.31 	1909.55 	1639.82 	: 	2214.36 	2015.11 	2699.20 	2439.70 
A,PER_PRSC,FOR,P_HTHAB,LT	5.79 	6.38 	7.26 	6.91 	11.15 	17.23 	18.45 	16.40 	17.17 	19.52 	19.72 	20.15 	16.90 	19.28 	31.58 	30.59 
A,PER_PRSC,FOR,P_HTHAB,LU	: 	: 	: 	: 	: 	: 	: 	2144.21 	1791.41 	2194.30 	1164.28 	1186.04 	969.16 	991.60 	1013.33 	1032.07 
A,PER_PRSC,FOR,P_HTHAB,LV	: 	: 	: 	: 	12.18 	15.52 	16.54 	23.71 	27.68 	21.02 	20.37 	17.66 	18.71 	18.96 	22.34 	27.24 
A,PER_PRSC,FOR,P_HTHAB,ME	158.88 	128.98 	115.02 	116.80 	110.27 	92.13 	: 	: 	: 	: 	: 	: 	: 	: 	: 	: 
A,PER_PRSC,FOR,P_HTHAB,MK	: 	: 	: 	: 	: 	: 	: 	: 	: 	: 	: 	11.51 	7.22 	6.53 	9.91 	13.93 
A,PER_PRSC,FOR,P_HTHAB,MT	: 	: 	: 	: 	: 	: 	: 	196.58 	: 	: 	: 	: 	: 	: 	: 	: 
A,PER_PRSC,FOR,P_HTHAB,NO	239.34 	248.02 	262.22 	270.51 	280.53 	304.22 	299.71 	283.69 	282.76 	261.98 	242.65 	232.85 	207.45 	184.76 	181.80 	177.43 
A,PER_PRSC,FOR,P_HTHAB,PT	145.00 	138.12 	139.59 	136.08 	137.42 	123.05 	86.71 	98.69 	94.28 	88.82 	79.19 	77.66 	63.62 	84.08 	92.71 	91.81 
A,PER_PRSC,FOR,P_HTHAB,RO	5.32 	4.09 	3.99 	3.78 	3.53 	2.90 	4.97 	6.15 	4.52 	3.87 	3.45 	3.16 	3.15 	2.91 	3.12 	3.57 
A,PER_PRSC,FOR,P_HTHAB,SI	: 	: 	: 	: 	: 	: 	19.41 	20.99 	19.96 	17.52 	15.92 	28.02 	16.56 	40.59 	40.91 	40.62 
A,PER_PRSC,FOR,P_HTHAB,SK	: 	: 	19.65 	20.60 	22.85 	23.25 	59.21 	16.91 	12.55 	24.06 	25.15 	23.25 	20.96 	19.69 	23.75 	27.63 
A,PER_PRSC,FOR,P_HTHAB,TR	: 	43.60 	42.19 	37.83 	35.72 	41.93 	61.06 	73.97 	66.77 	85.69 	116.88 	165.02 	137.10 	176.08 	233.76 	278.85 
A,PER_PRSC,NAT,NR,AL	: 	: 	: 	: 	: 	12043 	19322 	19721 	: 	: 	16008 	: 	: 	: 	: 	: 
A,PER_PRSC,NAT,NR,AT	: 	: 	: 	: 	: 	: 	: 	169335 	: 	: 	: 	: 	: 	: 	: 	: 
A,PER_PRSC,NAT,NR,BA	20935 	19253 	19353 	21178 	21538 	20230 	20287 	: 	: 	: 	: 	: 	: 	: 	: 	: 
A,PER_PRSC,NAT,NR,BE	456573 	467799 	465287 	459335 	419445 	410810 	411825 	401708 	387156 	383543 	388273 	416852 	489535 	466154 	429120 	430599 
A,PER_PRSC,NAT,NR,CZ	103545 	106250 	95065 	96654 	96869 	99314 	97118 	85364 	78364 	70703 	70090 	70507 	62164 	58534 	61381 	62336 
A,PER_PRSC,NAT,NR,DK	51157 	53708 	52952 	63328 	82892 	69614 	65521 	81069 	75059 	71917 	82027 	81311 	80343 	71217 	77877 	75439 
A,PER_PRSC,NAT,NR,EL	: 	: 	: 	: 	: 	: 	: 	: 	: 	: 	: 	: 	: 	5876 	4952 	7612 
A,PER_PRSC,NAT,NR,FI	221978 	191717 	188099 	184087 	173420 	165862 	156616 	162220 	139336 	74406 	75102 	74914 	73803 	75141 	71521 	72429 
A,PER_PRSC,NAT,NR,FR	: 	: 	: 	574617 	570995 	565673 	562365 	104460 	579065 	573438 	580986 	575578 	499057 	532115 	529375 	540315 
A,PER_PRSC,NAT,NR,HR	: 	: 	: 	: 	: 	: 	1923 	1713 	1494 	1561 	1185 	1192 	1060 	984 	1049 	1087 
A,PER_PRSC,NAT,NR,HU	89522 	89583 	96879 	85017 	74072 	76478 	76955 	71592 	68801 	65518 	: 	105231 	104609 	114878 	110830 	118067 
A,PER_PRSC,NAT,NR,IS	: 	: 	: 	1764 	2323 	2511 	2187 	2066 	1983 	1784 	1907 	2064 	1978 	1653 	1491 	1114 
A,PER_PRSC,NAT,NR,IT	415883 	1235390.362 	1226933.025413 	1201982.0 	1216992.308 	1233133 	1283173.11728254 	1239103.1628395 	1187719 	1082761 	1413069 	: 	: 	: 	: 	: 
A,PER_PRSC,NAT,NR,LI	: 	: 	: 	: 	: 	: 	: 	380 	345 	366 	426 	: 	426 	428 	332 	166 
A,PER_PRSC,NAT,NR,LT	16381 	17407 	18047 	18225 	19948 	22433 	22199 	19182 	17116 	24343 	20574 	18456 	17548 	15736 	15257 	14930 
A,PER_PRSC,NAT,NR,LU	: 	: 	: 	: 	: 	: 	: 	6808 	5909 	4758 	3434 	3661 	3400 	3492 	3676 	3967 
A,PER_PRSC,NAT,NR,LV	: 	: 	: 	: 	8262 	9133 	8833 	9589 	10068 	9375 	8981 	9069 	8876 	8452 	8129 	8329 
A,PER_PRSC,NAT,NR,ME	7443 	7193 	6603 	6120 	5901 	6014 	: 	: 	: 	: 	: 	: 	: 	: 	: 	: 
A,PER_PRSC,NAT,NR,MK	: 	: 	: 	: 	: 	: 	: 	: 	: 	: 	: 	12541 	14164 	12687 	12720 	11752 
A,PER_PRSC,NAT,NR,MT	: 	: 	: 	: 	: 	: 	: 	1853 	: 	: 	: 	: 	: 	: 	: 	: 
A,PER_PRSC,NAT,NR,NO	58594 	54975 	55390 	53348 	51621 	51294 	49639 	49588 	49733 	43981 	42547 	40756 	38798 	36771 	35179 	33431 
A,PER_PRSC,NAT,NR,PT	125716 	110578 	109346 	106132 	106184 	97769 	71478 	80238 	76459 	69001 	61639 	59480 	44963 	54929 	58042 	52476 
A,PER_PRSC,NAT,NR,RO	43975 	48908 	56093 	60170 	59029 	65130 	49351 	57687 	62828 	59079 	58064 	61458 	59256 	62359 	61688 	58940 
A,PER_PRSC,NAT,NR,SI	: 	: 	: 	: 	: 	: 	11899 	11660 	10976 	10703 	8527 	8303 	8518 	7263 	6781 	7146 
A,PER_PRSC,NAT,NR,SK	: 	: 	52498 	50899 	52865 	52641 	3201 	1726 	2085 	38370 	34379 	32835 	30722 	28287 	28622 	27559 
A,PER_PRSC,NAT,NR,TR	: 	3030454 	3185726 	3207106 	3380313 	2514641 	2535663 	2547620 	2330417 	2575049 	2976944 	3564064 	3078998 	3544625 	3797637 	3765433 
A,PER_PRSC,NAT,P_HTHAB,AL	: 	: 	: 	: 	: 	: 	667.20 	681.84 	: 	: 	557.71 	: 	: 	: 	: 	: 
A,PER_PRSC,NAT,P_HTHAB,AT	: 	: 	: 	: 	: 	: 	: 	1974.46 	: 	: 	: 	: 	: 	: 	: 	: 
A,PER_PRSC,NAT,P_HTHAB,BA	544.64 	500.86 	503.45 	551.05 	560.99 	: 	: 	: 	: 	: 	: 	: 	: 	: 	: 	: 
A,PER_PRSC,NAT,P_HTHAB,BE	4280.29 	4350.37 	4292.35 	4175.53 	3780.54 	3680.55 	3683.31 	3574.78 	3422.79 	3378.72 	3406.33 	3638.87 	4248.54 	4034.30 	3693.70 	3666.92 
A,PER_PRSC,NAT,P_HTHAB,CZ	1001.07 	1019.11 	908.66 	921.68 	922.08 	944.40 	923.84 	810.04 	742.52 	668.34 	660.60 	662.05 	581.30 	557.74 	583.65 	575.72 
A,PER_PRSC,NAT,P_HTHAB,DK	934.23 	974.48 	956.72 	1138.86 	1485.38 	1242.52 	1164.36 	1432.39 	1315.15 	1251.00 	1418.86 	1400.45 	1379.81 	1219.46 	1325.92 	1271.59 
A,PER_PRSC,NAT,P_HTHAB,EL	: 	: 	: 	: 	: 	: 	: 	: 	: 	: 	: 	: 	: 	55.03 	47.34 	73.09 
A,PER_PRSC,NAT,P_HTHAB,FI	4187.88 	3599.43 	3514.93 	3424.70 	3210.73 	3056.42 	2873.02 	2964.68 	2539.24 	1352.03 	1362.24 	1357.65 	1335.73 	1357.86 	1289.08 	1301.75 
A,PER_PRSC,NAT,P_HTHAB,FR	: 	: 	: 	884.32 	874.73 	862.30 	849.93 	157.18 	868.97 	858.31 	866.80 	856.80 	739.63 	785.66 	777.44 	791.35 
A,PER_PRSC,NAT,P_HTHAB,HR	: 	: 	: 	: 	: 	: 	45.28 	40.54 	35.65 	37.58 	28.86 	29.24 	26.12 	24.38 	27.16 	28.23 
A,PER_PRSC,NAT,P_HTHAB,HU	891.17 	893.06 	967.40 	851.39 	745.80 	771.82 	779.10 	726.41 	699.87 	668.72 	: 	1076.78 	1079.63 	1190.27 	1153.23 	1229.90 
A,PER_PRSC,NAT,P_HTHAB,IS	: 	: 	: 	553.93 	726.90 	780.16 	671.54 	627.77 	596.34 	527.27 	547.28 	578.17 	543.21 	448.22 	396.28 	287.29 
A,PER_PRSC,NAT,P_HTHAB,IT	709.06 	2093.86 	2072.87 	2024.74 	2049.01 	2066.06 	2111.08 	2038.15 	1957.81 	1787.05 	2336.27 	: 	: 	: 	: 	: 
A,PER_PRSC,NAT,P_HTHAB,LI	: 	: 	: 	: 	: 	: 	: 	1016.97 	917.02 	968.00 	1117.70 	: 	1099.44 	1095.89 	844.61 	418.38 
A,PER_PRSC,NAT,P_HTHAB,LT	509.90 	546.73 	574.38 	597.03 	664.13 	754.84 	754.18 	656.63 	592.54 	854.77 	732.46 	660.51 	624.49 	559.85 	543.73 	522.53 
A,PER_PRSC,NAT,P_HTHAB,LU	: 	: 	: 	: 	: 	: 	: 	1209.33 	1025.42 	805.53 	570.43 	596.36 	543.04 	550.16 	569.57 	600.32 
A,PER_PRSC,NAT,P_HTHAB,LV	: 	: 	: 	: 	404.05 	451.27 	441.33 	482.81 	511.34 	480.74 	464.28 	472.35 	465.28 	446.43 	433.37 	442.32 
A,PER_PRSC,NAT,P_HTHAB,ME	1209.18 	1165.51 	1066.72 	987.34 	951.30 	968.60 	: 	: 	: 	: 	: 	: 	: 	: 	: 	: 
A,PER_PRSC,NAT,P_HTHAB,MK	: 	: 	: 	: 	: 	: 	: 	: 	: 	: 	: 	603.77 	682.19 	613.25 	692.39 	642.20 
A,PER_PRSC,NAT,P_HTHAB,MT	: 	: 	: 	: 	: 	: 	: 	431.59 	: 	: 	: 	: 	: 	: 	: 	: 
A,PER_PRSC,NAT,P_HTHAB,NO	1236.90 	1145.49 	1140.13 	1084.24 	1035.35 	1015.47 	971.80 	959.80 	954.44 	836.41 	803.44 	764.91 	722.82 	682.03 	648.43 	609.06 
A,PER_PRSC,NAT,P_HTHAB,PT	1191.24 	1046.84 	1034.15 	1003.83 	1007.21 	932.26 	685.49 	773.39 	739.35 	669.29 	598.96 	578.79 	433.36 	528.45 	556.97 	498.98 
A,PER_PRSC,NAT,P_HTHAB,RO	213.10 	239.27 	261.36 	280.99 	293.74 	325.32 	247.41 	290.31 	317.95 	300.75 	297.25 	316.56 	306.57 	324.76 	323.95 	309.32 
A,PER_PRSC,NAT,P_HTHAB,SI	: 	: 	: 	: 	: 	: 	577.32 	565.23 	531.73 	518.08 	412.55 	399.01 	406.42 	344.38 	321.80 	337.56 
A,PER_PRSC,NAT,P_HTHAB,SK	: 	: 	973.91 	943.89 	978.20 	972.88 	59.10 	31.84 	38.42 	705.94 	631.60 	602.43 	562.89 	518.10 	526.65 	507.65 
A,PER_PRSC,NAT,P_HTHAB,TR	: 	4237.38 	4390.39 	4350.21 	4523.72 	3325.04 	3307.33 	3278.96 	2959.60 	3226.28 	3683.86 	4346.21 	3702.72 	4239.25 	4484.68 	4415.40 
A,PER_PRSC,TOTAL,NR,AL	11882 	11389 	10857 	10882 	11484 	12043 	19322 	19721 	17446 	16356 	16249 	14723 	13409 	16196 	16246 	13963 
A,PER_PRSC,TOTAL,NR,AT	303762 	285550 	278848 	283954 	286507 	286949 	303654 	303037 	310090 	313381 	300664 	332622 	305834 	301567 	336157 	364380 
A,PER_PRSC,TOTAL,NR,BA	20950 	19273 	20010 	22448 	22677 	20363 	21064 	20026 	17223 	15922 	15038 	13890 	11452 	13365 	12532 	12532 
A,PER_PRSC,TOTAL,NR,BE	613091 	635294 	638423 	637694 	591321 	581896 	582356 	557098 	541718 	537912 	546725 	584716 	677467 	633613 	562478 	567321 
A,PER_PRSC,TOTAL,NR,BG	52149 	52883 	55210 	57063 	49484 	47243 	43077 	38861 	38469 	37087 	33318 	31993 	30861 	31764 	30915 	30360 
A,PER_PRSC,TOTAL,NR,CH	: 	: 	: 	: 	: 	: 	108877 	108456 	107674 	102579 	: 	: 	: 	: 	: 	: 
A,PER_PRSC,TOTAL,NR,CY	103829 	102179 	117854 	138744 	129126 	104344 	125843 	96039 	82891 	70960 	60282 	71190 	53630 	58704 	64276 	: 
A,PER_PRSC,TOTAL,NR,CZ	110410 	113215 	101133 	102767 	103179 	105678 	103408 	91472 	84846 	77220 	76723 	77321 	67780 	64381 	68429 	70441 
A,PER_PRSC,TOTAL,NR,DE	1087842 	1056809 	1018006 	1003458 	960225 	935788 	748782 	739487 	737873 	716044 	: 	: 	: 	: 	: 	: 
A,PER_PRSC,TOTAL,NR,DK	58514 	61948 	61247 	73097 	96034 	82145 	78027 	96239 	89569 	86656 	99350 	99262 	97679 	88113 	96060 	94074 
A,PER_PRSC,TOTAL,NR,EE	13804 	11920 	11010 	11213 	10467 	9542 	8629 	8047 	8524 	7241 	6226 	6053 	5008 	4636 	3795 	3278 
A,PER_PRSC,TOTAL,NR,EL	: 	: 	: 	: 	: 	: 	: 	: 	: 	: 	: 	: 	: 	8566 	7196 	11320 
A,PER_PRSC,TOTAL,NR,ES	: 	: 	: 	: 	: 	: 	233875 	236843 	284454 	298979 	: 	: 	: 	: 	: 	: 
A,PER_PRSC,TOTAL,NR,FI	241948 	210456 	210036 	207064 	195272 	186695 	176748 	185292 	159319 	85679 	86331 	86284 	83632 	84363 	81094 	82674 
A,PER_PRSC,TOTAL,NR,FR	: 	: 	: 	689029 	675702 	669663 	667382 	666048 	676408 	674848 	698863 	695807 	605013 	653017 	660480 	668036 
A,PER_PRSC,TOTAL,NR,HR	74640 	: 	: 	70250 	66068 	58477 	53088 	59427 	61726 	59756 	55266 	53883 	49351 	48872 	47100 	46740 
A,PER_PRSC,TOTAL,NR,HU	92706 	92640 	100082 	88032 	76765 	79032 	79835 	75306 	73915 	68280 	: 	108483 	111677 	119159 	116642 	125111 
A,PER_PRSC,TOTAL,NR,IE	: 	90193 	84139 	76881 	65161 	: 	: 	: 	: 	: 	: 	: 	: 	: 	: 	: 
A,PER_PRSC,TOTAL,NR,IS	3224 	: 	: 	1957 	2611 	2837 	2489 	2395 	2333 	2286 	2419 	2784 	2643 	2164 	2012 	1664 
A,PER_PRSC,TOTAL,NR,IT	563948 	1577949 	1561537 	1543054 	1567225 	1578135 	1648465 	1610131 	1546612 	1424399 	1861598 	: 	: 	: 	: 	: 
A,PER_PRSC,TOTAL,NR,LI	2089 	2967 	2864 	1066 	1086 	: 	1078 	1008 	964 	1087 	1051 	: 	1284 	1215 	1393 	1134 
A,PER_PRSC,TOTAL,NR,LT	16630 	17610 	18275 	18436 	20283 	22945 	22742 	19661 	17612 	24899 	21128 	19019 	18023 	16278 	16143 	15804 
A,PER_PRSC,TOTAL,NR,LU	: 	: 	: 	: 	: 	: 	: 	: 	16232 	14172 	10443 	10942 	9468 	9786 	9746 	10320 
A,PER_PRSC,TOTAL,NR,LV	12685 	12328 	10937 	12890 	13563 	12397 	9164 	10060 	10613 	9785 	9375 	9408 	9233 	8811 	8548 	8842 
A,PER_PRSC,TOTAL,NR,ME	8677 	7126 	5588 	5684 	5554 	7745 	7393 	6953 	7334 	7837 	8642 	8658 	10134 	10039 	9161 	9227 
A,PER_PRSC,TOTAL,NR,MK	26409 	30404 	30004 	31284 	31860 	34436 	37164 	: 	: 	21460 	: 	12780 	14314 	12822 	12902 	12007 
A,PER_PRSC,TOTAL,NR,MT	: 	1844 	: 	1577 	1571 	2903 	2858 	2697 	1720 	2311 	: 	: 	: 	: 	: 	: 
A,PER_PRSC,TOTAL,NR,NL	252197 	226509 	208420 	227953 	222851 	206328 	208288 	187950 	186386 	170789 	166355 	184416 	168656 	160641 	179383 	175654 
A,PER_PRSC,TOTAL,NR,NO	69958 	66920 	68185 	66699 	65654 	66696 	64977 	64274 	64500 	57781 	55414 	53183 	49948 	46737 	45053 	43183 
A,PER_PRSC,TOTAL,NR,PL	555091 	557119 	549815 	560949 	533408 	505927 	361825 	323612 	389212 	269512 	269002 	286620 	260763 	302338 	241927 	232739 
A,PER_PRSC,TOTAL,NR,PT	141109 	125260 	124186 	120604 	120719 	110682 	80519 	90477 	86209 	78158 	69788 	67461 	51564 	63669 	67703 	62131 
A,PER_PRSC,TOTAL,NR,RO	45073 	49743 	56949 	60980 	59739 	65711 	50342 	58909 	145851 	132313 	133354 	133339 	120231 	125410 	124858 	123071 
A,PER_PRSC,TOTAL,NR,RS	61740 	63771 	54908 	54939 	58955 	58423 	41011 	123728 	113191 	105084 	111546 	104027 	92072 	90260 	86788 	85886 
A,PER_PRSC,TOTAL,NR,SE	97464 	100945 	101438 	98192 	94198 	87868 	85238 	84067 	80325 	82664 	85145 	86928 	90784 	87196 	85990 	88403 
A,PER_PRSC,TOTAL,NR,SI	15080 	14511 	14680 	13867 	13039 	12815 	12299 	12093 	11388 	11065 	8856 	8886 	8865 	8119 	7643 	8006 
A,PER_PRSC,TOTAL,NR,SK	51029 	53413 	53557 	52010 	54100 	53899 	51733 	45551 	40679 	39678 	35748 	34102 	31866 	29362 	29913 	29059 
A,PER_PRSC,TOTAL,NR,TR	: 	3154560 	3287783 	3317023 	3474826 	2556189 	2590829 	2614148 	2387388 	2649035 	3077013 	4409513 	3860256 	4567925 	4866082 	4808274 
A,PER_PRSC,TOTAL,NR,UKC-L	1629113 	1682888 	1642548 	1570312 	1475470 	1432318 	1458921 	1481472 	1445304 	: 	: 	: 	: 	: 	: 	: 
A,PER_PRSC,TOTAL,NR,UKM	70136 	66343 	62999 	62104 	57010 	55829 	56714 	: 	: 	95254 	: 	: 	: 	: 	: 	: 
A,PER_PRSC,TOTAL,NR,UKN	: 	: 	43725 	38330 	38422 	48200 	31480 	29316 	27649 	28354 	29308 	: 	: 	: 	: 	: 
A,PER_PRSC,TOTAL,NR,XK	: 	: 	29906 	38323 	36224 	30869 	18330 	16907 	18554 	42469 	38675 	33124 	: 	: 	: 	: 
A,PER_PRSC,TOTAL,P_HTHAB,AL	374.82 	357.61 	: 	384.28 	: 	: 	667.20 	683.38 	606.69 	568.59 	566.10 	514.35 	471.16 	572.35 	581.55 	505.58 
A,PER_PRSC,TOTAL,P_HTHAB,AT	3656.26 	3425.91 	3338.84 	3390.43 	3407.50 	3395.10 	3569.13 	3529.87 	3564.06 	3572.16 	3408.01 	3754.72 	3435.93 	3376.00 	3743.84 	4002.08 
A,PER_PRSC,TOTAL,P_HTHAB,BA	545.03 	501.38 	520.55 	584.10 	590.66 	: 	: 	: 	: 	: 	: 	: 	: 	: 	: 	: 
A,PER_PRSC,TOTAL,P_HTHAB,BE	5747.62 	5908.02 	5889.56 	5796.88 	5329.69 	5213.35 	5208.52 	4957.59 	4789.25 	4738.59 	4796.43 	5104.23 	5879.54 	5483.56 	4841.59 	4831.23 
A,PER_PRSC,TOTAL,P_HTHAB,BG	693.66 	708.21 	743.89 	774.32 	675.34 	648.54 	594.52 	539.57 	537.74 	522.22 	472.59 	457.04 	443.95 	459.25 	476.90 	470.86 
A,PER_PRSC,TOTAL,P_HTHAB,CH	: 	: 	: 	: 	: 	: 	1337.62 	1316.59 	1293.05 	1218.34 	: 	: 	: 	: 	: 	: 
A,PER_PRSC,TOTAL,P_HTHAB,CY	13374.29 	12821.58 	14387.53 	16522.04 	14979.62 	12050.66 	14667.02 	11338.62 	9771.21 	8301.34 	6975.18 	8127.65 	6039.38 	6551.73 	7104.64 	: 
A,PER_PRSC,TOTAL,P_HTHAB,CZ	1067.44 	1085.91 	966.66 	979.97 	982.15 	1004.91 	983.67 	868.00 	803.93 	729.95 	723.12 	726.03 	633.82 	613.45 	650.67 	650.57 
A,PER_PRSC,TOTAL,P_HTHAB,DE	1323.12 	1288.75 	1244.47 	1250.85 	1195.38 	1162.13 	927.08 	910.73 	897.92 	867.70 	: 	: 	: 	: 	: 	: 
A,PER_PRSC,TOTAL,P_HTHAB,DK	1068.59 	1123.99 	1106.59 	1314.55 	1720.88 	1466.19 	1386.60 	1700.42 	1569.39 	1507.38 	1718.50 	1709.62 	1677.54 	1508.77 	1635.50 	1585.70 
A,PER_PRSC,TOTAL,P_HTHAB,EE	1031.35 	892.39 	825.78 	843.30 	789.83 	722.78 	655.79 	612.00 	647.75 	550.38 	471.98 	456.89 	376.83 	348.55 	284.95 	239.99 
A,PER_PRSC,TOTAL,P_HTHAB,EL	: 	: 	: 	: 	: 	: 	: 	: 	: 	: 	: 	: 	: 	80.22 	68.80 	108.70 
A,PER_PRSC,TOTAL,P_HTHAB,ES	: 	: 	: 	: 	: 	: 	502.83 	509.89 	612.52 	642.58 	: 	: 	: 	: 	: 	: 
A,PER_PRSC,TOTAL,P_HTHAB,FI	4564.64 	3951.25 	3924.86 	3852.16 	3615.30 	3440.32 	3242.33 	3386.34 	2903.41 	1556.87 	1565.92 	1563.71 	1513.62 	1524.51 	1461.62 	1485.88 
A,PER_PRSC,TOTAL,P_HTHAB,FR	: 	: 	: 	1060.39 	1035.13 	1020.82 	1008.65 	1002.21 	1015.04 	1010.10 	1042.67 	1035.77 	896.67 	964.17 	969.99 	978.42 
A,PER_PRSC,TOTAL,P_HTHAB,HR	1731.00 	: 	: 	1637.58 	1545.09 	1372.01 	1250.07 	1406.45 	1472.94 	1438.44 	1346.15 	1321.88 	1216.09 	1210.80 	1219.48 	1213.74 
A,PER_PRSC,TOTAL,P_HTHAB,HU	922.87 	923.54 	999.39 	881.58 	772.91 	797.59 	808.26 	764.10 	751.90 	696.91 	: 	1110.06 	1152.57 	1234.62 	1213.71 	1303.27 
A,PER_PRSC,TOTAL,P_HTHAB,IE	: 	1994.84 	1849.44 	1681.97 	1421.89 	: 	: 	: 	: 	: 	: 	: 	: 	: 	: 	: 
A,PER_PRSC,TOTAL,P_HTHAB,IS	1022.00 	: 	: 	614.54 	817.02 	881.45 	764.27 	727.74 	701.59 	675.63 	694.22 	779.85 	725.83 	586.78 	534.75 	429.13 
A,PER_PRSC,TOTAL,P_HTHAB,IT	961.50 	2674.46 	2638.17 	2599.28 	2638.68 	2644.10 	2712.06 	2648.43 	2549.41 	2350.90 	3077.84 	: 	: 	: 	: 	: 
A,PER_PRSC,TOTAL,P_HTHAB,LI	5908.47 	8336.85 	7979.05 	2948.91 	2977.38 	: 	2903.39 	2697.64 	2562.33 	2874.90 	2757.52 	: 	3313.80 	3111.00 	3543.81 	2858.08 
A,PER_PRSC,TOTAL,P_HTHAB,LT	517.65 	553.10 	581.64 	603.95 	675.28 	772.06 	772.62 	673.03 	609.72 	874.29 	752.18 	680.66 	641.39 	579.13 	575.30 	553.11 
A,PER_PRSC,TOTAL,P_HTHAB,LU	: 	: 	: 	: 	: 	: 	: 	: 	2816.84 	2399.32 	1734.70 	1782.39 	1512.20 	1541.76 	1510.08 	1561.72 
A,PER_PRSC,TOTAL,P_HTHAB,LV	578.75 	569.99 	515.77 	621.32 	663.29 	612.55 	457.86 	506.52 	539.02 	501.77 	484.65 	490.01 	483.99 	465.40 	455.71 	469.57 
A,PER_PRSC,TOTAL,P_HTHAB,ME	1409.65 	1154.65 	902.74 	917.00 	895.36 	1247.40 	1189.50 	1117.67 	1178.69 	1259.18 	1388.59 	1391.55 	1629.59 	1617.27 	1483.12 	1496.20 
A,PER_PRSC,TOTAL,P_HTHAB,MK	1291.28 	1484.12 	1461.67 	1520.65 	1546.76 	1669.79 	1799.04 	: 	: 	1034.86 	: 	615.27 	689.41 	619.78 	702.30 	656.14 
A,PER_PRSC,TOTAL,P_HTHAB,MT	: 	448.74 	: 	380.01 	376.25 	688.95 	665.54 	613.39 	381.87 	502.07 	: 	: 	: 	: 	: 	: 
A,PER_PRSC,TOTAL,P_HTHAB,NL	1537.28 	1373.97 	1257.44 	1368.61 	1332.02 	1229.64 	1237.65 	1112.08 	1097.74 	999.85 	968.25 	1067.09 	968.87 	919.24 	1019.76 	986.19 
A,PER_PRSC,TOTAL,P_HTHAB,NO	1476.79 	1394.38 	1403.50 	1355.59 	1316.80 	1320.38 	1272.07 	1244.05 	1237.83 	1098.85 	1046.41 	998.14 	930.55 	866.89 	830.43 	786.72 
A,PER_PRSC,TOTAL,P_HTHAB,PL	1456.33 	1460.88 	1446.01 	1473.75 	1401.35 	1329.20 	951.72 	851.48 	1025.13 	709.75 	708.33 	754.80 	686.98 	798.99 	655.81 	633.24 
A,PER_PRSC,TOTAL,P_HTHAB,PT	1337.10 	1185.84 	1174.50 	1140.71 	1145.08 	1055.39 	772.19 	872.08 	833.64 	758.11 	678.14 	656.45 	496.98 	612.54 	649.67 	590.79 
A,PER_PRSC,TOTAL,P_HTHAB,RO	218.42 	243.36 	265.35 	284.77 	297.27 	328.23 	252.37 	296.46 	738.09 	673.56 	682.69 	686.80 	622.03 	653.12 	655.68 	645.89 
A,PER_PRSC,TOTAL,P_HTHAB,RS	838.23 	869.41 	751.48 	757.62 	816.93 	813.52 	573.84 	1739.12 	1599.56 	1492.61 	1593.19 	1493.83 	1329.23 	1313.53 	1276.84 	1293.23 
A,PER_PRSC,TOTAL,P_HTHAB,SE	1061.36 	1090.55 	1085.98 	1042.87 	993.35 	919.52 	883.77 	862.46 	815.40 	827.04 	841.33 	849.72 	879.04 	840.10 	822.69 	840.21 
A,PER_PRSC,TOTAL,P_HTHAB,SI	750.15 	714.00 	717.16 	676.38 	634.35 	622.44 	596.72 	586.22 	551.69 	535.60 	428.47 	427.03 	422.98 	384.97 	362.71 	378.18 
A,PER_PRSC,TOTAL,P_HTHAB,SK	949.19 	992.36 	993.56 	964.50 	1001.05 	996.13 	955.20 	840.22 	749.67 	730.00 	656.76 	625.68 	583.85 	537.79 	550.41 	535.28 
A,PER_PRSC,TOTAL,P_HTHAB,TR	: 	4410.92 	4531.04 	4499.31 	4650.20 	3379.98 	3379.29 	3364.59 	3031.95 	3318.97 	3807.69 	5377.20 	4642.24 	5463.09 	5746.42 	5638.25 
A,PER_PRSC,TOTAL,P_HTHAB,UKC-L	2982.89 	3057.62 	2961.43 	2807.52 	2617.47 	2523.53 	2551.61 	2568.81 	2485.59 	: 	: 	: 	: 	: 	: 	: 
A,PER_PRSC,TOTAL,P_HTHAB,UKM	1352.42 	1271.69 	1200.77 	1176.08 	1074.39 	1049.39 	1062.57 	: 	: 	1759.17 	: 	: 	: 	: 	: 	: 
A,PER_PRSC,TOTAL,P_HTHAB,UKN	: 	: 	2430.49 	2118.22 	2112.33 	2638.70 	1715.26 	1587.89 	1488.87 	1518.99 	1562.30 	: 	: 	: 	: 	: 
A,PER_PRSC,TOTAL,P_HTHAB,XK	: 	: 	1354.37 	2135.96 	: 	: 	: 	: 	1047.30 	2381.18 	2150.40 	1844.66 	: 	: 	: 	: 
A,PER_SUSP,FOR,NR,AL	: 	: 	: 	: 	: 	: 	: 	325 	486 	528 	615 	616 	606 	653 	589 	737 
A,PER_SUSP,FOR,NR,AT	65316 	69791 	69188 	76764 	80874 	85376 	89594 	92804 	105551 	105812 	115258 	122067 	109161 	104070 	128594 	150481 
A,PER_SUSP,FOR,NR,BA	: 	: 	3641 	: 	: 	0 	: 	82 	65 	: 	20 	499 	391 	342 	277 	288 
A,PER_SUSP,FOR,NR,BE	63397 	66596 	65993 	70722 	71801 	72392 	72651 	59350 	65392 	68898 	71527 	73596 	110359 	85358 	73400 	75629 
A,PER_SUSP,FOR,NR,BG	1384 	1297 	1741 	1505 	1943 	2850 	52536 	3196 	2273 	1737 	1514 	1350 	1407 	2027 	2394 	2473 
A,PER_SUSP,FOR,NR,CH	: 	65722 	62759 	63410 	68838 	70670 	65844 	67272 	68615 	66574 	68278 	68018 	62204 	62913 	69581 	77611 
A,PER_SUSP,FOR,NR,CZ	8572 	8362 	7377 	7473 	7513 	7470 	7382 	7260 	7552 	7708 	7817 	8122 	6367 	6434 	7897 	9345 
A,PER_SUSP,FOR,NR,DE	454069 	464480 	457022 	470968 	490559 	538449 	617392 	911864 	953744 	752310 	708380 	699261 	663199 	639127 	783876 	923269 
A,PER_SUSP,FOR,NR,DK	: 	: 	: 	: 	: 	: 	: 	13394 	13106 	12491 	12378 	12090 	10521 	10686 	12290 	11659 
A,PER_SUSP,FOR,NR,EL	64376 	60531 	53306 	56633 	37122 	30722 	34118 	39667 	33444 	38786 	46975 	44230 	35548 	33526 	38727 	50239 
A,PER_SUSP,FOR,NR,ES	110840 	122528 	116277 	130090 	123993 	116188 	103781 	104416 	102888 	104810 	113340 	123010 	130620 	144730 	171761 	196562 
A,PER_SUSP,FOR,NR,FI	: 	: 	: 	: 	: 	19615 	19482 	19382 	20095 	20769 	22817 	21846 	19482 	15350 	15503 	17321 
A,PER_SUSP,FOR,NR,FR	241145 	234235 	226675 	241305 	227991 	189635 	178172 	180875 	177365 	184522 	299246 	310574 	291703 	337350 	360607 	360027 
A,PER_SUSP,FOR,NR,HR	3025 	2862 	2647 	2719 	2322 	1000 	969 	1061 	1199 	1202 	1772 	1569 	1570 	2248 	2107 	3419 
A,PER_SUSP,FOR,NR,HU	5305 	5401 	5739 	6418 	6149 	5170 	5267 	5296 	6842 	4079 	3080 	4500 	8146 	5292 	6922 	8020 
A,PER_SUSP,FOR,NR,IS	: 	: 	: 	: 	: 	: 	857 	1027 	1187 	1590 	1980 	2200 	1735 	1745 	1946 	2397 
A,PER_SUSP,FOR,NR,IT	301960 	276021 	274364 	283164 	290903 	306746 	304870 	302111 	261242 	262200 	278353 	264543 	240663 	264864 	279010 	268780 
A,PER_SUSP,FOR,NR,LI	893 	996 	907 	942 	397 	: 	1095 	1109 	1070 	: 	: 	325 	334 	340 	370 	: 
A,PER_SUSP,FOR,NR,LT	249 	281 	289 	275 	421 	560 	600 	536 	516 	570 	578 	626 	570 	843 	1241 	1177 
A,PER_SUSP,FOR,NR,LU	10879 	13492 	11607 	14146 	15615 	16291 	18074 	17468 	17296 	15218 	16400 	18005 	19656 	20067 	22650 	: 
A,PER_SUSP,FOR,NR,LV	617 	637 	642 	18 	12 	674 	783 	947 	919 	633 	671 	623 	560 	697 	707 	1008 
A,PER_SUSP,FOR,NR,ME	922 	872 	766 	672 	611 	631 	603 	533 	474 	546 	631 	600 	725 	690 	559 	655 
A,PER_SUSP,FOR,NR,MT	400 	430 	509 	632 	731 	775 	903 	919 	1034 	1160 	1267 	1120 	1299 	1362 	1413 	1700 
A,PER_SUSP,FOR,NR,NL	: 	: 	: 	: 	: 	: 	48478 	45933 	43003 	38407 	: 	: 	: 	: 	: 	: 
A,PER_SUSP,FOR,NR,NO	13505 	14376 	15231 	15841 	16864 	18554 	18848 	18061 	18030 	17043 	15942 	15779 	15331 	13780 	13334 	13312 
A,PER_SUSP,FOR,NR,PL	2141 	2034 	2319 	2242 	2152 	: 	: 	: 	: 	: 	: 	: 	: 	: 	: 	: 
A,PER_SUSP,FOR,NR,RO	1000 	860 	707 	671 	615 	526 	439 	625 	611 	510 	509 	556 	333 	372 	523 	827 
A,PER_SUSP,FOR,NR,RS	1667 	1619 	1908 	1687 	1403 	1269 	1464 	1452 	1614 	1867 	2013 	2062 	1931 	2530 	2819 	2521 
A,PER_SUSP,FOR,NR,SI	2391 	2514 	2861 	2767 	2832 	3012 	2967 	2464 	2421 	2584 	2842 	3304 	2921 	2995 	3004 	3588 
A,PER_SUSP,FOR,NR,SK	: 	: 	1079 	1152 	1258 	1132 	1164 	2184 	1277 	1427 	1542 	1525 	1108 	1217 	1566 	1685 
A,PER_SUSP,FOR,NR,TR	: 	7542 	7917 	10458 	10277 	: 	: 	: 	: 	: 	: 	: 	: 	: 	: 	: 
A,PER_SUSP,FOR,P_HTHAB,AL	: 	: 	: 	: 	: 	: 	: 	11.26 	16.90 	18.36 	21.43 	21.52 	21.29 	23.08 	21.08 	26.69 
A,PER_SUSP,FOR,P_HTHAB,AT	786.18 	837.32 	828.44 	916.57 	961.86 	1010.14 	1053.19 	1082.10 	1213.16 	1206.13 	1306.44 	1377.92 	1226.38 	1165.05 	1432.18 	1652.77 
A,PER_SUSP,FOR,P_HTHAB,BA	: 	: 	94.72 	: 	: 	: 	: 	: 	: 	: 	: 	: 	: 	: 	: 	: 
A,PER_SUSP,FOR,P_HTHAB,BE	594.34 	619.32 	608.80 	642.89 	647.16 	648.58 	649.78 	528.15 	578.12 	606.94 	627.51 	642.45 	957.77 	738.73 	631.80 	644.05 
A,PER_SUSP,FOR,P_HTHAB,BG	18.41 	17.37 	23.46 	20.42 	26.52 	39.12 	725.07 	44.38 	31.77 	24.46 	21.48 	19.29 	20.24 	29.31 	36.93 	38.35 
A,PER_SUSP,FOR,P_HTHAB,CH	: 	853.33 	806.07 	805.70 	865.38 	879.08 	808.93 	816.64 	823.99 	790.71 	804.77 	796.04 	722.80 	725.62 	796.23 	880.40 
A,PER_SUSP,FOR,P_HTHAB,CZ	82.87 	80.21 	70.51 	71.26 	71.52 	71.03 	70.22 	68.89 	71.56 	72.86 	73.68 	76.26 	59.54 	61.31 	75.09 	86.31 
A,PER_SUSP,FOR,P_HTHAB,DE	552.28 	566.42 	558.69 	587.08 	610.70 	668.68 	764.41 	1123.02 	1160.62 	911.65 	855.61 	842.29 	797.43 	768.60 	941.74 	1110.79 
A,PER_SUSP,FOR,P_HTHAB,DK	: 	: 	: 	: 	: 	: 	: 	236.66 	229.64 	217.28 	214.11 	208.23 	180.69 	182.98 	209.25 	196.52 
A,PER_SUSP,FOR,P_HTHAB,EL	575.70 	545.58 	479.40 	509.13 	334.84 	279.20 	312.24 	365.32 	310.13 	360.19 	437.34 	412.42 	331.65 	313.95 	370.25 	482.42 
A,PER_SUSP,FOR,P_HTHAB,ES	242.70 	264.99 	250.13 	278.76 	264.84 	248.65 	223.13 	224.79 	221.55 	225.26 	242.91 	262.07 	275.96 	305.35 	361.70 	408.78 
A,PER_SUSP,FOR,P_HTHAB,FI	: 	: 	: 	: 	: 	361.46 	357.38 	354.22 	366.21 	377.39 	413.87 	395.91 	352.60 	277.39 	279.42 	311.31 
A,PER_SUSP,FOR,P_HTHAB,FR	376.75 	364.00 	350.57 	371.36 	349.27 	289.08 	270.19 	272.16 	266.16 	276.19 	446.46 	462.32 	432.32 	498.09 	529.59 	527.30 
A,PER_SUSP,FOR,P_HTHAB,HR	70.15 	66.41 	61.52 	63.38 	54.30 	23.46 	22.82 	25.11 	28.61 	28.93 	43.16 	38.49 	38.69 	55.69 	54.55 	88.78 
A,PER_SUSP,FOR,P_HTHAB,HU	52.81 	53.84 	57.31 	64.27 	61.91 	52.18 	53.32 	53.74 	69.60 	41.63 	31.50 	46.05 	84.07 	54.83 	72.03 	83.54 
A,PER_SUSP,FOR,P_HTHAB,IS	: 	: 	: 	: 	: 	: 	263.15 	312.06 	356.96 	469.93 	568.23 	616.26 	476.47 	473.17 	517.21 	618.17 
A,PER_SUSP,FOR,P_HTHAB,IT	514.83 	467.83 	463.53 	476.99 	489.78 	513.94 	501.57 	496.93 	430.63 	432.75 	460.21 	442.26 	403.52 	447.13 	472.66 	455.58 
A,PER_SUSP,FOR,P_HTHAB,LI	2525.74 	2798.62 	2526.88 	2605.88 	1088.42 	: 	2949.18 	2967.94 	2844.08 	: 	: 	846.84 	862.00 	870.57 	941.28 	: 
A,PER_SUSP,FOR,P_HTHAB,LT	7.75 	8.83 	9.20 	9.01 	14.02 	18.84 	20.38 	18.35 	17.86 	20.01 	20.58 	22.40 	20.28 	29.99 	44.23 	41.19 
A,PER_SUSP,FOR,P_HTHAB,LU	2248.66 	2733.94 	2311.85 	2763.75 	2975.12 	3033.49 	3288.09 	3102.90 	3001.48 	2576.41 	2724.23 	2932.92 	3139.39 	3161.50 	3509.47 	: 
A,PER_SUSP,FOR,P_HTHAB,LV	28.15 	29.45 	30.28 	0.87 	0.59 	33.30 	39.12 	47.68 	46.67 	32.46 	34.69 	32.45 	29.36 	36.82 	37.69 	53.53 
A,PER_SUSP,FOR,P_HTHAB,ME	149.79 	141.29 	123.75 	108.41 	98.50 	101.63 	97.02 	85.68 	76.18 	87.73 	101.39 	96.43 	116.58 	111.16 	90.50 	106.21 
A,PER_SUSP,FOR,P_HTHAB,MT	98.08 	104.64 	122.94 	152.29 	175.07 	183.93 	210.28 	209.01 	229.57 	252.01 	266.34 	226.92 	252.30 	263.89 	271.64 	313.62 
A,PER_SUSP,FOR,P_HTHAB,NL	: 	: 	: 	: 	: 	: 	288.06 	271.78 	253.27 	224.85 	: 	: 	: 	: 	: 	: 
A,PER_SUSP,FOR,P_HTHAB,NO	285.09 	299.55 	313.51 	321.95 	338.24 	367.31 	368.99 	349.58 	346.02 	324.12 	301.04 	296.14 	285.62 	255.59 	245.78 	242.52 
A,PER_SUSP,FOR,P_HTHAB,PL	5.62 	5.33 	6.10 	5.89 	5.65 	: 	: 	: 	: 	: 	: 	: 	: 	: 	: 	: 
A,PER_SUSP,FOR,P_HTHAB,RO	4.85 	4.21 	3.29 	3.13 	3.06 	2.63 	2.20 	3.15 	3.09 	2.60 	2.61 	2.86 	1.72 	1.94 	2.75 	4.34 
A,PER_SUSP,FOR,P_HTHAB,RS	22.63 	22.07 	26.11 	23.26 	19.44 	17.67 	20.48 	20.41 	22.81 	26.52 	28.75 	29.61 	27.88 	36.82 	41.47 	37.96 
A,PER_SUSP,FOR,P_HTHAB,SI	118.94 	123.70 	139.77 	134.96 	137.78 	146.30 	143.95 	119.45 	117.29 	125.08 	137.50 	158.78 	139.37 	142.01 	142.56 	169.49 
A,PER_SUSP,FOR,P_HTHAB,SK	: 	: 	20.02 	21.36 	23.28 	20.92 	21.49 	40.29 	23.53 	26.25 	28.33 	27.98 	20.30 	22.29 	28.81 	31.04 
A,PER_SUSP,FOR,P_HTHAB,TR	: 	10.55 	10.91 	14.19 	13.75 	: 	: 	: 	: 	: 	: 	: 	: 	: 	: 	: 
A,PER_SUSP,NAT,NR,AL	: 	: 	: 	: 	: 	: 	: 	36787 	34188 	35523 	39034 	42429 	40350 	38675 	37609 	38752 
A,PER_SUSP,NAT,NR,AT	175238 	176587 	170766 	182264 	179049 	174774 	166221 	157776 	164609 	164818 	173156 	182355 	167183 	162891 	173909 	179488 
A,PER_SUSP,NAT,NR,BA	: 	: 	13338 	: 	: 	519 	: 	275 	292 	: 	562 	11830 	17856 	18741 	17899 	18297 
A,PER_SUSP,NAT,NR,BE	158135 	162587 	160099 	160718 	150961 	147650 	148574 	110078 	122484 	124616 	125730 	128903 	201931 	151166 	120991 	116081 
A,PER_SUSP,NAT,NR,BG	54120 	54103 	57465 	49772 	44128 	41741 	3337 	50207 	50781 	48785 	46935 	44869 	42947 	42324 	42852 	43996 
A,PER_SUSP,NAT,NR,CH	: 	67185 	59108 	56224 	56559 	56954 	53030 	54197 	53042 	53367 	54075 	54181 	54311 	52131 	50419 	49022 
A,PER_SUSP,NAT,NR,CZ	113481 	114873 	105100 	107502 	105513 	110126 	107010 	94337 	85541 	79235 	76799 	77606 	68635 	62938 	67259 	69618 
A,PER_SUSP,NAT,NR,DE	1700236 	1688580 	1603821 	1556275 	1528110 	1555711 	1532112 	1457172 	1407062 	1380566 	1342886 	1319950 	1306418 	1252876 	1309906 	1323498 
A,PER_SUSP,NAT,NR,DK	: 	: 	: 	: 	: 	: 	: 	21766 	21720 	21117 	21664 	23990 	25203 	24869 	24825 	22688 
A,PER_SUSP,NAT,NR,EL	151865 	136163 	118100 	74290 	83404 	68049 	66151 	70658 	78090 	76657 	77282 	78075 	77591 	84039 	106043 	112953 
A,PER_SUSP,NAT,NR,ES	195269 	211517 	206607 	247690 	245610 	251988 	246143 	273278 	262184 	267950 	275809 	283128 	283190 	306924 	334801 	358424 
A,PER_SUSP,NAT,NR,FI	: 	: 	: 	: 	: 	405266 	379471 	379095 	381857 	393722 	422277 	395504 	273648 	135802 	130039 	133085 
A,PER_SUSP,NAT,NR,FR	931248 	940602 	919640 	931242 	924168 	916387 	933710 	973606 	951647 	958877 	1412283 	1410257 	1303236 	1434097 	1442241 	1534947 
A,PER_SUSP,NAT,NR,HR	28715 	29569 	28605 	28210 	25131 	21350 	19050 	18722 	17749 	16671 	15627 	17106 	17396 	18408 	18797 	19681 
A,PER_SUSP,NAT,NR,HU	151045 	138459 	158121 	150318 	141410 	139936 	114279 	99848 	90309 	87348 	54863 	131339 	130473 	141112 	136902 	145043 
A,PER_SUSP,NAT,NR,IS	: 	: 	: 	: 	: 	: 	4788 	4352 	4141 	4251 	4338 	4227 	3972 	4129 	3875 	3913 
A,PER_SUSP,NAT,NR,IT	587833 	593109 	593478 	617706 	642992 	671336 	675975 	659838 	632447 	616432 	590951 	590114 	560709 	565938 	539609 	527864 
A,PER_SUSP,NAT,NR,LI	499 	544 	142 	437 	187 	: 	606 	598 	577 	: 	: 	164 	192 	156 	174 	: 
A,PER_SUSP,NAT,NR,LT	22867 	23716 	24096 	23965 	28615 	30162 	30052 	26289 	20578 	27168 	23497 	22818 	24313 	21223 	21114 	20680 
A,PER_SUSP,NAT,NR,LU	6942 	7983 	8593 	9370 	9806 	10584 	11376 	10968 	10481 	8693 	9357 	11031 	11934 	12286 	12010 	: 
A,PER_SUSP,NAT,NR,LV	25829 	26542 	24972 	24511 	24576 	21459 	21178 	22288 	14078 	13692 	12713 	12697 	12144 	11634 	11526 	11514 
A,PER_SUSP,NAT,NR,ME	5852 	5765 	5067 	4395 	3751 	4159 	3682 	3319 	3132 	3045 	3794 	3268 	5916 	4929 	3556 	3688 
A,PER_SUSP,NAT,NR,MT	3144 	3239 	3993 	4443 	4440 	4565 	4386 	4518 	4350 	4312 	4524 	4131 	4042 	4648 	4508 	4910 
A,PER_SUSP,NAT,NR,NL	: 	: 	: 	: 	: 	: 	168627 	156482 	145691 	130269 	: 	: 	: 	: 	: 	: 
A,PER_SUSP,NAT,NR,NO	72301 	68369 	68309 	65863 	64005 	63691 	62281 	62210 	61908 	56735 	54525 	53536 	54526 	51145 	48188 	47412 
A,PER_SUSP,NAT,NR,PL	514485 	519665 	513835 	519700 	498387 	: 	: 	: 	: 	: 	: 	: 	: 	: 	: 	: 
A,PER_SUSP,NAT,NR,RO	229419 	234751 	242328 	212204 	237819 	239110 	208583 	183901 	193179 	189010 	195300 	198594 	170175 	194630 	203950 	207394 
A,PER_SUSP,NAT,NR,RS	55299 	53964 	53356 	50601 	48735 	46508 	47142 	47941 	47636 	48691 	48309 	48627 	45002 	44073 	43010 	42506 
A,PER_SUSP,NAT,NR,SI	15114 	16871 	17438 	16563 	15831 	15440 	15392 	13572 	13282 	12877 	12839 	12882 	12706 	11273 	12364 	12368 
A,PER_SUSP,NAT,NR,SK	: 	: 	: 	: 	: 	: 	49885 	44245 	42149 	41188 	39884 	38814 	35216 	32945 	33324 	32525 
A,PER_SUSP,NAT,NR,TR	: 	1262447 	1394451 	1490772 	1668260 	: 	: 	: 	: 	: 	: 	: 	: 	: 	: 	: 
A,PER_SUSP,NAT,P_HTHAB,AL	: 	: 	: 	: 	: 	: 	: 	1274.76 	1188.90 	1234.90 	1359.92 	1482.27 	1417.80 	1366.73 	1346.26 	1403.15 
A,PER_SUSP,NAT,P_HTHAB,AT	2109.27 	2118.62 	2044.70 	2176.24 	2129.48 	2067.88 	1953.96 	1839.68 	1891.96 	1878.72 	1962.72 	2058.47 	1878.24 	1823.54 	1936.86 	1971.36 
A,PER_SUSP,NAT,P_HTHAB,BA	: 	: 	346.98 	: 	: 	: 	: 	: 	: 	: 	: 	: 	: 	: 	: 	: 
A,PER_SUSP,NAT,P_HTHAB,BE	1482.49 	1512.00 	1476.94 	1460.99 	1360.64 	1322.83 	1328.83 	979.58 	1082.86 	1097.77 	1103.03 	1125.25 	1752.50 	1308.26 	1041.44 	988.53 
A,PER_SUSP,NAT,P_HTHAB,BG	719.87 	724.55 	774.28 	675.38 	602.25 	573.01 	46.06 	697.11 	709.85 	686.93 	665.74 	640.98 	617.81 	611.92 	661.04 	682.35 
A,PER_SUSP,NAT,P_HTHAB,CH	: 	872.32 	759.18 	714.40 	711.02 	708.47 	651.50 	657.92 	636.98 	633.85 	637.37 	634.10 	631.08 	601.26 	576.96 	556.10 
A,PER_SUSP,NAT,P_HTHAB,CZ	1097.13 	1101.82 	1004.58 	1025.12 	1004.36 	1047.21 	1017.94 	895.18 	810.52 	749.00 	723.83 	728.71 	641.81 	599.70 	639.54 	642.97 
A,PER_SUSP,NAT,P_HTHAB,DE	2067.96 	2059.18 	1960.61 	1939.96 	1902.34 	1931.99 	1896.94 	1794.60 	1712.26 	1672.97 	1621.99 	1589.93 	1570.84 	1506.67 	1573.70 	1592.30 
A,PER_SUSP,NAT,P_HTHAB,DK	: 	: 	: 	: 	: 	: 	: 	384.58 	380.57 	367.33 	374.73 	413.19 	432.84 	425.84 	422.67 	382.43 
A,PER_SUSP,NAT,P_HTHAB,EL	1358.09 	1227.27 	1062.12 	667.87 	752.31 	618.42 	605.40 	650.74 	724.15 	711.88 	719.49 	728.00 	723.89 	786.98 	1013.82 	1084.63 
A,PER_SUSP,NAT,P_HTHAB,ES	427.58 	457.44 	444.44 	530.76 	524.60 	539.27 	529.20 	588.33 	564.56 	575.89 	591.12 	603.21 	598.30 	647.54 	705.04 	745.39 
A,PER_SUSP,NAT,P_HTHAB,FI	: 	: 	: 	: 	: 	7468.04 	6961.15 	6928.22 	6958.91 	7154.29 	7659.48 	7167.63 	4952.64 	2454.05 	2343.79 	2391.91 
A,PER_SUSP,NAT,P_HTHAB,FR	1454.91 	1461.69 	1422.30 	1433.15 	1415.76 	1396.92 	1415.95 	1464.99 	1428.08 	1435.23 	2107.06 	2099.30 	1931.47 	2117.42 	2118.09 	2248.11 
A,PER_SUSP,NAT,P_HTHAB,HR	665.94 	686.09 	664.79 	657.60 	587.72 	500.92 	448.57 	443.09 	423.54 	401.30 	380.64 	419.65 	428.67 	456.06 	486.68 	511.08 
A,PER_SUSP,NAT,P_HTHAB,HU	1503.62 	1380.31 	1578.95 	1505.33 	1423.79 	1412.24 	1156.98 	1013.11 	918.66 	891.53 	561.06 	1343.93 	1346.56 	1462.08 	1424.52 	1510.90 
A,PER_SUSP,NAT,P_HTHAB,IS	: 	: 	: 	: 	: 	: 	1470.20 	1322.39 	1245.30 	1256.40 	1244.94 	1184.06 	1090.81 	1119.60 	1029.91 	1009.13 
A,PER_SUSP,NAT,P_HTHAB,IT	1002.22 	1005.26 	1002.66 	1040.53 	1082.58 	1124.79 	1112.12 	1085.34 	1042.51 	1017.39 	977.04 	986.54 	940.13 	955.39 	914.12 	894.73 
A,PER_SUSP,NAT,P_HTHAB,LI	1411.36 	1528.56 	395.61 	1208.89 	512.68 	: 	1632.15 	1600.39 	1533.68 	: 	: 	427.33 	495.52 	399.44 	442.66 	: 
A,PER_SUSP,NAT,P_HTHAB,LT	711.79 	744.88 	766.91 	785.07 	952.68 	1014.90 	1020.97 	899.92 	712.40 	953.96 	836.52 	816.62 	865.24 	755.06 	752.46 	723.77 
A,PER_SUSP,NAT,P_HTHAB,LU	1434.89 	1617.63 	1711.53 	1830.65 	1868.33 	1970.81 	2069.57 	1948.28 	1818.83 	1471.73 	1554.31 	1796.89 	1906.06 	1935.63 	1860.87 	: 
A,PER_SUSP,NAT,P_HTHAB,LV	1178.43 	1227.19 	1177.64 	1181.48 	1201.87 	1060.32 	1058.12 	1122.20 	715.00 	702.11 	657.21 	661.31 	636.59 	614.51 	614.47 	611.47 
A,PER_SUSP,NAT,P_HTHAB,ME	950.71 	934.12 	818.58 	709.04 	604.70 	669.84 	592.42 	533.52 	503.36 	489.25 	609.62 	525.25 	951.32 	794.05 	575.70 	598.03 
A,PER_SUSP,NAT,P_HTHAB,MT	770.91 	788.22 	964.43 	1070.63 	1063.36 	1083.39 	1021.37 	1027.54 	965.78 	936.79 	951.02 	836.98 	785.08 	900.56 	866.63 	905.82 
A,PER_SUSP,NAT,P_HTHAB,NL	: 	: 	: 	: 	: 	: 	1001.99 	925.89 	858.06 	762.63 	: 	: 	: 	: 	: 	: 
A,PER_SUSP,NAT,P_HTHAB,NO	1526.25 	1424.58 	1406.06 	1338.60 	1283.73 	1260.89 	1219.29 	1204.10 	1188.09 	1078.96 	1029.62 	1004.76 	1015.84 	948.65 	888.21 	863.77 
A,PER_SUSP,NAT,P_HTHAB,PL	1349.80 	1362.67 	1351.38 	1365.38 	1309.35 	: 	: 	: 	: 	: 	: 	: 	: 	: 	: 	: 
A,PER_SUSP,NAT,P_HTHAB,RO	1111.77 	1148.47 	1129.09 	990.97 	1183.41 	1194.35 	1045.67 	925.49 	977.61 	962.18 	999.82 	1022.92 	880.42 	1013.61 	1071.03 	1088.42 
A,PER_SUSP,NAT,P_HTHAB,RS	750.78 	735.71 	730.24 	697.80 	675.31 	647.61 	659.63 	673.86 	673.17 	691.61 	689.99 	698.29 	649.69 	641.38 	632.77 	640.04 
A,PER_SUSP,NAT,P_HTHAB,SI	751.84 	830.12 	851.89 	807.88 	770.18 	749.94 	746.79 	657.92 	643.45 	623.31 	621.18 	619.06 	606.24 	534.52 	586.76 	584.23 
A,PER_SUSP,NAT,P_HTHAB,SK	: 	: 	: 	: 	: 	: 	921.08 	816.13 	776.76 	757.78 	732.74 	712.13 	645.23 	603.41 	613.17 	599.12 
A,PER_SUSP,NAT,P_HTHAB,TR	: 	1765.24 	1921.76 	2022.13 	2232.55 	: 	: 	: 	: 	: 	: 	: 	: 	: 	: 	: 
A,PER_SUSP,TOTAL,NR,AL	13085 	11989 	15107 	17773 	21028 	21843 	29593 	37112 	34674 	36051 	39649 	43045 	40956 	39328 	38198 	39489 
A,PER_SUSP,TOTAL,NR,AT	240554 	246378 	239954 	259028 	259923 	260150 	255815 	250580 	270160 	270630 	288414 	304422 	276344 	266961 	302503 	329969 
A,PER_SUSP,TOTAL,NR,BA	12065 	25395 	27407 	29113 	29253 	27505 	25856 	22186 	21589 	: 	19216 	18575 	18247 	19083 	18176 	18303 
A,PER_SUSP,TOTAL,NR,BE	264433 	278531 	275665 	284684 	274645 	271918 	261631 	170515 	189420 	195083 	199089 	204636 	315387 	240384 	196595 	193602 
A,PER_SUSP,TOTAL,NR,BG	55504 	55400 	59206 	51277 	46071 	44591 	55873 	53403 	53054 	50522 	48449 	46219 	44354 	44351 	45246 	46469 
A,PER_SUSP,TOTAL,NR,CH	: 	132907 	121867 	119634 	125109 	127624 	118874 	121469 	121657 	119941 	122353 	122199 	116515 	115044 	120000 	126633 
A,PER_SUSP,TOTAL,NR,CY	9840 	9316 	9685 	6243 	6385 	5956 	5605 	5218 	4474 	4642 	4347 	4358 	3813 	4239 	5349 	5561 
A,PER_SUSP,TOTAL,NR,CZ	122053 	123235 	112477 	114975 	113026 	117596 	114392 	101597 	93093 	86787 	84990 	86209 	75405 	69749 	75474 	79356 
A,PER_SUSP,TOTAL,NR,DE	2255693 	2250339 	2152803 	2112843 	2094118 	2094160 	2149504 	2369036 	2360806 	2132876 	2051266 	2019211 	1969617 	1892003 	2093782 	2246767 
A,PER_SUSP,TOTAL,NR,DK	: 	: 	: 	: 	: 	: 	: 	35160 	34826 	33608 	34042 	36080 	35724 	35555 	37115 	34347 
A,PER_SUSP,TOTAL,NR,EE	18249 	15620 	16924 	19744 	: 	: 	: 	: 	: 	: 	: 	: 	: 	: 	: 	: 
A,PER_SUSP,TOTAL,NR,EL	216241 	196694 	171406 	130923 	120526 	98771 	100269 	110325 	111534 	115443 	124257 	122305 	113139 	117565 	144770 	163192 
A,PER_SUSP,TOTAL,NR,ES	350801 	334045 	322884 	377965 	369612 	374807 	349924 	377694 	365072 	372760 	389149 	406138 	413810 	451654 	506562 	554986 
A,PER_SUSP,TOTAL,NR,FI	401971 	446701 	462985 	467458 	416883 	424881 	398953 	398477 	401952 	414491 	445114 	417374 	293152 	151164 	145554 	150421 
A,PER_SUSP,TOTAL,NR,FR	1172393 	1174837 	1146315 	1172547 	1152159 	1106022 	1111882 	1154490 	1129039 	1143435 	1711529 	1720831 	1594939 	1771447 	1802848 	1894974 
A,PER_SUSP,TOTAL,NR,HR	31740 	32431 	31252 	30929 	27453 	22350 	20019 	19783 	18728 	17873 	17399 	18675 	18966 	20656 	20904 	23100 
A,PER_SUSP,TOTAL,NR,HU	156350 	143860 	163860 	156736 	147559 	145106 	119546 	105144 	97151 	91427 	57943 	135839 	138619 	146404 	143824 	153063 
A,PER_SUSP,TOTAL,NR,IE	: 	: 	: 	: 	: 	: 	: 	: 	: 	: 	: 	122941 	111268 	99082 	104538 	107884 
A,PER_SUSP,TOTAL,NR,IS	: 	4614 	: 	3895 	3711 	: 	5685 	5401 	5481 	6112 	6596 	6421 	5708 	5874 	5821 	6313 
A,PER_SUSP,TOTAL,NR,IT	889793 	869132 	867842 	900870 	933895 	978082 	980845 	961949 	893689 	878632 	869304 	854657 	801372 	830802 	818619 	796644 
A,PER_SUSP,TOTAL,NR,LI	1392 	1496 	1049 	1379 	584 	: 	1701 	1707 	1647 	: 	: 	523 	602 	496 	544 	: 
A,PER_SUSP,TOTAL,NR,LT	20904 	21327 	21736 	21600 	26446 	30722 	30652 	26825 	21094 	27738 	24075 	23444 	24883 	22066 	22355 	21857 
A,PER_SUSP,TOTAL,NR,LU	18162 	22457 	20579 	23945 	25952 	27315 	29450 	28436 	27777 	23911 	25757 	29036 	31590 	32353 	34660 	: 
A,PER_SUSP,TOTAL,NR,LV	26446 	23810 	25614 	24529 	24589 	22133 	21961 	23235 	14997 	14325 	13384 	13320 	12704 	12356 	12274 	12544 
A,PER_SUSP,TOTAL,NR,ME	6774 	6637 	5833 	5067 	4362 	4790 	4285 	3852 	3606 	3591 	4425 	3868 	6641 	5619 	4115 	4343 
A,PER_SUSP,TOTAL,NR,MK	22690 	21226 	21093 	20429 	17577 	18311 	17182 	15920 	15913 	14752 	: 	: 	: 	: 	: 	: 
A,PER_SUSP,TOTAL,NR,MT	3544 	3669 	4502 	5075 	5171 	5340 	5289 	5437 	5384 	5472 	5791 	5251 	5341 	6010 	5921 	6610 
A,PER_SUSP,TOTAL,NR,NL	470955 	423420 	386430 	376685 	364070 	342535 	217105 	200400 	186910 	172550 	165960 	167850 	152810 	142040 	155810 	150450 
A,PER_SUSP,TOTAL,NR,NO	85875 	82809 	83635 	81787 	80958 	82312 	81198 	80340 	80001 	73814 	70497 	69345 	69886 	64938 	61549 	60751 
A,PER_SUSP,TOTAL,NR,PL	516626 	521699 	516154 	521942 	500539 	430101 	363616 	319399 	312423 	309015 	336886 	338584 	310684 	322200 	317079 	305577 
A,PER_SUSP,TOTAL,NR,PT	224383 	240166 	208934 	206492 	205826 	194385 	180205 	183952 	173696 	180676 	174822 	152788 	132443 	138890 	159486 	175486 
A,PER_SUSP,TOTAL,NR,RO	230419 	235611 	243035 	212875 	238434 	239636 	209022 	184526 	193790 	189520 	195809 	199150 	170508 	195002 	204473 	208221 
A,PER_SUSP,TOTAL,NR,RS	56966 	55583 	55264 	52288 	50138 	52017 	48606 	49393 	49242 	50528 	50322 	50689 	46933 	46603 	45829 	45027 
A,PER_SUSP,TOTAL,NR,SE	184251 	193905 	196046 	191561 	186857 	176062 	172431 	172681 	170971 	176993 	180770 	189190 	199930 	192092 	189678 	194503 
A,PER_SUSP,TOTAL,NR,SI	17471 	19286 	20134 	19177 	18508 	18373 	18270 	16041 	15651 	15415 	15676 	16161 	15611 	14256 	15365 	15948 
A,PER_SUSP,TOTAL,NR,SK	52573 	54887 	52050 	53023 	53507 	53853 	51049 	46429 	43426 	42911 	41426 	40339 	36324 	34162 	34890 	34210 
A,PER_SUSP,TOTAL,NR,TR	: 	1269989 	1402368 	1501230 	1678537 	: 	: 	: 	: 	: 	: 	: 	: 	: 	: 	: 
A,PER_SUSP,TOTAL,NR,UKM	228171 	206537 	196095 	204239 	192785 	: 	: 	: 	: 	: 	: 	: 	: 	: 	: 	: 
A,PER_SUSP,TOTAL,NR,UKN	81185 	: 	: 	: 	: 	: 	: 	: 	: 	: 	: 	: 	: 	: 	: 	: 
A,PER_SUSP,TOTAL,NR,XK	: 	: 	: 	: 	: 	: 	: 	: 	: 	35300 	34450 	33411 	30614 	: 	: 	: 
A,PER_SUSP,TOTAL,P_HTHAB,AL	412.77 	376.45 	: 	627.63 	: 	: 	1021.87 	1286.02 	1205.80 	1253.25 	1381.34 	1503.79 	1439.10 	1389.81 	1367.34 	1429.84 
A,PER_SUSP,TOTAL,P_HTHAB,AT	2895.45 	2955.94 	2873.14 	3092.81 	3091.33 	3078.02 	3007.15 	2921.79 	3105.12 	3084.85 	3269.16 	3436.39 	3104.62 	2988.59 	3369.03 	3624.13 
A,PER_SUSP,TOTAL,P_HTHAB,BA	313.88 	660.64 	712.97 	757.52 	761.94 	: 	: 	: 	: 	: 	: 	: 	: 	: 	: 	: 
A,PER_SUSP,TOTAL,P_HTHAB,BE	2479.01 	2590.24 	2543.06 	2587.89 	2475.43 	2436.18 	2339.99 	1517.41 	1674.64 	1718.53 	1746.61 	1786.35 	2737.15 	2080.39 	1692.21 	1648.69 
A,PER_SUSP,TOTAL,P_HTHAB,BG	738.28 	741.92 	797.73 	695.81 	628.76 	612.13 	771.12 	741.48 	741.62 	711.39 	687.22 	660.27 	638.05 	641.23 	697.97 	720.71 
A,PER_SUSP,TOTAL,P_HTHAB,CH	: 	1725.65 	1565.25 	1520.10 	1572.78 	1587.55 	1460.43 	1474.56 	1460.97 	1424.55 	1442.14 	1430.14 	1353.88 	1326.87 	1373.19 	1436.50 
A,PER_SUSP,TOTAL,P_HTHAB,CY	1267.50 	1168.99 	1182.34 	743.43 	740.71 	687.86 	653.26 	616.05 	527.40 	543.05 	502.99 	497.55 	429.39 	473.10 	591.24 	585.93 
A,PER_SUSP,TOTAL,P_HTHAB,CZ	1180.01 	1182.02 	1075.09 	1096.39 	1075.88 	1118.24 	1088.16 	964.08 	882.08 	820.38 	801.03 	809.49 	705.12 	664.60 	717.66 	732.91 
A,PER_SUSP,TOTAL,P_HTHAB,DE	2743.56 	2744.24 	2631.72 	2633.74 	2606.96 	2600.67 	2661.35 	2917.62 	2872.88 	2584.63 	2477.60 	2432.22 	2368.28 	2275.27 	2515.44 	2703.09 
A,PER_SUSP,TOTAL,P_HTHAB,DK	: 	: 	: 	: 	: 	: 	: 	621.23 	610.21 	584.61 	588.84 	621.42 	613.52 	608.81 	631.91 	578.95 
A,PER_SUSP,TOTAL,P_HTHAB,EE	1363.45 	1169.39 	1269.34 	1484.89 	: 	: 	: 	: 	: 	: 	: 	: 	: 	: 	: 	: 
A,PER_SUSP,TOTAL,P_HTHAB,EL	1933.79 	1772.86 	1541.52 	1177.01 	1087.15 	897.62 	917.64 	1016.07 	1034.28 	1072.07 	1156.83 	1140.42 	1055.54 	1100.94 	1384.06 	1567.05 
A,PER_SUSP,TOTAL,P_HTHAB,ES	768.14 	722.43 	694.57 	809.92 	789.46 	802.11 	752.33 	813.13 	786.11 	801.15 	834.04 	865.28 	874.26 	952.88 	1066.74 	1154.17 
A,PER_SUSP,TOTAL,P_HTHAB,FI	7583.67 	8386.68 	8651.62 	8696.45 	7718.24 	7829.49 	7318.53 	7282.44 	7325.12 	7531.69 	8073.71 	7563.97 	5305.64 	2731.65 	2623.43 	2703.48 
A,PER_SUSP,TOTAL,P_HTHAB,FR	1831.66 	1825.69 	1772.87 	1804.51 	1765.03 	1686.00 	1686.15 	1737.17 	1694.28 	1711.48 	2553.52 	2561.61 	2363.80 	2615.51 	2647.68 	2775.41 
A,PER_SUSP,TOTAL,P_HTHAB,HR	736.09 	752.50 	726.31 	720.98 	642.03 	524.38 	471.39 	468.20 	446.90 	430.24 	423.80 	458.14 	467.35 	511.75 	541.23 	599.86 
A,PER_SUSP,TOTAL,P_HTHAB,HU	1556.43 	1434.16 	1636.26 	1569.60 	1485.70 	1464.42 	1210.30 	1066.85 	988.26 	933.16 	592.56 	1389.98 	1430.63 	1516.91 	1496.54 	1594.45 
A,PER_SUSP,TOTAL,P_HTHAB,IE	: 	: 	: 	: 	: 	: 	: 	: 	: 	: 	: 	2506.83 	2219.77 	1955.48 	2028.18 	2046.59 
A,PER_SUSP,TOTAL,P_HTHAB,IS	: 	1444.73 	: 	1223.10 	1161.23 	: 	1745.63 	1641.14 	1648.28 	1806.42 	1892.95 	1798.64 	1567.55 	1592.77 	1547.12 	1628.08 
A,PER_SUSP,TOTAL,P_HTHAB,IT	1517.05 	1473.09 	1466.19 	1517.52 	1572.37 	1638.73 	1613.69 	1582.27 	1473.14 	1450.14 	1437.25 	1428.79 	1343.65 	1402.52 	1386.78 	1350.31 
A,PER_SUSP,TOTAL,P_HTHAB,LI	3937.10 	4203.55 	2922.49 	3814.77 	1601.10 	: 	4581.32 	4568.32 	4377.76 	: 	: 	1362.76 	1553.67 	1270.00 	1383.94 	: 
A,PER_SUSP,TOTAL,P_HTHAB,LT	650.69 	669.85 	691.79 	707.60 	880.46 	1033.75 	1041.36 	918.27 	730.26 	973.98 	857.10 	839.03 	885.52 	785.05 	796.69 	764.96 
A,PER_SUSP,TOTAL,P_HTHAB,LU	3754.04 	4550.56 	4098.86 	4678.22 	4944.62 	5086.22 	5357.66 	5051.18 	4820.31 	4048.14 	4278.54 	4729.81 	5045.46 	5097.13 	5370.34 	: 
A,PER_SUSP,TOTAL,P_HTHAB,LV	1206.58 	1100.87 	1207.92 	1182.35 	1202.51 	1093.62 	1097.24 	1169.88 	761.67 	734.57 	691.90 	693.76 	665.94 	652.64 	654.35 	666.17 
A,PER_SUSP,TOTAL,P_HTHAB,ME	1100.49 	1075.42 	942.32 	817.46 	703.20 	771.47 	689.44 	619.19 	579.54 	576.97 	711.00 	621.68 	1067.90 	905.21 	666.20 	704.24 
A,PER_SUSP,TOTAL,P_HTHAB,MK	1109.44 	1036.11 	1027.56 	993.01 	853.34 	887.89 	831.75 	769.39 	768.27 	711.38 	: 	: 	: 	: 	: 	: 
A,PER_SUSP,TOTAL,P_HTHAB,MT	868.99 	892.86 	1087.37 	1222.92 	1238.43 	1267.31 	1231.65 	1236.55 	1195.34 	1188.80 	1217.36 	1063.91 	1037.38 	1164.45 	1138.27 	1219.44 
A,PER_SUSP,TOTAL,P_HTHAB,NL	2870.73 	2568.39 	2331.40 	2261.58 	2176.11 	2041.38 	1290.04 	1185.75 	1100.82 	1010.16 	965.95 	971.23 	877.84 	812.80 	885.75 	844.69 
A,PER_SUSP,TOTAL,P_HTHAB,NO	1812.79 	1725.45 	1721.52 	1662.23 	1623.75 	1629.53 	1589.63 	1555.02 	1535.32 	1403.76 	1331.23 	1301.47 	1302.00 	1204.48 	1134.49 	1106.78 
A,PER_SUSP,TOTAL,P_HTHAB,PL	1355.42 	1368.00 	1357.48 	1371.27 	1315.00 	1129.99 	956.43 	840.40 	822.88 	813.78 	887.09 	891.65 	818.49 	851.48 	859.53 	831.42 
A,PER_SUSP,TOTAL,P_HTHAB,PT	2126.18 	2273.65 	1976.02 	1953.06 	1952.36 	1853.53 	1728.20 	1773.06 	1679.63 	1752.51 	1698.78 	1486.75 	1276.51 	1336.21 	1530.41 	1668.65 
A,PER_SUSP,TOTAL,P_HTHAB,RO	1116.62 	1152.68 	1132.39 	994.10 	1186.48 	1196.98 	1047.87 	928.64 	980.70 	964.78 	1002.43 	1025.78 	882.14 	1015.55 	1073.77 	1092.76 
A,PER_SUSP,TOTAL,P_HTHAB,RS	773.42 	757.78 	756.35 	721.06 	694.75 	724.32 	680.11 	694.27 	695.87 	717.70 	718.74 	727.90 	677.57 	678.20 	674.24 	678.00 
A,PER_SUSP,TOTAL,P_HTHAB,SE	2006.45 	2094.83 	2098.84 	2034.51 	1970.47 	1842.44 	1787.80 	1771.57 	1735.57 	1770.79 	1786.22 	1849.33 	1935.88 	1850.72 	1814.70 	1848.61 
A,PER_SUSP,TOTAL,P_HTHAB,SI	869.09 	948.95 	983.60 	935.38 	900.42 	892.40 	886.43 	777.60 	758.22 	746.17 	758.44 	776.63 	744.85 	675.97 	729.17 	753.34 
A,PER_SUSP,TOTAL,P_HTHAB,SK	977.91 	1019.75 	965.60 	983.28 	990.08 	995.28 	942.57 	856.41 	800.29 	789.48 	761.07 	740.11 	665.53 	625.70 	641.98 	630.16 
A,PER_SUSP,TOTAL,P_HTHAB,TR	: 	1775.78 	1932.67 	2036.31 	2246.31 	: 	: 	: 	: 	: 	: 	: 	: 	: 	: 	: 
A,PER_SUSP,TOTAL,P_HTHAB,UKM	4399.77 	3958.98 	3737.59 	3867.74 	3633.16 	: 	: 	: 	: 	: 	: 	: 	: 	: 	: 	: 
A,PER_SUSP,TOTAL,P_HTHAB,UKN	4585.78 	: 	: 	: 	: 	: 	: 	: 	: 	: 	: 	: 	: 	: 	: 	: 
A,PER_SUSP,TOTAL,P_HTHAB,XK	: 	: 	: 	: 	: 	: 	: 	: 	: 	1979.22 	1915.48 	1860.65 	1717.85 	: 	: 	: 
