freq,leg_case,leg_stat,unit,geo\TIME_PERIOD	2008 	2009 	2010 	2011 	2012 	2013 	2014 	2015 	2016 	2017 	2018 	2019 	2020 	2021 	2022 
A,ADM,CRT_BGHT,NR,AL	: 	: 	: 	: 	: 	4432 	21425 	14098 	14870 	11952 	11429 	20698 	18129 	15207 	: 
A,ADM,CRT_BGHT,NR,BA	8115 	9214 	10992 	12066 	11611 	14559 	13797 	9109 	7259 	7026 	7632 	7932 	7279 	7938 	9426 
A,ADM,CRT_BGHT,NR,BG	: 	: 	: 	27794 	28173 	25866 	24306 	25936 	24620 	30872 	30600 	34205 	28782 	28075 	27299 
A,ADM,CRT_BGHT,NR,CH	15361 	: 	20209 	: 	23788 	: 	: 	: 	9021 	: 	: 	: 	: 	: 	: 
A,ADM,CRT_BGHT,NR,CZ	: 	: 	: 	5274 	8501 	8034 	8568 	9374 	10100 	11113 	11865 	10576 	10015 	9303 	7702 
A,ADM,CRT_BGHT,NR,DE	127735 	123183 	123864 	119531 	132789 	151463 	142947 	144628 	230801 	352331 	199170 	170379 	150041 	153720 	145155 
A,ADM,CRT_BGHT,NR,EE	2736 	3264 	3556 	3206 	2855 	2957 	3786 	3371 	2956 	2986 	2478 	2533 	2737 	3119 	2770 
A,ADM,CRT_BGHT,NR,EL	: 	: 	: 	: 	: 	65353 	65131 	54379 	53934 	60100 	60320 	59157 	45159 	46741 	52463 
A,ADM,CRT_BGHT,NR,ES	256609 	260708 	246427 	251807 	193871 	164704 	180127 	166195 	162186 	165146 	175010 	199523 	154977 	184562 	183873 
A,ADM,CRT_BGHT,NR,FI	19432 	21376 	22079 	20147 	19313 	19458 	20582 	20262 	27764 	21711 	18751 	20000 	19510 	21906 	21282 
A,ADM,CRT_BGHT,NR,FR	: 	: 	: 	192262 	187526 	184997 	207707 	200734 	31308 	193532 	213029 	231280 	210514 	241384 	241187 
A,ADM,CRT_BGHT,NR,HR	13298 	14761 	14470 	13520 	12011 	13813 	13942 	14339 	14339 	11816 	13430 	13034 	12255 	13408 	12724 
A,ADM,CRT_BGHT,NR,HU	12928 	13496 	14360 	12879 	12595 	22208 	18008 	18149 	19590 	16908 	17120 	16432 	29254 	20582 	19551 
A,ADM,CRT_BGHT,NR,IT	56021 	55073 	56716 	55437 	51366 	54902 	63723 	61723 	54565 	48555 	49968 	50874 	42049 	48107 	51576 
A,ADM,CRT_BGHT,NR,LT	4703 	4349 	7681 	5964 	8068 	17932 	14276 	16923 	14917 	11699 	14899 	14273 	14890 	16124 	23365 
A,ADM,CRT_BGHT,NR,LU	: 	: 	: 	: 	: 	: 	1372 	1274 	1156 	1213 	1246 	1456 	1095 	1077 	1151 
A,ADM,CRT_BGHT,NR,LV	3661 	4086 	4403 	4703 	4001 	2824 	2404 	2368 	2395 	2104 	1864 	1872 	1697 	1905 	1874 
A,ADM,CRT_BGHT,NR,ME	2009 	2285 	3733 	3676 	3400 	3129 	3603 	3598 	4691 	12729 	9112 	6492 	5473 	6602 	13341 
A,ADM,CRT_BGHT,NR,MT	: 	: 	: 	: 	: 	337 	119 	75 	90 	81 	141 	127 	129 	151 	141 
A,ADM,CRT_BGHT,NR,PL	57444 	59102 	67830 	66020 	72160 	81634 	84162 	83529 	76692 	72426 	65963 	70227 	68475 	86264 	77118 
A,ADM,CRT_BGHT,NR,PT	: 	: 	: 	: 	: 	: 	: 	34790 	26692 	25052 	24431 	27525 	69164 	24931 	24212 
A,ADM,CRT_BGHT,NR,RO	53884 	56980 	100663 	160002 	243411 	193012 	90975 	103289 	117362 	146197 	83740 	82771 	79017 	79825 	83439 
A,ADM,CRT_BGHT,NR,RS	: 	: 	: 	: 	: 	21396 	18125 	19956 	21115 	21480 	25206 	22537 	32968 	38664 	63534 
A,ADM,CRT_BGHT,NR,SE	119623 	125456 	131112 	128686 	129382 	132257 	133024 	127631 	143882 	163528 	167214 	177137 	191848 	178008 	152423 
A,ADM,CRT_BGHT,NR,SI	4299 	3607 	3339 	3635 	3174 	3281 	3290 	2953 	2972 	3976 	3540 	3139 	2893 	2751 	2718 
A,ADM,CRT_BGHT,NR,SK	244 	237 	379 	274 	243 	204 	354 	182 	171 	5036 	5063 	5525 	5071 	5470 	5148 
A,ADM,CRT_BGHT,NR,TR	: 	353371 	424789 	386616 	381917 	433619 	435587 	491943 	618330 	319459 	302428 	339609 	329493 	369106 	384499 
A,ADM,CRT_BGHT,NR,UKC-L	649222 	806235 	834803 	811527 	830676 	914084 	374677 	441925 	477956 	: 	: 	: 	: 	: 	: 
A,ADM,CRT_BGHT,NR,UKN	0 	0 	0 	0 	0 	0 	0 	0 	0 	0 	0 	: 	: 	: 	: 
A,ADM,CRT_BGHT,NR,XK	1402 	1031 	1244 	1550 	1637 	1720 	2568 	2300 	2216 	2380 	3008 	3151 	: 	: 	: 
A,ADM,CRT_BGHT,P_HTHAB,AL	: 	: 	: 	: 	: 	: 	739.83 	488.53 	517.11 	415.49 	398.18 	723.09 	637.01 	537.40 	: 
A,ADM,CRT_BGHT,P_HTHAB,BA	211.12 	239.70 	285.95 	313.96 	302.43 	: 	: 	: 	: 	: 	: 	: 	: 	: 	: 
A,ADM,CRT_BGHT,P_HTHAB,BG	: 	: 	: 	377.15 	384.50 	355.08 	335.46 	360.11 	344.15 	434.70 	434.04 	488.64 	414.04 	405.91 	399.17 
A,ADM,CRT_BGHT,P_HTHAB,CH	202.29 	: 	259.56 	: 	299.04 	: 	: 	: 	108.33 	: 	: 	: 	: 	: 	: 
A,ADM,CRT_BGHT,P_HTHAB,CZ	: 	: 	: 	50.29 	80.92 	76.40 	81.50 	88.95 	95.70 	105.05 	111.83 	99.31 	93.65 	86.93 	73.24 
A,ADM,CRT_BGHT,P_HTHAB,DE	155.36 	150.22 	151.42 	149.00 	165.31 	188.10 	176.99 	178.12 	280.86 	426.96 	240.57 	205.23 	180.41 	184.86 	174.39 
A,ADM,CRT_BGHT,P_HTHAB,EE	204.42 	244.36 	266.71 	241.11 	215.44 	223.99 	287.73 	256.38 	224.63 	226.96 	187.85 	191.20 	205.95 	234.50 	207.99 
A,ADM,CRT_BGHT,P_HTHAB,EL	: 	: 	: 	: 	: 	593.92 	596.07 	500.82 	500.14 	558.13 	561.58 	551.60 	421.32 	437.71 	501.57 
A,ADM,CRT_BGHT,P_HTHAB,ES	561.89 	563.82 	530.10 	539.58 	414.09 	352.47 	387.27 	357.80 	349.24 	354.94 	375.09 	425.09 	327.42 	389.38 	387.65 
A,ADM,CRT_BGHT,P_HTHAB,FI	366.61 	401.33 	412.58 	374.81 	357.56 	358.56 	377.56 	370.30 	505.97 	394.51 	340.12 	362.46 	353.10 	395.86 	383.58 
A,ADM,CRT_BGHT,P_HTHAB,FR	: 	: 	: 	295.88 	287.28 	282.01 	314.98 	301.91 	46.98 	289.68 	317.83 	344.28 	312.71 	356.78 	355.36 
A,ADM,CRT_BGHT,P_HTHAB,HR	308.40 	342.50 	336.29 	315.16 	280.89 	324.09 	328.29 	339.36 	342.16 	284.43 	327.12 	319.75 	301.98 	332.18 	329.44 
A,ADM,CRT_BGHT,P_HTHAB,HU	128.70 	134.54 	143.39 	128.97 	126.81 	224.12 	182.32 	184.15 	199.28 	172.57 	175.08 	168.14 	299.44 	211.51 	201.79 
A,ADM,CRT_BGHT,P_HTHAB,IT	95.51 	93.34 	95.82 	93.38 	86.48 	91.99 	104.84 	101.53 	89.94 	80.14 	82.61 	85.05 	70.50 	81.21 	87.37 
A,ADM,CRT_BGHT,P_HTHAB,LT	146.39 	136.60 	244.46 	195.38 	268.61 	603.38 	485.01 	579.30 	516.42 	410.79 	530.42 	510.81 	532.91 	576.75 	832.68 
A,ADM,CRT_BGHT,P_HTHAB,LU	: 	: 	: 	: 	: 	: 	249.60 	226.30 	200.61 	205.36 	206.98 	237.17 	174.89 	169.68 	178.34 
A,ADM,CRT_BGHT,P_HTHAB,LV	167.03 	188.92 	207.64 	226.69 	195.67 	139.54 	120.11 	119.23 	121.64 	107.89 	96.36 	97.50 	88.96 	100.62 	99.91 
A,ADM,CRT_BGHT,P_HTHAB,ME	326.38 	370.25 	603.07 	593.05 	548.11 	503.95 	579.71 	578.36 	753.92 	2045.19 	1464.11 	1043.42 	880.08 	1063.57 	2159.85 
A,ADM,CRT_BGHT,P_HTHAB,MT	: 	: 	: 	: 	: 	79.98 	27.97 	17.47 	20.72 	17.60 	29.64 	25.73 	25.07 	29.26 	27.06 
A,ADM,CRT_BGHT,P_HTHAB,PL	150.71 	154.98 	178.39 	173.45 	189.58 	214.47 	221.37 	219.78 	202.00 	190.73 	173.69 	184.94 	180.40 	227.97 	204.81 
A,ADM,CRT_BGHT,P_HTHAB,PT	: 	: 	: 	: 	: 	: 	: 	335.33 	258.11 	243.00 	237.40 	267.84 	671.76 	242.09 	233.89 
A,ADM,CRT_BGHT,P_HTHAB,RO	261.12 	278.76 	469.02 	747.19 	1211.24 	964.09 	456.08 	519.81 	593.93 	744.22 	428.76 	426.34 	408.80 	415.72 	438.17 
A,ADM,CRT_BGHT,P_HTHAB,RS	: 	: 	: 	: 	: 	297.93 	253.61 	280.50 	298.39 	305.10 	360.01 	323.63 	475.96 	562.67 	934.72 
A,ADM,CRT_BGHT,P_HTHAB,SE	1302.67 	1355.35 	1403.67 	1366.74 	1364.38 	1384.04 	1379.22 	1309.39 	1460.58 	1636.07 	1652.27 	1731.51 	1857.63 	1715.03 	1458.27 
A,ADM,CRT_BGHT,P_HTHAB,SI	213.85 	177.48 	163.12 	177.30 	154.42 	159.36 	159.62 	143.15 	143.98 	192.46 	171.27 	150.85 	138.03 	130.44 	128.99 
A,ADM,CRT_BGHT,P_HTHAB,SK	4.54 	4.40 	7.03 	5.08 	4.50 	3.77 	6.54 	3.36 	3.15 	92.65 	93.02 	101.37 	92.91 	100.19 	94.72 
A,ADM,CRT_BGHT,P_HTHAB,TR	: 	494.11 	585.42 	524.42 	511.10 	573.36 	568.15 	633.16 	785.27 	400.25 	374.24 	414.14 	396.24 	441.44 	454.06 
A,ADM,CRT_BGHT,P_HTHAB,UKC-L	1188.72 	1464.84 	1505.11 	1450.91 	1473.61 	1610.48 	655.30 	766.28 	821.97 	: 	: 	: 	: 	: 	: 
A,ADM,CRT_BGHT,P_HTHAB,UKN	0.00 	0.00 	0.00 	0.00 	0.00 	0.00 	0.00 	0.00 	0.00 	0.00 	0.00 	: 	: 	: 	: 
A,ADM,CRT_BGHT,P_HTHAB,XK	65.11 	47.28 	56.34 	86.39 	: 	: 	: 	: 	125.08 	133.44 	167.25 	175.48 	: 	: 	: 
A,ADM,CRT_PEN,NR,AL	: 	: 	: 	: 	: 	1538 	3841 	3315 	3561 	3018 	3054 	4486 	5947 	5474 	: 
A,ADM,CRT_PEN,NR,BA	7625 	8982 	1107 	11599 	11614 	14746 	16440 	9400 	8081 	7353 	7801 	8134 	8316 	7724 	8871 
A,ADM,CRT_PEN,NR,BG	: 	: 	: 	8581 	10886 	8623 	8444 	8736 	7714 	9410 	9528 	10007 	9960 	9910 	9737 
A,ADM,CRT_PEN,NR,CH	4584 	14190 	13267 	16911 	15190 	: 	: 	: 	4521 	: 	: 	: 	: 	: 	: 
A,ADM,CRT_PEN,NR,CZ	: 	: 	: 	8811 	8964 	8601 	9062 	9148 	10101 	10670 	12090 	11333 	9784 	8023 	5998 
A,ADM,CRT_PEN,NR,DE	115828 	111606 	111073 	106400 	105768 	110953 	125197 	122532 	189173 	338078 	316576 	278942 	243052 	225162 	202833 
A,ADM,CRT_PEN,NR,EE	: 	: 	1329 	732 	1026 	: 	: 	: 	: 	: 	: 	: 	: 	: 	: 
A,ADM,CRT_PEN,NR,EL	: 	: 	: 	: 	: 	345199 	308863 	263729 	237791 	199193 	162490 	139592 	110933 	98902 	84827 
A,ADM,CRT_PEN,NR,ES	313445 	332458 	326948 	335512 	285005 	226273 	203931 	176418 	157415 	152029 	155712 	170476 	171471 	175384 	180258 
A,ADM,CRT_PEN,NR,FI	11231 	12280 	12536 	11760 	11487 	11870 	13962 	13962 	17886 	16251 	13632 	13541 	14531 	18305 	17084 
A,ADM,CRT_PEN,NR,FR	: 	: 	: 	176057 	164241 	156224 	163461 	167378 	: 	: 	: 	: 	: 	: 	: 
A,ADM,CRT_PEN,NR,HR	36871 	36449 	35303 	32568 	7075 	12003 	13978 	15024 	13693 	10566 	8421 	7278 	6434 	6194 	5325 
A,ADM,CRT_PEN,NR,HU	6230 	6951 	7584 	6483 	5479 	5320 	6734 	5776 	5827 	5467 	5180 	4768 	7889 	6277 	6602 
A,ADM,CRT_PEN,NR,IT	671288 	629493 	504382 	441496 	320829 	298221 	267247 	241865 	212095 	184410 	165896 	149958 	135451 	124196 	108292 
A,ADM,CRT_PEN,NR,LT	1592 	1507 	2777 	2830 	2984 	9188 	10701 	10749 	4126 	2604 	4455 	3799 	4695 	4945 	5304 
A,ADM,CRT_PEN,NR,LU	: 	: 	: 	: 	: 	: 	: 	: 	: 	: 	: 	: 	: 	1428 	1525 
A,ADM,CRT_PEN,NR,LV	4265 	5350 	5449 	5507 	4349 	2570 	1545 	1300 	1409 	1407 	1311 	1212 	1094 	1236 	1103 
A,ADM,CRT_PEN,NR,ME	1620 	1282 	1220 	1264 	1701 	1473 	1810 	2157 	2719 	10740 	10394 	10074 	8505 	9040 	17092 
A,ADM,CRT_PEN,NR,MT	: 	: 	: 	: 	: 	753 	683 	418 	413 	374 	381 	361 	344 	385 	397 
A,ADM,CRT_PEN,NR,PL	: 	17558 	21267 	21837 	22131 	28070 	30991 	33167 	30867 	25726 	22374 	23363 	26785 	33017 	34155 
A,ADM,CRT_PEN,NR,PT	: 	: 	: 	: 	: 	: 	: 	75721 	72816 	70302 	67659 	66145 	60473 	58207 	55368 
A,ADM,CRT_PEN,NR,RO	18628 	27282 	52358 	91848 	140907 	110336 	84190 	59059 	69388 	66285 	52297 	52333 	55221 	55049 	54550 
A,ADM,CRT_PEN,NR,RS	: 	: 	: 	: 	: 	24988 	24262 	25896 	28176 	30750 	37514 	38769 	48011 	64836 	103198 
A,ADM,CRT_PEN,NR,SE	40732 	46401 	58528 	50389 	42450 	42542 	38990 	33760 	43229 	59263 	64585 	61674 	57374 	51411 	46215 
A,ADM,CRT_PEN,NR,SI	4285 	3057 	2300 	2416 	1923 	1818 	1669 	1617 	2000 	3294 	3599 	3946 	3751 	3898 	3946 
A,ADM,CRT_PEN,NR,SK	187 	163 	141 	116 	100 	106 	123 	128 	121 	5166 	5352 	6381 	7052 	8143 	8501 
A,ADM,CRT_PEN,NR,TR	: 	160445 	198349 	169291 	127635 	164392 	148044 	168262 	209919 	146903 	151004 	187073 	197572 	198902 	212806 
A,ADM,CRT_PEN,NR,UKC-L	462526 	627688 	727299 	746765 	836476 	862897 	366596 	396463 	450710 	: 	: 	: 	: 	: 	: 
A,ADM,CRT_PEN,NR,XK	1087 	792 	1028 	1384 	1616 	2560 	4039 	5380 	5192 	5304 	6093 	6315 	: 	: 	: 
A,ADM,CRT_PEN,P_HTHAB,AL	: 	: 	: 	: 	: 	: 	132.63 	114.87 	123.84 	104.92 	106.40 	156.72 	208.96 	193.45 	: 
A,ADM,CRT_PEN,P_HTHAB,BA	198.37 	233.66 	28.80 	301.81 	302.51 	: 	: 	: 	: 	: 	: 	: 	: 	: 	: 
A,ADM,CRT_PEN,P_HTHAB,BG	: 	: 	: 	116.44 	148.57 	118.37 	116.54 	121.30 	107.83 	132.50 	135.15 	142.96 	143.28 	143.28 	142.38 
A,ADM,CRT_PEN,P_HTHAB,CH	60.37 	184.24 	170.40 	214.88 	190.96 	: 	: 	: 	54.29 	: 	: 	: 	: 	: 	: 
A,ADM,CRT_PEN,P_HTHAB,CZ	: 	: 	: 	84.02 	85.33 	81.79 	86.20 	86.81 	95.71 	100.86 	113.95 	106.42 	91.49 	74.97 	57.03 
A,ADM,CRT_PEN,P_HTHAB,DE	140.88 	136.10 	135.78 	132.63 	131.67 	137.79 	155.01 	150.91 	230.21 	409.68 	382.37 	336.00 	292.25 	270.77 	243.68 
A,ADM,CRT_PEN,P_HTHAB,EE	: 	: 	99.68 	55.05 	77.42 	: 	: 	: 	: 	: 	: 	: 	: 	: 	: 
A,ADM,CRT_PEN,P_HTHAB,EL	: 	: 	: 	: 	: 	3137.14 	2826.65 	2428.89 	2205.09 	1849.83 	1512.78 	1301.61 	1034.96 	926.17 	810.98 
A,ADM,CRT_PEN,P_HTHAB,ES	686.34 	718.99 	703.32 	718.95 	608.75 	484.24 	438.45 	379.81 	338.96 	326.75 	333.73 	363.20 	362.27 	370.02 	380.03 
A,ADM,CRT_PEN,P_HTHAB,FI	211.89 	230.55 	234.26 	218.78 	212.67 	218.73 	256.12 	255.17 	325.95 	295.30 	247.26 	245.40 	262.99 	330.79 	307.92 
A,ADM,CRT_PEN,P_HTHAB,FR	: 	: 	: 	270.95 	251.61 	238.15 	247.89 	251.74 	: 	: 	: 	: 	: 	: 	: 
A,ADM,CRT_PEN,P_HTHAB,HR	855.09 	845.72 	820.46 	759.19 	165.46 	281.62 	329.14 	355.57 	326.75 	254.34 	205.12 	178.55 	158.54 	153.46 	137.87 
A,ADM,CRT_PEN,P_HTHAB,HU	62.02 	69.30 	75.73 	64.92 	55.17 	53.69 	68.18 	58.61 	59.27 	55.80 	52.97 	48.79 	80.75 	64.51 	68.14 
A,ADM,CRT_PEN,P_HTHAB,IT	1144.51 	1066.93 	852.14 	743.70 	540.17 	499.66 	439.68 	397.83 	349.61 	304.36 	274.28 	250.70 	227.11 	209.66 	183.45 
A,ADM,CRT_PEN,P_HTHAB,LT	49.55 	47.33 	88.38 	92.71 	99.35 	309.16 	363.55 	367.96 	142.84 	91.44 	158.60 	135.96 	168.03 	176.88 	189.02 
A,ADM,CRT_PEN,P_HTHAB,LU	: 	: 	: 	: 	: 	: 	: 	: 	: 	: 	: 	: 	: 	224.98 	236.29 
A,ADM,CRT_PEN,P_HTHAB,LV	194.59 	247.36 	256.97 	265.45 	212.68 	126.99 	77.19 	65.46 	71.56 	72.15 	67.77 	63.13 	57.35 	65.29 	58.80 
A,ADM,CRT_PEN,P_HTHAB,ME	263.18 	207.73 	197.09 	203.92 	274.22 	237.24 	291.22 	346.73 	436.99 	1725.61 	1670.10 	1619.14 	1367.64 	1456.33 	2767.12 
A,ADM,CRT_PEN,P_HTHAB,MT	: 	: 	: 	: 	: 	178.71 	160.56 	97.36 	95.07 	81.25 	80.09 	73.14 	66.85 	74.60 	76.20 
A,ADM,CRT_PEN,P_HTHAB,PL	: 	46.04 	55.93 	57.37 	58.14 	73.75 	81.52 	87.27 	81.30 	67.75 	58.92 	61.53 	70.56 	87.25 	90.71 
A,ADM,CRT_PEN,P_HTHAB,PT	: 	: 	: 	: 	: 	: 	: 	729.85 	704.13 	681.91 	657.46 	643.65 	587.35 	565.21 	534.85 
A,ADM,CRT_PEN,P_HTHAB,RO	90.27 	133.47 	243.95 	428.92 	701.17 	551.13 	422.06 	297.22 	351.15 	337.43 	267.77 	269.56 	285.69 	286.69 	286.47 
A,ADM,CRT_PEN,P_HTHAB,RS	: 	: 	: 	: 	: 	347.95 	339.48 	363.99 	398.17 	436.77 	535.80 	556.72 	693.13 	943.54 	1518.26 
A,ADM,CRT_PEN,P_HTHAB,SE	443.56 	501.29 	626.59 	535.17 	447.65 	445.19 	404.26 	346.35 	438.83 	592.92 	638.18 	602.86 	555.54 	495.32 	442.15 
A,ADM,CRT_PEN,P_HTHAB,SI	213.16 	150.42 	112.36 	117.84 	93.55 	88.30 	80.98 	78.39 	96.89 	159.45 	174.13 	189.63 	178.97 	184.83 	187.26 
A,ADM,CRT_PEN,P_HTHAB,SK	3.48 	3.03 	2.62 	2.15 	1.85 	1.96 	2.27 	2.36 	2.23 	95.04 	98.33 	117.07 	129.21 	149.15 	156.42 
A,ADM,CRT_PEN,P_HTHAB,TR	: 	224.34 	273.35 	229.63 	170.81 	217.37 	193.10 	216.56 	266.59 	184.05 	186.86 	228.13 	237.59 	237.88 	251.31 
A,ADM,CRT_PEN,P_HTHAB,UKC-L	846.88 	1140.44 	1311.28 	1335.12 	1483.90 	1520.29 	641.17 	687.45 	775.12 	: 	: 	: 	: 	: 	: 
A,ADM,CRT_PEN,P_HTHAB,XK	50.48 	36.32 	46.56 	77.14 	: 	: 	: 	: 	293.07 	297.39 	338.78 	351.68 	: 	: 	: 
A,ADM,CRT_RESL,NR,AL	: 	: 	: 	: 	: 	2891 	18852 	14870 	11309 	8934 	8375 	16212 	12082 	10733 	: 
A,ADM,CRT_RESL,NR,BA	3849 	7856 	8896 	11545 	11596 	11427 	12108 	9486 	8578 	7752 	7183 	7600 	7095 	8529 	8279 
A,ADM,CRT_RESL,NR,BG	: 	: 	: 	28172 	26462 	28727 	24955 	26196 	26117 	29666 	31044 	34226 	29388 	28946 	28006 
A,ADM,CRT_RESL,NR,CH	15339 	: 	21132 	: 	25509 	: 	: 	: 	9148 	: 	: 	: 	: 	: 	: 
A,ADM,CRT_RESL,NR,CZ	: 	: 	: 	6242 	8756 	8788 	8251 	8427 	9637 	10113 	10445 	11333 	11275 	11064 	9729 
A,ADM,CRT_RESL,NR,DE	136962 	127403 	124397 	124204 	133421 	146278 	128703 	147293 	164160 	203426 	220802 	208155 	186020 	171777 	167600 
A,ADM,CRT_RESL,NR,EE	2437 	2723 	3243 	3163 	3013 	2687 	3422 	3523 	3123 	2967 	2477 	2388 	2531 	2795 	2736 
A,ADM,CRT_RESL,NR,EL	: 	: 	: 	: 	: 	97219 	101467 	99510 	79872 	98698 	98621 	79540 	73525 	60628 	65990 
A,ADM,CRT_RESL,NR,ES	230786 	243565 	252340 	244592 	243718 	226973 	205548 	200375 	184041 	172522 	171713 	184040 	154264 	181836 	178091 
A,ADM,CRT_RESL,NR,FI	22371 	21495 	22855 	21850 	20586 	20187 	19849 	19849 	23748 	22703 	21238 	19941 	18756 	22277 	22188 
A,ADM,CRT_RESL,NR,FR	: 	: 	: 	176057 	199511 	192867 	200547 	198336 	30605 	191697 	209618 	223229 	200411 	233250 	232332 
A,ADM,CRT_RESL,NR,HR	14847 	15183 	15616 	16255 	4936 	8885 	11969 	13290 	15672 	14943 	15571 	14178 	13098 	13645 	13589 
A,ADM,CRT_RESL,NR,HU	12834 	12775 	13727 	13980 	13599 	16888 	16594 	19107 	19539 	17268 	17407 	16844 	26133 	22194 	19226 
A,ADM,CRT_RESL,NR,IT	87366 	96868 	181827 	123925 	145951 	107106 	99169 	87594 	83736 	75856 	68120 	66684 	57351 	59949 	68917 
A,ADM,CRT_RESL,NR,LT	6574 	4434 	6411 	5911 	7914 	11728 	12763 	16875 	21540 	13221 	13048 	14929 	13994 	15874 	23006 
A,ADM,CRT_RESL,NR,LU	: 	: 	: 	: 	: 	: 	1283 	1146 	1156 	1144 	1071 	1095 	957 	994 	1054 
A,ADM,CRT_RESL,NR,LV	3938 	3734 	4546 	4653 	5224 	4640 	3440 	2541 	2283 	2104 	1960 	1971 	1815 	1763 	2007 
A,ADM,CRT_RESL,NR,ME	1898 	2623 	3795 	3632 	2963 	3357 	3266 	3250 	4130 	4709 	9451 	6808 	7039 	6065 	5287 
A,ADM,CRT_RESL,NR,MT	: 	: 	: 	: 	: 	: 	: 	: 	: 	119 	87 	157 	137 	105 	134 
A,ADM,CRT_RESL,NR,NL	72813 	70519 	73989 	77116 	74319 	77617 	80555 	79219 	: 	: 	: 	: 	: 	: 	: 
A,ADM,CRT_RESL,NR,PL	58730 	59500 	64121 	65699 	71865 	75697 	81240 	81353 	78992 	77567 	69315 	69238 	65053 	80032 	75980 
A,ADM,CRT_RESL,NR,PT	: 	: 	: 	: 	: 	: 	: 	27707 	29638 	26519 	27103 	29071 	74836 	27197 	27051 
A,ADM,CRT_RESL,NR,RO	52119 	65177 	71110 	120718 	193115 	215669 	167898 	128619 	107523 	149300 	98813 	83044 	76613 	83574 	80633 
A,ADM,CRT_RESL,NR,RS	: 	: 	: 	: 	: 	18277 	20149 	18681 	19274 	19180 	18666 	21285 	23736 	22104 	25178 
A,ADM,CRT_RESL,NR,SE	127307 	119884 	118997 	136957 	137453 	132323 	136806 	132953 	134461 	146887 	161926 	180107 	196210 	184009 	157643 
A,ADM,CRT_RESL,NR,SI	4931 	4835 	4096 	3519 	3667 	3386 	3439 	3004 	2589 	2682 	3233 	2793 	3088 	2604 	2669 
A,ADM,CRT_RESL,NR,SK	266 	261 	401 	299 	259 	198 	337 	177 	178 	5950 	4866 	4496 	4400 	4379 	4790 
A,ADM,CRT_RESL,NR,TR	: 	355473 	386884 	415672 	405791 	414644 	434139 	414644 	434139 	351413 	323279 	327022 	337138 	386949 	386540 
A,ADM,CRT_RESL,NR,UKC-L	570890 	650852 	712208 	773530 	743505 	932544 	794111 	405220 	429707 	: 	: 	: 	: 	: 	: 
A,ADM,CRT_RESL,NR,UKN	9327 	10373 	10822 	8996 	8784 	7636 	7743 	7399 	: 	7511 	6715 	: 	: 	: 	: 
A,ADM,CRT_RESL,NR,XK	2308 	1326 	1008 	1194 	1405 	1107 	1130 	959 	2404 	2268 	2219 	2929 	: 	: 	: 
A,ADM,CRT_RESL,P_HTHAB,AL	: 	: 	: 	: 	: 	: 	650.98 	515.28 	393.28 	310.58 	291.78 	566.37 	424.53 	379.29 	: 
A,ADM,CRT_RESL,P_HTHAB,BA	100.13 	204.37 	231.42 	300.40 	302.04 	: 	: 	: 	: 	: 	: 	: 	: 	: 	: 
A,ADM,CRT_RESL,P_HTHAB,BG	: 	: 	: 	382.28 	361.15 	394.36 	344.41 	363.72 	365.08 	417.72 	440.34 	488.94 	422.76 	418.50 	409.51 
A,ADM,CRT_RESL,P_HTHAB,CH	202.00 	: 	271.42 	: 	320.68 	: 	: 	: 	109.86 	: 	: 	: 	: 	: 	: 
A,ADM,CRT_RESL,P_HTHAB,CZ	: 	: 	: 	59.52 	83.35 	83.57 	78.49 	79.97 	91.31 	95.60 	98.44 	106.42 	105.43 	103.38 	92.51 
A,ADM,CRT_RESL,P_HTHAB,DE	166.58 	155.37 	152.07 	154.83 	166.10 	181.66 	159.35 	181.40 	199.77 	246.51 	266.69 	250.73 	223.67 	206.57 	201.35 
A,ADM,CRT_RESL,P_HTHAB,EE	182.08 	203.86 	243.23 	237.88 	227.36 	203.53 	260.07 	267.94 	237.32 	225.52 	187.77 	180.25 	190.45 	210.14 	205.44 
A,ADM,CRT_RESL,P_HTHAB,EL	: 	: 	: 	: 	: 	883.52 	928.61 	916.47 	740.67 	916.57 	918.16 	741.66 	685.96 	567.75 	630.89 
A,ADM,CRT_RESL,P_HTHAB,ES	505.35 	526.75 	542.82 	524.12 	520.56 	485.73 	441.92 	431.38 	396.30 	370.79 	368.02 	392.10 	325.91 	383.63 	375.46 
A,ADM,CRT_RESL,P_HTHAB,FI	422.06 	403.56 	427.08 	406.49 	381.13 	372.00 	364.12 	362.75 	432.78 	412.53 	385.23 	361.39 	339.46 	402.56 	399.91 
A,ADM,CRT_RESL,P_HTHAB,FR	: 	: 	: 	270.95 	305.64 	294.00 	304.13 	298.30 	45.93 	286.93 	312.74 	332.30 	297.70 	344.76 	342.31 
A,ADM,CRT_RESL,P_HTHAB,HR	344.32 	352.29 	362.92 	378.92 	115.44 	208.46 	281.84 	314.53 	373.97 	359.71 	379.27 	347.82 	322.76 	338.05 	351.84 
A,ADM,CRT_RESL,P_HTHAB,HU	127.76 	127.36 	137.07 	140.00 	136.92 	170.43 	168.00 	193.87 	198.76 	176.25 	178.02 	172.36 	267.50 	228.08 	198.43 
A,ADM,CRT_RESL,P_HTHAB,IT	148.95 	164.18 	307.19 	208.75 	245.73 	179.45 	163.15 	144.08 	138.03 	125.20 	112.62 	111.48 	96.16 	101.20 	116.75 
A,ADM,CRT_RESL,P_HTHAB,LT	204.63 	139.27 	204.04 	193.64 	263.48 	394.63 	433.60 	577.66 	745.70 	464.24 	464.52 	534.29 	500.84 	567.80 	819.89 
A,ADM,CRT_RESL,P_HTHAB,LU	: 	: 	: 	: 	: 	: 	233.41 	203.57 	200.61 	193.68 	177.91 	178.37 	152.85 	156.60 	163.31 
A,ADM,CRT_RESL,P_HTHAB,LV	179.67 	172.64 	214.38 	224.28 	255.48 	229.27 	171.87 	127.94 	115.95 	107.89 	101.32 	102.66 	95.14 	93.12 	107.00 
A,ADM,CRT_RESL,P_HTHAB,ME	308.35 	425.01 	613.08 	585.95 	477.67 	540.67 	525.49 	522.42 	663.75 	756.60 	1518.58 	1094.21 	1131.90 	977.06 	855.94 
A,ADM,CRT_RESL,P_HTHAB,MT	: 	: 	: 	: 	: 	: 	: 	: 	: 	25.85 	18.29 	31.81 	26.62 	20.34 	25.72 
A,ADM,CRT_RESL,P_HTHAB,NL	443.84 	427.76 	446.39 	463.00 	444.22 	462.57 	478.66 	468.73 	: 	: 	: 	: 	: 	: 	: 
A,ADM,CRT_RESL,P_HTHAB,PL	154.08 	156.02 	168.64 	172.61 	188.80 	198.88 	213.69 	214.06 	208.05 	204.27 	182.52 	182.34 	171.38 	211.50 	201.78 
A,ADM,CRT_RESL,P_HTHAB,PT	: 	: 	: 	: 	: 	: 	: 	267.06 	286.60 	257.23 	263.37 	282.88 	726.85 	264.09 	261.31 
A,ADM,CRT_RESL,P_HTHAB,RO	252.57 	318.87 	331.33 	563.74 	960.96 	1077.26 	841.71 	647.28 	544.14 	760.01 	505.94 	427.74 	396.37 	435.24 	423.44 
A,ADM,CRT_RESL,P_HTHAB,RS	: 	: 	: 	: 	: 	254.50 	281.93 	262.58 	272.37 	272.43 	266.60 	305.65 	342.67 	321.67 	370.42 
A,ADM,CRT_RESL,P_HTHAB,SE	1386.34 	1295.15 	1273.96 	1454.58 	1449.49 	1384.73 	1418.43 	1363.99 	1364.95 	1469.58 	1600.02 	1760.54 	1899.86 	1772.85 	1508.21 
A,ADM,CRT_RESL,P_HTHAB,SI	245.29 	237.90 	200.10 	171.64 	178.40 	164.46 	166.85 	145.62 	125.42 	129.82 	156.42 	134.22 	147.34 	123.47 	126.66 
A,ADM,CRT_RESL,P_HTHAB,SK	4.95 	4.85 	7.44 	5.54 	4.79 	3.66 	6.22 	3.26 	3.28 	109.47 	89.40 	82.49 	80.62 	80.20 	88.14 
A,ADM,CRT_RESL,P_HTHAB,TR	: 	497.05 	533.18 	563.83 	543.05 	548.27 	566.26 	533.68 	551.35 	440.29 	400.05 	398.79 	405.43 	462.78 	456.47 
A,ADM,CRT_RESL,P_HTHAB,UKC-L	1045.29 	1182.52 	1284.08 	1382.97 	1318.97 	1643.00 	1388.88 	702.63 	739.00 	: 	: 	: 	: 	: 	: 
A,ADM,CRT_RESL,P_HTHAB,UKN	526.84 	580.73 	601.55 	497.14 	482.92 	418.03 	421.43 	400.57 	: 	402.38 	357.95 	: 	: 	: 	: 
A,ADM,CRT_RESL,P_HTHAB,XK	107.19 	60.81 	45.65 	66.55 	: 	: 	: 	: 	135.70 	127.16 	123.38 	163.11 	: 	: 	: 
A,CIV_COM,CRT_BGHT,NR,AL	: 	: 	: 	: 	: 	35587 	47733 	49328 	50101 	63337 	47705 	52818 	33593 	51987 	: 
A,CIV_COM,CRT_BGHT,NR,AT	: 	654845 	639396 	599601 	567222 	553941 	535966 	506260 	501191 	484821 	486272 	492899 	417466 	406763 	414231 
A,CIV_COM,CRT_BGHT,NR,BA	87818 	110687 	103305 	89551 	106561 	104106 	86752 	82101 	78513 	68862 	61990 	65476 	56864 	64785 	67776 
A,CIV_COM,CRT_BGHT,NR,BE	: 	: 	823076 	827854 	805153 	804280 	790684 	804507 	: 	: 	: 	: 	: 	: 	: 
A,CIV_COM,CRT_BGHT,NR,BG	: 	: 	: 	378043 	353134 	316623 	286459 	308040 	303442 	350375 	334003 	328048 	268596 	301902 	274994 
A,CIV_COM,CRT_BGHT,NR,CH	92688 	: 	199672 	: 	313832 	: 	: 	: 	: 	: 	: 	: 	: 	: 	: 
A,CIV_COM,CRT_BGHT,NR,CZ	: 	: 	: 	2929324 	2312818 	2215269 	2231184 	906860 	823013 	839789 	786255 	793928 	777400 	752254 	781444 
A,CIV_COM,CRT_BGHT,NR,DE	1835106 	1618243 	1905391 	1868005 	1806149 	1788728 	1735914 	1747836 	1603998 	1512723 	1491062 	1497271 	1402770 	1287083 	1234719 
A,CIV_COM,CRT_BGHT,NR,DK	64444 	68239 	67624 	58741 	50649 	48565 	45978 	45773 	45368 	44509 	45657 	52931 	44808 	43099 	46645 
A,CIV_COM,CRT_BGHT,NR,EE	: 	29522 	32720 	29575 	26276 	27890 	27842 	30703 	30452 	30179 	29246 	32668 	33658 	34251 	35089 
A,CIV_COM,CRT_BGHT,NR,EL	: 	: 	: 	: 	: 	294435 	241418 	230518 	146569 	200492 	213468 	206387 	174402 	208080 	206116 
A,CIV_COM,CRT_BGHT,NR,ES	1496646 	1802455 	1765845 	1538285 	1581777 	1517458 	1638447 	1714533 	1807488 	1987125 	2158062 	2320793 	2184764 	2488414 	2651103 
A,CIV_COM,CRT_BGHT,NR,FI	273206 	354478 	341133 	377605 	470478 	447253 	412299 	414711 	412449 	468471 	475255 	497482 	443106 	467735 	437090 
A,CIV_COM,CRT_BGHT,NR,FR	: 	: 	: 	2267016 	2410327 	2496776 	2473406 	2472817 	2677253 	2534819 	2255091 	1633842 	1303320 	1690979 	1677224 
A,CIV_COM,CRT_BGHT,NR,HR	137508 	136398 	624633 	639543 	620394 	599686 	486680 	439738 	459716 	430702 	373506 	467187 	381647 	431714 	384679 
A,CIV_COM,CRT_BGHT,NR,HU	192821 	197666 	204318 	194038 	172992 	247811 	246696 	244960 	262081 	244492 	200295 	200432 	189875 	193270 	201735 
A,CIV_COM,CRT_BGHT,NR,IE	: 	: 	: 	: 	: 	: 	: 	: 	: 	: 	14849 	15590 	17111 	: 	: 
A,CIV_COM,CRT_BGHT,NR,IS	: 	: 	: 	: 	: 	: 	: 	: 	: 	6195 	6289 	: 	5701 	4291 	4072 
A,CIV_COM,CRT_BGHT,NR,IT	4603126 	4839466 	4255714 	4245947 	4106381 	3981884 	3987733 	3535559 	3664595 	3478323 	3527866 	3451390 	2680582 	3034949 	3098907 
A,CIV_COM,CRT_BGHT,NR,LI	: 	408 	367 	428 	479 	553 	447 	477 	492 	629 	406 	415 	358 	357 	: 
A,CIV_COM,CRT_BGHT,NR,LT	185878 	236556 	201585 	184518 	180921 	185150 	198639 	206127 	206498 	194497 	170891 	159655 	150647 	144919 	149650 
A,CIV_COM,CRT_BGHT,NR,LU	: 	: 	: 	: 	: 	: 	: 	: 	: 	4604 	4087 	12752 	12244 	12004 	10832 
A,CIV_COM,CRT_BGHT,NR,LV	104362 	135059 	124904 	88420 	44536 	43203 	44934 	40672 	42787 	33659 	70131 	72707 	87903 	104453 	116514 
A,CIV_COM,CRT_BGHT,NR,ME	14680 	18725 	20168 	19710 	17932 	19956 	28049 	39887 	39639 	35069 	32804 	31358 	24179 	26612 	27923 
A,CIV_COM,CRT_BGHT,NR,MT	: 	: 	: 	: 	: 	: 	: 	: 	: 	2102 	4589 	4846 	4459 	6656 	9154 
A,CIV_COM,CRT_BGHT,NR,NL	: 	: 	1158200 	1124100 	1083600 	1067200 	1094900 	1103900 	: 	: 	: 	: 	: 	: 	: 
A,CIV_COM,CRT_BGHT,NR,PL	6936314 	7496081 	8458650 	9212489 	9535773 	10406017 	9780247 	10478733 	10649683 	11497358 	10875485 	13357350 	10390099 	10397071 	10670683 
A,CIV_COM,CRT_BGHT,NR,PT	314467 	360325 	312768 	328626 	368981 	326766 	678477 	315115 	308851 	300921 	297151 	323224 	254531 	260806 	262708 
A,CIV_COM,CRT_BGHT,NR,RO	749429 	820311 	846144 	760326 	733369 	605608 	1261328 	1147372 	1098978 	1111755 	1086936 	1139611 	1020335 	1060259 	1161764 
A,CIV_COM,CRT_BGHT,NR,RS	: 	: 	: 	: 	: 	741097 	698337 	840436 	842192 	981510 	886686 	1008269 	820973 	1153502 	717957 
A,CIV_COM,CRT_BGHT,NR,SE	72446 	82462 	85790 	82744 	88214 	99850 	96543 	91412 	90003 	93058 	96336 	101079 	95355 	93277 	89902 
A,CIV_COM,CRT_BGHT,NR,SI	503450 	616524 	564519 	558351 	605167 	566638 	558991 	505685 	482981 	456928 	436816 	438915 	382647 	446368 	422100 
A,CIV_COM,CRT_BGHT,NR,SK	249974 	252625 	253861 	249188 	300649 	286467 	271710 	386257 	239230 	249445 	220571 	237776 	237107 	222698 	221271 
A,CIV_COM,CRT_BGHT,NR,TR	: 	1794572 	1877368 	1860865 	1692624 	1938187 	2127469 	2155467 	2202899 	1962485 	1987121 	2026507 	1880582 	2435844 	2735948 
A,CIV_COM,CRT_BGHT,NR,UKC-L	2064100 	1879430 	1693181 	1633486 	1508248 	1488873 	1633364 	1601613 	1838076 	: 	: 	: 	: 	: 	: 
A,CIV_COM,CRT_BGHT,NR,UKM	130040 	116216 	95996 	83856 	76046 	75769 	75417 	75142 	: 	76556 	: 	: 	: 	: 	: 
A,CIV_COM,CRT_BGHT,NR,UKN	62957 	70709 	70026 	68653 	65975 	63192 	60022 	55611 	54091 	55791 	53495 	: 	: 	: 	: 
A,CIV_COM,CRT_BGHT,NR,XK	1484 	1063 	1254 	1228 	1228 	766 	687 	630 	634 	641 	659 	832 	: 	: 	: 
A,CIV_COM,CRT_BGHT,P_HTHAB,AL	: 	: 	: 	: 	: 	: 	1648.27 	1709.34 	1742.28 	2201.81 	1662.01 	1845.22 	1180.38 	1837.16 	: 
A,CIV_COM,CRT_BGHT,P_HTHAB,AT	: 	7856.57 	7655.93 	7159.27 	6746.12 	6554.07 	6300.38 	5903.04 	5767.39 	5526.37 	5511.87 	5563.96 	4690.07 	4553.66 	4613.37 
A,CIV_COM,CRT_BGHT,P_HTHAB,BA	2284.64 	2879.48 	2687.40 	2330.13 	2775.56 	: 	: 	: 	: 	: 	: 	: 	: 	: 	: 
A,CIV_COM,CRT_BGHT,P_HTHAB,BE	: 	: 	7593.02 	7525.51 	7257.00 	7205.75 	7071.78 	7159.27 	: 	: 	: 	: 	: 	: 	: 
A,CIV_COM,CRT_BGHT,P_HTHAB,BG	: 	: 	: 	5129.88 	4819.48 	4346.50 	3953.52 	4277.03 	4241.70 	4933.57 	4737.61 	4686.37 	3863.87 	4364.92 	4021.01 
A,CIV_COM,CRT_BGHT,P_HTHAB,CH	1220.62 	: 	2564.56 	: 	3945.26 	: 	: 	: 	: 	: 	: 	: 	: 	: 	: 
A,CIV_COM,CRT_BGHT,P_HTHAB,CZ	: 	: 	: 	27933.62 	22015.42 	21065.45 	21224.27 	8605.39 	7798.23 	7938.40 	7410.47 	7454.86 	7269.54 	7029.24 	7430.50 
A,CIV_COM,CRT_BGHT,P_HTHAB,DE	2232.00 	1973.41 	2329.26 	2328.54 	2248.47 	2221.37 	2149.27 	2152.57 	1951.91 	1833.12 	1800.97 	1803.52 	1686.70 	1547.81 	1483.38 
A,CIV_COM,CRT_BGHT,P_HTHAB,DK	1176.89 	1238.13 	1221.81 	1056.37 	907.60 	866.83 	817.06 	808.75 	794.92 	774.24 	789.75 	911.65 	769.53 	737.99 	794.17 
A,CIV_COM,CRT_BGHT,P_HTHAB,EE	: 	2210.16 	2454.08 	2224.25 	1982.77 	2112.60 	2115.94 	2335.06 	2314.08 	2293.87 	2217.06 	2465.84 	2532.63 	2575.13 	2634.71 
A,CIV_COM,CRT_BGHT,P_HTHAB,EL	: 	: 	: 	: 	: 	2675.80 	2209.41 	2123.02 	1359.17 	1861.89 	1987.38 	1924.43 	1627.10 	1948.56 	1970.56 
A,CIV_COM,CRT_BGHT,P_HTHAB,ES	3277.16 	3898.10 	3798.61 	3296.29 	3378.55 	3247.44 	3522.62 	3691.17 	3892.08 	4270.81 	4625.23 	4944.48 	4615.77 	5249.96 	5589.17 
A,CIV_COM,CRT_BGHT,P_HTHAB,FI	5154.36 	6655.22 	6374.62 	7024.85 	8710.51 	8241.75 	7563.36 	7579.13 	7516.42 	8512.55 	8620.42 	9015.75 	8019.59 	8452.34 	7877.99 
A,CIV_COM,CRT_BGHT,P_HTHAB,FR	: 	: 	: 	3488.86 	3692.46 	3806.04 	3750.88 	3719.18 	4017.58 	3794.08 	3364.49 	2432.12 	1936.00 	2499.35 	2471.16 
A,CIV_COM,CRT_BGHT,P_HTHAB,HR	3188.99 	3164.84 	14516.74 	14908.26 	14508.80 	14070.07 	11459.90 	10407.22 	10969.99 	10367.84 	9097.71 	11461.21 	9404.42 	10695.64 	9959.83 
A,CIV_COM,CRT_BGHT,P_HTHAB,HU	1919.50 	1970.56 	2040.26 	1943.15 	1741.78 	2500.92 	2497.59 	2485.50 	2666.00 	2495.44 	2048.35 	2050.93 	1943.54 	1986.17 	2082.10 
A,CIV_COM,CRT_BGHT,P_HTHAB,IE	: 	: 	: 	: 	: 	: 	: 	: 	: 	: 	307.41 	317.89 	344.67 	: 	: 
A,CIV_COM,CRT_BGHT,P_HTHAB,IS	: 	: 	: 	: 	: 	: 	: 	: 	: 	1830.95 	1804.85 	: 	1565.63 	1163.53 	1082.26 
A,CIV_COM,CRT_BGHT,P_HTHAB,IT	7848.08 	8202.40 	7189.90 	7152.31 	6913.77 	6671.47 	6560.64 	5815.48 	6040.65 	5740.81 	5832.73 	5769.95 	4494.49 	5123.47 	5249.70 
A,CIV_COM,CRT_BGHT,P_HTHAB,LI	: 	1146.42 	1022.46 	1183.99 	1313.23 	1501.17 	1203.91 	1276.56 	1307.75 	1663.58 	1065.23 	1081.35 	923.94 	914.10 	: 
A,CIV_COM,CRT_BGHT,P_HTHAB,LT	5785.90 	7429.86 	6415.87 	6044.64 	6023.39 	6230.01 	6748.46 	7056.09 	7148.83 	6829.48 	6083.91 	5713.83 	5391.63 	5183.68 	5333.22 
A,CIV_COM,CRT_BGHT,P_HTHAB,LU	: 	: 	: 	: 	: 	: 	: 	: 	: 	779.46 	678.90 	2077.23 	1955.57 	1891.20 	1678.35 
A,CIV_COM,CRT_BGHT,P_HTHAB,LV	4761.45 	6244.54 	5890.30 	4262.02 	2178.00 	2134.72 	2245.05 	2047.84 	2173.08 	1726.00 	3625.50 	3786.89 	4607.86 	5517.21 	6211.57 
A,CIV_COM,CRT_BGHT,P_HTHAB,ME	2384.89 	3034.07 	3258.15 	3179.80 	2890.82 	3214.08 	4512.96 	6411.68 	6370.60 	5634.60 	5270.91 	5040.00 	3888.09 	4287.15 	4520.60 
A,CIV_COM,CRT_BGHT,P_HTHAB,MT	: 	: 	: 	: 	: 	: 	: 	: 	: 	456.66 	964.68 	981.85 	866.56 	1289.67 	1757.10 
A,CIV_COM,CRT_BGHT,P_HTHAB,NL	: 	: 	6987.64 	6749.00 	6476.85 	6360.11 	6505.92 	6531.67 	: 	: 	: 	: 	: 	: 	: 
A,CIV_COM,CRT_BGHT,P_HTHAB,PL	18198.08 	19656.24 	22246.22 	24203.44 	25052.08 	27339.26 	25725.40 	27571.54 	28049.69 	30277.75 	28637.27 	35176.09 	27372.52 	27476.40 	28338.59 
A,CIV_COM,CRT_BGHT,P_HTHAB,PT	2979.79 	3411.19 	2958.04 	3108.24 	3499.97 	3115.83 	6506.74 	3037.31 	2986.57 	2918.85 	2887.48 	3145.24 	2472.16 	2532.53 	2537.74 
A,CIV_COM,CRT_BGHT,P_HTHAB,RO	3631.75 	4013.21 	3942.49 	3550.63 	3649.33 	3025.00 	6323.30 	5774.21 	5561.54 	5659.41 	5565.29 	5869.91 	5278.82 	5521.70 	6100.92 
A,CIV_COM,CRT_BGHT,P_HTHAB,RS	: 	: 	: 	: 	: 	10319.52 	9771.38 	11813.18 	11901.47 	13941.36 	12664.33 	14478.79 	11852.29 	16786.64 	10562.69 
A,CIV_COM,CRT_BGHT,P_HTHAB,SE	788.92 	890.87 	918.46 	878.80 	930.25 	1044.90 	1000.98 	937.81 	913.64 	931.03 	951.91 	988.05 	923.30 	898.68 	860.11 
A,CIV_COM,CRT_BGHT,P_HTHAB,SI	25043.91 	30335.34 	27578.19 	27234.12 	29441.41 	27522.45 	27121.20 	24513.62 	23398.11 	22117.68 	21134.08 	21092.48 	18257.27 	21165.14 	20031.51 
A,CIV_COM,CRT_BGHT,P_HTHAB,SK	4649.76 	4693.54 	4709.49 	4621.06 	5563.12 	5294.32 	5016.85 	7124.74 	4408.75 	4589.31 	4052.29 	4362.53 	4344.31 	4078.88 	4071.44 
A,CIV_COM,CRT_BGHT,P_HTHAB,TR	: 	2509.29 	2587.29 	2524.13 	2265.16 	2562.81 	2774.92 	2774.24 	2797.65 	2458.80 	2458.99 	2471.23 	2261.54 	2913.19 	3230.92 
A,CIV_COM,CRT_BGHT,P_HTHAB,UKC-L	3779.34 	3414.71 	3052.72 	2920.46 	2675.62 	2623.17 	2856.71 	2777.13 	3161.06 	: 	: 	: 	: 	: 	: 
A,CIV_COM,CRT_BGHT,P_HTHAB,UKM	2507.53 	2227.67 	1829.69 	1588.01 	1433.14 	1424.20 	1412.98 	1402.82 	: 	1413.85 	: 	: 	: 	: 	: 
A,CIV_COM,CRT_BGHT,P_HTHAB,UKN	3556.16 	3958.66 	3892.45 	3793.95 	3627.12 	3459.44 	3266.86 	3010.72 	2912.74 	2988.85 	2851.61 	: 	: 	: 	: 
A,CIV_COM,CRT_BGHT,P_HTHAB,XK	68.92 	48.75 	56.79 	68.44 	: 	: 	: 	: 	35.79 	35.94 	36.64 	46.33 	: 	: 	: 
A,CIV_COM,CRT_PEN,NR,AL	: 	: 	: 	: 	: 	4349 	12517 	8654 	8499 	7303 	7258 	12190 	11271 	17838 	: 
A,CIV_COM,CRT_PEN,NR,AT	: 	: 	: 	: 	: 	123822 	118862 	108141 	115483 	118112 	108281 	111917 	105346 	100148 	99758 
A,CIV_COM,CRT_PEN,NR,BA	162426 	181513 	168958 	148302 	147890 	148392 	127281 	111359 	97804 	82547 	68560 	63800 	63635 	63075 	66100 
A,CIV_COM,CRT_PEN,NR,BE	: 	: 	453783 	479109 	488021 	501041 	513192 	532140 	: 	: 	: 	: 	: 	: 	: 
A,CIV_COM,CRT_PEN,NR,BG	: 	: 	: 	65334 	68107 	67272 	61371 	64741 	69661 	78462 	82436 	85454 	82767 	78410 	78072 
A,CIV_COM,CRT_PEN,NR,CH	41944 	66302 	66495 	281021 	286283 	: 	: 	: 	: 	: 	: 	: 	: 	: 	: 
A,CIV_COM,CRT_PEN,NR,CZ	: 	: 	: 	809257 	678068 	709696 	807986 	377761 	317152 	325731 	289864 	285378 	296934 	283173 	267744 
A,CIV_COM,CRT_PEN,NR,DE	920595 	917016 	983367 	953178 	918661 	899853 	879622 	850354 	781503 	754337 	757662 	759797 	755255 	699147 	689081 
A,CIV_COM,CRT_PEN,NR,DK	35780 	35702 	35012 	29148 	25466 	23368 	22380 	22026 	21619 	21055 	23833 	28042 	25333 	27466 	31531 
A,CIV_COM,CRT_PEN,NR,EE	: 	14495 	15219 	12632 	10436 	: 	: 	: 	: 	: 	: 	: 	: 	: 	: 
A,CIV_COM,CRT_PEN,NR,EL	: 	: 	: 	: 	: 	278913 	246839 	264484 	242789 	252720 	282148 	308553 	293802 	322929 	331896 
A,CIV_COM,CRT_PEN,NR,ES	984076 	1220615 	1274483 	1109778 	1054224 	934196 	910190 	932869 	869407 	1274651 	1463427 	1605289 	1840623 	1794481 	1911376 
A,CIV_COM,CRT_PEN,NR,FI	54476 	72455 	67325 	68162 	91122 	72834 	106270 	112111 	113109 	133284 	106371 	134771 	112962 	102484 	110280 
A,CIV_COM,CRT_PEN,NR,FR	: 	: 	: 	: 	: 	: 	: 	: 	: 	1543463 	1560817 	1553814 	1264713 	1280952 	1258255 
A,CIV_COM,CRT_PEN,NR,HR	197875 	192058 	353989 	380936 	353625 	337009 	301464 	284168 	258081 	242232 	202257 	267920 	257835 	285434 	237993 
A,CIV_COM,CRT_PEN,NR,HU	89662 	93866 	90633 	83845 	78381 	86757 	78808 	81614 	85308 	90067 	68237 	62366 	63078 	56577 	51871 
A,CIV_COM,CRT_PEN,NR,IS	: 	: 	: 	: 	: 	: 	: 	: 	: 	: 	: 	: 	: 	1153 	1098 
A,CIV_COM,CRT_PEN,NR,IT	4978423 	5346556 	5019626 	5055770 	4762023 	4501021 	4336994 	4032687 	3932612 	3795289 	3624595 	3523988 	3502448 	3341241 	3183259 
A,CIV_COM,CRT_PEN,NR,LI	: 	173 	207 	215 	277 	281 	282 	313 	273 	325 	307 	241 	240 	223 	: 
A,CIV_COM,CRT_PEN,NR,LT	27172 	34507 	30669 	28715 	27759 	29847 	31763 	29038 	29515 	27573 	23412 	21450 	20916 	19726 	20785 
A,CIV_COM,CRT_PEN,NR,LU	: 	: 	: 	: 	: 	: 	: 	1137 	: 	1306 	1256 	3664 	4162 	4196 	4344 
A,CIV_COM,CRT_PEN,NR,LV	37200 	36482 	41491 	41658 	33916 	30068 	30330 	14292 	16298 	18018 	23504 	22448 	26187 	25325 	27973 
A,CIV_COM,CRT_PEN,NR,ME	11753 	11436 	13940 	13929 	13400 	13500 	18757 	22416 	22704 	21832 	20293 	20349 	18321 	20209 	23179 
A,CIV_COM,CRT_PEN,NR,MT	: 	: 	: 	: 	: 	: 	: 	: 	: 	5062 	5070 	5398 	6947 	9023 	12828 
A,CIV_COM,CRT_PEN,NR,PL	1091520 	991181 	990107 	1196927 	1132255 	1592641 	1382534 	1466634 	2263486 	2205497 	2284067 	3550714 	3113329 	2945271 	2676997 
A,CIV_COM,CRT_PEN,NR,PT	362897 	365109 	357762 	349140 	354601 	341791 	365873 	312066 	271666 	230642 	202367 	185103 	189877 	183914 	176256 
A,CIV_COM,CRT_PEN,NR,RO	273502 	330912 	391284 	362671 	375569 	382005 	590602 	431112 	413368 	414444 	400915 	403562 	428397 	425486 	461478 
A,CIV_COM,CRT_PEN,NR,RS	: 	: 	: 	: 	: 	2321264 	2262220 	2158918 	1291218 	1149502 	987551 	926073 	733833 	373495 	407103 
A,CIV_COM,CRT_PEN,NR,SE	36210 	39873 	40874 	39543 	41136 	50790 	47400 	43571 	43422 	44649 	47208 	49765 	46916 	43463 	42405 
A,CIV_COM,CRT_PEN,NR,SI	400279 	370426 	305378 	286055 	242935 	224152 	206598 	154273 	116478 	92129 	76766 	69340 	66719 	64786 	61439 
A,CIV_COM,CRT_PEN,NR,SK	199838 	190099 	186863 	190508 	226340 	254195 	265827 	315424 	235466 	146305 	104286 	92210 	89201 	83439 	76598 
A,CIV_COM,CRT_PEN,NR,TR	: 	1027741 	1105426 	1105082 	1090156 	1160285 	1236034 	1321946 	1553925 	1609223 	1651067 	1662720 	1787116 	1775816 	1948064 
A,CIV_COM,CRT_PEN,NR,XK	1329 	720 	680 	577 	771 	1067 	885 	1159 	1172 	1124 	1086 	1203 	: 	: 	: 
A,CIV_COM,CRT_PEN,P_HTHAB,AL	: 	: 	: 	: 	: 	: 	432.22 	299.88 	295.56 	253.88 	252.86 	425.86 	396.04 	630.38 	: 
A,CIV_COM,CRT_PEN,P_HTHAB,AT	: 	: 	: 	: 	: 	1465.03 	1397.24 	1260.93 	1328.91 	1346.33 	1227.36 	1263.35 	1183.52 	1121.14 	1111.02 
A,CIV_COM,CRT_PEN,P_HTHAB,BA	4225.61 	4721.98 	4395.32 	3858.83 	3852.04 	: 	: 	: 	: 	: 	: 	: 	: 	: 	: 
A,CIV_COM,CRT_PEN,P_HTHAB,BE	: 	: 	4186.23 	4355.28 	4398.63 	4488.95 	4589.92 	4735.49 	: 	: 	: 	: 	: 	: 	: 
A,CIV_COM,CRT_PEN,P_HTHAB,BG	: 	: 	: 	886.55 	929.51 	923.49 	847.00 	898.91 	973.76 	1104.81 	1169.30 	1220.76 	1190.64 	1133.66 	1141.58 
A,CIV_COM,CRT_PEN,P_HTHAB,CH	552.37 	860.86 	854.05 	3570.73 	3598.93 	: 	: 	: 	: 	: 	: 	: 	: 	: 	: 
A,CIV_COM,CRT_PEN,P_HTHAB,CZ	: 	: 	: 	7716.96 	6454.44 	6748.65 	7686.01 	3584.66 	3005.09 	3079.09 	2731.97 	2679.66 	2776.66 	2646.04 	2545.89 
A,CIV_COM,CRT_PEN,P_HTHAB,DE	1119.70 	1118.28 	1202.13 	1188.17 	1143.64 	1117.50 	1089.08 	1047.27 	951.01 	914.11 	915.14 	915.21 	908.12 	840.78 	827.85 
A,CIV_COM,CRT_PEN,P_HTHAB,DK	653.42 	647.78 	632.59 	524.19 	456.34 	417.09 	397.71 	389.17 	378.80 	366.25 	412.25 	482.98 	435.07 	470.30 	536.84 
A,CIV_COM,CRT_PEN,P_HTHAB,EE	: 	1085.17 	1141.46 	950.02 	787.49 	: 	: 	: 	: 	: 	: 	: 	: 	: 	: 
A,CIV_COM,CRT_PEN,P_HTHAB,EL	: 	: 	: 	: 	: 	2534.74 	2259.02 	2435.84 	2251.43 	2346.91 	2626.79 	2877.06 	2741.06 	3024.07 	3173.07 
A,CIV_COM,CRT_PEN,P_HTHAB,ES	2154.80 	2639.78 	2741.61 	2378.07 	2251.74 	1999.23 	1956.88 	2008.35 	1872.10 	2739.53 	3136.47 	3420.09 	3888.70 	3785.93 	4029.64 
A,CIV_COM,CRT_PEN,P_HTHAB,FI	1027.76 	1360.32 	1258.08 	1268.07 	1687.05 	1342.15 	1949.45 	2048.90 	2061.28 	2421.89 	1929.41 	2442.42 	2044.45 	1851.97 	1987.66 
A,CIV_COM,CRT_PEN,P_HTHAB,FR	: 	: 	: 	: 	: 	: 	: 	: 	: 	2310.23 	2328.67 	2312.99 	1878.65 	1893.31 	1853.87 
A,CIV_COM,CRT_PEN,P_HTHAB,HR	4588.97 	4456.31 	8226.86 	8879.92 	8270.03 	7907.04 	7098.60 	6725.37 	6158.47 	5831.00 	4926.50 	6572.71 	6353.49 	7071.58 	6161.94 
A,CIV_COM,CRT_PEN,P_HTHAB,HU	892.57 	935.76 	905.03 	839.65 	789.18 	875.56 	797.86 	828.10 	867.79 	919.28 	697.84 	638.16 	645.66 	581.42 	535.36 
A,CIV_COM,CRT_PEN,P_HTHAB,IS	: 	: 	: 	: 	: 	: 	: 	: 	: 	: 	: 	: 	: 	312.64 	291.83 
A,CIV_COM,CRT_PEN,P_HTHAB,IT	8487.94 	9061.87 	8480.51 	8516.46 	8017.66 	7541.26 	7135.25 	6633.19 	6482.45 	6263.94 	5992.65 	5891.31 	5872.50 	5640.54 	5392.60 
A,CIV_COM,CRT_PEN,P_HTHAB,LI	: 	486.11 	576.70 	594.76 	759.42 	762.80 	759.51 	837.66 	725.64 	859.56 	805.48 	627.96 	619.40 	570.99 	: 
A,CIV_COM,CRT_PEN,P_HTHAB,LT	845.79 	1083.81 	976.11 	940.68 	924.18 	1004.31 	1079.10 	994.02 	1021.79 	968.19 	833.49 	767.67 	748.58 	705.59 	740.73 
A,CIV_COM,CRT_PEN,P_HTHAB,LU	: 	: 	: 	: 	: 	: 	: 	201.97 	: 	221.11 	208.64 	596.85 	664.74 	661.07 	673.07 
A,CIV_COM,CRT_PEN,P_HTHAB,LV	1697.23 	1686.77 	1956.66 	2008.00 	1658.64 	1485.70 	1515.39 	719.60 	827.75 	923.95 	1215.07 	1169.19 	1372.72 	1337.67 	1491.29 
A,CIV_COM,CRT_PEN,P_HTHAB,ME	1909.37 	1853.01 	2252.02 	2247.16 	2160.22 	2174.29 	3017.92 	3603.29 	3648.88 	3507.79 	3260.66 	3270.59 	2946.10 	3255.64 	3752.57 
A,CIV_COM,CRT_PEN,P_HTHAB,MT	: 	: 	: 	: 	: 	: 	: 	: 	: 	1099.72 	1065.80 	1093.69 	1350.08 	1748.30 	2462.33 
A,CIV_COM,CRT_PEN,P_HTHAB,PL	2863.71 	2599.08 	2603.98 	3144.62 	2974.62 	4184.27 	3636.54 	3858.99 	5961.69 	5808.07 	6014.39 	9350.67 	8202.01 	7783.49 	7109.42 
A,CIV_COM,CRT_PEN,P_HTHAB,PT	3438.69 	3456.49 	3383.58 	3302.27 	3363.57 	3259.10 	3508.80 	3007.92 	2626.99 	2237.16 	1966.44 	1801.21 	1844.20 	1785.88 	1702.62 
A,CIV_COM,CRT_PEN,P_HTHAB,RO	1325.40 	1618.92 	1823.13 	1693.63 	1868.87 	1908.11 	2960.81 	2169.59 	2091.91 	2109.74 	2052.75 	2078.67 	2216.36 	2215.88 	2423.42 
A,CIV_COM,CRT_PEN,P_HTHAB,RS	: 	: 	: 	: 	: 	32322.81 	31653.79 	30345.78 	18246.89 	16327.52 	14104.96 	13298.45 	10594.26 	5435.38 	5989.36 
A,CIV_COM,CRT_PEN,P_HTHAB,SE	394.32 	430.76 	437.59 	419.97 	433.79 	531.50 	491.45 	447.00 	440.79 	446.71 	466.47 	486.45 	454.28 	418.75 	405.70 
A,CIV_COM,CRT_PEN,P_HTHAB,SI	19911.71 	18226.38 	14918.49 	13952.62 	11818.80 	10887.40 	10023.75 	7478.55 	5642.80 	4459.52 	3714.10 	3332.20 	3183.37 	3071.92 	2915.70 
A,CIV_COM,CRT_PEN,P_HTHAB,SK	3717.18 	3531.86 	3466.58 	3532.87 	4188.13 	4697.89 	4908.23 	5818.18 	4339.39 	2691.73 	1915.92 	1691.80 	1634.35 	1528.25 	1409.42 
A,CIV_COM,CRT_PEN,P_HTHAB,TR	: 	1437.06 	1523.44 	1498.97 	1458.90 	1534.21 	1612.19 	1701.44 	1973.46 	2016.19 	2043.13 	2027.61 	2149.14 	2123.82 	2300.49 
A,CIV_COM,CRT_PEN,P_HTHAB,XK	61.72 	33.02 	30.80 	32.16 	: 	: 	: 	: 	66.15 	63.02 	60.38 	66.99 	: 	: 	: 
A,CIV_COM,CRT_RESL,NR,AL	: 	: 	: 	: 	: 	31238 	49970 	41025 	41602 	46280 	40447 	40628 	22322 	34149 	: 
A,CIV_COM,CRT_RESL,NR,AT	: 	: 	: 	: 	: 	564551 	540926 	516981 	493849 	482192 	496103 	489263 	424037 	411961 	414621 
A,CIV_COM,CRT_RESL,NR,BA	52167 	91599 	115860 	110501 	107546 	102643 	108036 	97717 	92059 	84117 	75984 	70369 	57056 	65359 	64769 
A,CIV_COM,CRT_RESL,NR,BE	: 	: 	775448 	773973 	758214 	767912 	751904 	786015 	: 	: 	: 	: 	: 	: 	: 
A,CIV_COM,CRT_RESL,NR,BG	: 	: 	: 	386569 	361380 	327950 	300799 	315519 	309939 	357257 	338871 	339534 	285461 	324138 	295171 
A,CIV_COM,CRT_RESL,NR,CH	93561 	: 	199479 	: 	308570 	: 	: 	: 	: 	: 	: 	: 	: 	: 	: 
A,CIV_COM,CRT_RESL,NR,CZ	: 	: 	: 	2902578 	2760956 	2416583 	2338284 	914836 	883168 	845792 	798055 	798586 	756938 	771168 	792078 
A,CIV_COM,CRT_RESL,NR,DE	1817698 	1621822 	1866061 	1898194 	1840666 	1807536 	1756145 	1777104 	1672849 	1539889 	1487637 	1495102 	1407964 	1342683 	1244797 
A,CIV_COM,CRT_RESL,NR,DK	63032 	68977 	69322 	65877 	54952 	51261 	47485 	45773 	46011 	45833 	43574 	49674 	48390 	41587 	43111 
A,CIV_COM,CRT_RESL,NR,EE	: 	28419 	31784 	31349 	28389 	29301 	28094 	31158 	30048 	30068 	29134 	31114 	33286 	33952 	34460 
A,CIV_COM,CRT_RESL,NR,EL	: 	: 	: 	: 	: 	257947 	273408 	234704 	145221 	192482 	184131 	177813 	190323 	179014 	196620 
A,CIV_COM,CRT_RESL,NR,ES	1270563 	1530782 	1686322 	1676501 	1625378 	1517458 	1655266 	1661327 	1878998 	1830518 	1963271 	2174972 	1945175 	2535490 	2533121 
A,CIV_COM,CRT_RESL,NR,FI	273748 	350541 	360658 	393511 	468976 	491727 	423057 	408848 	422309 	448391 	502266 	502266 	467306 	478797 	429595 
A,CIV_COM,CRT_RESL,NR,FR	: 	: 	: 	2411562 	2392637 	2446191 	2362187 	2420514 	2630085 	2609394 	2279484 	1624401 	1198532 	1806898 	1650212 
A,CIV_COM,CRT_RESL,NR,HR	141722 	140443 	604295 	614039 	626414 	593738 	522243 	457119 	486030 	446991 	411344 	402942 	393165 	405285 	434006 
A,CIV_COM,CRT_RESL,NR,HU	194112 	193462 	207551 	200826 	178456 	243473 	254551 	242154 	258405 	239728 	222125 	206303 	189163 	199771 	206441 
A,CIV_COM,CRT_RESL,NR,IS	: 	: 	: 	: 	: 	: 	: 	: 	: 	: 	: 	: 	5557 	4372 	3951 
A,CIV_COM,CRT_RESL,NR,IT	4402552 	4569764 	4556039 	4322232 	4331317 	4101306 	2135362 	3945471 	3794564 	3548523 	3613343 	3545785 	2733998 	3228262 	3240634 
A,CIV_COM,CRT_RESL,NR,LI	: 	424 	333 	423 	418 	551 	446 	446 	535 	577 	426 	482 	363 	378 	: 
A,CIV_COM,CRT_RESL,NR,LT	180071 	229221 	205423 	186472 	181877 	183062 	196723 	208852 	206021 	196439 	175052 	161617 	151181 	146109 	148591 
A,CIV_COM,CRT_RESL,NR,LU	: 	: 	: 	: 	: 	: 	5954 	5904 	: 	4434 	4857 	12126 	11746 	11970 	10684 
A,CIV_COM,CRT_RESL,NR,LV	85921 	135777 	119895 	88253 	52278 	47051 	44842 	42728 	42160 	34100 	70801 	72059 	83807 	105205 	113862 
A,CIV_COM,CRT_RESL,NR,ME	16273 	18457 	18530 	19538 	18211 	20074 	23528 	32832 	31757 	34584 	31482 	30386 	25548 	24678 	24574 
A,CIV_COM,CRT_RESL,NR,MT	: 	: 	: 	: 	: 	: 	: 	: 	: 	2305 	3782 	4591 	3832 	4575 	7647 
A,CIV_COM,CRT_RESL,NR,NL	: 	: 	1160500 	1120900 	1072100 	1049000 	1084400 	1107700 	: 	: 	: 	: 	: 	: 	: 
A,CIV_COM,CRT_RESL,NR,PL	6906175 	7597863 	8460270 	9005743 	9600997 	9945787 	9990289 	10410421 	9854829 	11553606 	10796915 	12380461 	11084680 	10563790 	10939018 
A,CIV_COM,CRT_RESL,NR,PT	312007 	358113 	320115 	337248 	363520 	339579 	654447 	370623 	349325 	342161 	325407 	340514 	249757 	266769 	270366 
A,CIV_COM,CRT_RESL,NR,RO	692489 	716240 	800010 	814692 	749210 	704406 	1449285 	1246999 	1197194 	1110679 	1108454 	1140469 	999557 	1064096 	1112318 
A,CIV_COM,CRT_RESL,NR,RS	: 	: 	: 	: 	: 	1035519 	846714 	1013230 	1760254 	1188072 	1102919 	1069910 	1012179 	1245210 	955811 
A,CIV_COM,CRT_RESL,NR,SE	71785 	76678 	84650 	84046 	86517 	100731 	99911 	95227 	90113 	91883 	93848 	98553 	98200 	96720 	90947 
A,CIV_COM,CRT_RESL,NR,SI	535987 	613702 	581349 	578290 	650366 	585405 	576957 	557835 	520637 	481230 	451221 	446114 	385143 	448192 	425351 
A,CIV_COM,CRT_RESL,NR,SK	259090 	262364 	257097 	245543 	264789 	258612 	259958 	336660 	319005 	304706 	257498 	249503 	240116 	229588 	228101 
A,CIV_COM,CRT_RESL,NR,TR	: 	1719228 	1799427 	1858979 	1707410 	1868090 	2057056 	1868090 	2057056 	1984974 	2050198 	2124441 	1843550 	2555842 	2688342 
A,CIV_COM,CRT_RESL,NR,UKM	114502 	107998 	90691 	80602 	72186 	69012 	69387 	69355 	: 	65228 	: 	: 	: 	: 	: 
A,CIV_COM,CRT_RESL,NR,UKN	42030 	40836 	43945 	45232 	45720 	41539 	41217 	37961 	36287 	34251 	33751 	: 	: 	: 	: 
A,CIV_COM,CRT_RESL,NR,XK	743 	851 	848 	704 	958 	431 	435 	356 	621 	689 	697 	715 	: 	: 	: 
A,CIV_COM,CRT_RESL,P_HTHAB,AL	: 	: 	: 	: 	: 	: 	1725.52 	1421.62 	1446.73 	1608.85 	1409.14 	1419.35 	784.34 	1206.79 	: 
A,CIV_COM,CRT_RESL,P_HTHAB,AT	: 	: 	: 	: 	: 	6679.61 	6358.68 	6028.05 	5682.91 	5496.40 	5623.31 	5522.92 	4763.89 	4611.85 	4617.71 
A,CIV_COM,CRT_RESL,P_HTHAB,BA	1357.16 	2382.91 	3014.01 	2875.25 	2801.21 	: 	: 	: 	: 	: 	: 	: 	: 	: 	: 
A,CIV_COM,CRT_RESL,P_HTHAB,BE	: 	: 	7153.64 	7035.71 	6833.93 	6879.92 	6724.93 	6994.71 	: 	: 	: 	: 	: 	: 	: 
A,CIV_COM,CRT_RESL,P_HTHAB,BG	: 	: 	: 	5245.57 	4932.02 	4501.99 	4151.43 	4380.87 	4332.52 	5030.47 	4806.66 	4850.46 	4106.48 	4686.41 	4316.04 
A,CIV_COM,CRT_RESL,P_HTHAB,CH	1232.12 	: 	2562.09 	: 	3879.11 	: 	: 	: 	: 	: 	: 	: 	: 	: 	: 
A,CIV_COM,CRT_RESL,P_HTHAB,CZ	: 	: 	: 	27678.58 	26281.19 	22979.79 	22243.06 	8681.08 	8368.21 	7995.15 	7521.69 	7498.60 	7078.20 	7205.98 	7531.62 
A,CIV_COM,CRT_RESL,P_HTHAB,DE	2210.83 	1977.77 	2281.19 	2366.17 	2291.44 	2244.72 	2174.32 	2188.62 	2035.70 	1866.04 	1796.83 	1800.91 	1692.94 	1614.67 	1495.48 
A,CIV_COM,CRT_RESL,P_HTHAB,DK	1151.10 	1251.52 	1252.49 	1184.70 	984.71 	914.95 	843.84 	808.75 	806.18 	797.27 	753.72 	855.55 	831.05 	712.10 	734.00 
A,CIV_COM,CRT_RESL,P_HTHAB,EE	: 	2127.58 	2383.88 	2357.67 	2142.22 	2219.48 	2135.10 	2369.66 	2283.38 	2285.44 	2208.57 	2348.55 	2504.64 	2552.65 	2587.48 
A,CIV_COM,CRT_RESL,P_HTHAB,EL	: 	: 	: 	: 	: 	2344.20 	2502.18 	2161.57 	1346.67 	1787.51 	1714.26 	1657.99 	1775.64 	1676.38 	1879.77 
A,CIV_COM,CRT_RESL,P_HTHAB,ES	2782.12 	3310.57 	3627.54 	3592.46 	3471.68 	3247.44 	3558.78 	3576.63 	4046.07 	3934.23 	4207.75 	4633.81 	4109.59 	5349.28 	5340.43 
A,CIV_COM,CRT_RESL,P_HTHAB,FI	5164.58 	6581.31 	6739.47 	7320.76 	8682.70 	9061.30 	7760.71 	7471.97 	7696.11 	8147.68 	9110.36 	9102.45 	8457.58 	8652.24 	7742.90 
A,CIV_COM,CRT_RESL,P_HTHAB,FR	: 	: 	: 	3711.31 	3665.36 	3728.93 	3582.21 	3640.52 	3946.80 	3905.70 	3400.88 	2418.07 	1780.34 	2670.69 	2431.36 
A,CIV_COM,CRT_RESL,P_HTHAB,HR	3286.71 	3258.69 	14044.07 	14313.74 	14649.59 	13930.51 	12297.30 	10818.58 	11597.91 	10759.94 	10019.36 	9885.12 	9688.25 	10040.87 	11236.97 
A,CIV_COM,CRT_RESL,P_HTHAB,HU	1932.35 	1928.65 	2072.54 	2011.13 	1796.79 	2457.14 	2577.11 	2457.03 	2628.61 	2446.81 	2271.60 	2111.00 	1936.26 	2052.98 	2130.67 
A,CIV_COM,CRT_RESL,P_HTHAB,IS	: 	: 	: 	: 	: 	: 	: 	: 	: 	: 	: 	: 	1526.09 	1185.49 	1050.11 
A,CIV_COM,CRT_RESL,P_HTHAB,IT	7506.11 	7745.29 	7697.29 	7280.81 	7292.49 	6871.56 	3513.11 	6489.73 	6254.89 	5856.67 	5974.05 	5927.75 	4584.05 	5449.81 	5489.80 
A,CIV_COM,CRT_RESL,P_HTHAB,LI	: 	1191.38 	927.73 	1170.16 	1145.99 	1495.74 	1201.22 	1193.60 	1422.04 	1526.05 	1117.70 	1255.93 	936.85 	967.87 	: 
A,CIV_COM,CRT_RESL,P_HTHAB,LT	5605.14 	7199.48 	6538.02 	6108.65 	6055.22 	6159.75 	6683.37 	7149.38 	7132.31 	6897.67 	6232.05 	5784.05 	5410.74 	5226.24 	5295.48 
A,CIV_COM,CRT_RESL,P_HTHAB,LU	: 	: 	: 	: 	: 	: 	1083.18 	1048.75 	: 	750.68 	806.80 	1975.26 	1876.03 	1885.84 	1655.42 
A,CIV_COM,CRT_RESL,P_HTHAB,LV	3920.09 	6277.74 	5654.08 	4253.97 	2556.62 	2324.86 	2240.46 	2151.36 	2141.24 	1748.61 	3660.14 	3753.14 	4393.15 	5556.93 	6070.19 
A,CIV_COM,CRT_RESL,P_HTHAB,ME	2643.68 	2990.65 	2993.53 	3152.05 	2935.80 	3233.09 	3785.55 	5277.62 	5103.84 	5556.67 	5058.50 	4883.78 	4108.23 	3975.58 	3978.42 
A,CIV_COM,CRT_RESL,P_HTHAB,MT	: 	: 	: 	: 	: 	: 	: 	: 	: 	500.76 	795.04 	930.18 	744.71 	886.46 	1467.84 
A,CIV_COM,CRT_RESL,P_HTHAB,NL	: 	: 	7001.51 	6729.79 	6408.12 	6251.65 	6443.53 	6554.16 	: 	: 	: 	: 	: 	: 	: 
A,CIV_COM,CRT_RESL,P_HTHAB,PL	18119.01 	19923.14 	22250.48 	23660.27 	25223.44 	26130.12 	26277.89 	27391.80 	25956.16 	30425.87 	28430.38 	32603.49 	29202.38 	27916.99 	29051.22 
A,CIV_COM,CRT_RESL,P_HTHAB,PT	2956.47 	3390.25 	3027.53 	3189.79 	3448.17 	3238.01 	6276.28 	3572.33 	3377.95 	3318.87 	3162.05 	3313.48 	2425.79 	2590.43 	2611.72 
A,CIV_COM,CRT_RESL,P_HTHAB,RO	3355.82 	3504.06 	3727.53 	3804.52 	3728.16 	3518.50 	7265.57 	6275.58 	6058.58 	5653.94 	5675.46 	5874.33 	5171.32 	5541.69 	5841.25 
A,CIV_COM,CRT_RESL,P_HTHAB,RS	: 	: 	: 	: 	: 	14419.25 	11847.52 	14241.97 	24875.09 	16875.37 	15752.74 	15363.96 	14612.71 	18121.25 	14062.03 
A,CIV_COM,CRT_RESL,P_HTHAB,SE	781.72 	828.38 	906.25 	892.63 	912.35 	1054.12 	1035.90 	976.95 	914.76 	919.28 	927.33 	963.36 	950.85 	931.86 	870.11 
A,CIV_COM,CRT_RESL,P_HTHAB,SI	26662.45 	30196.49 	28400.38 	28206.16 	31640.34 	28433.99 	27992.88 	27041.64 	25222.36 	23294.02 	21831.02 	21438.43 	18376.36 	21251.63 	20185.79 
A,CIV_COM,CRT_RESL,P_HTHAB,SK	4819.33 	4874.48 	4769.53 	4553.46 	4899.58 	4779.52 	4799.86 	6209.89 	5878.92 	5606.01 	4730.71 	4577.68 	4399.44 	4205.08 	4197.11 
A,CIV_COM,CRT_RESL,P_HTHAB,TR	: 	2403.94 	2479.87 	2521.57 	2284.95 	2470.12 	2683.07 	2404.36 	2612.43 	2486.97 	2537.04 	2590.66 	2217.00 	3056.70 	3174.70 
A,CIV_COM,CRT_RESL,P_HTHAB,UKM	2207.92 	2070.15 	1728.58 	1526.38 	1360.39 	1297.19 	1300.00 	1294.78 	: 	1204.64 	: 	: 	: 	: 	: 
A,CIV_COM,CRT_RESL,P_HTHAB,UKN	2374.09 	2286.21 	2442.72 	2499.64 	2513.56 	2274.05 	2243.34 	2055.17 	1954.02 	1834.90 	1799.14 	: 	: 	: 	: 
A,CIV_COM,CRT_RESL,P_HTHAB,XK	34.51 	39.02 	38.40 	39.24 	: 	: 	: 	: 	35.05 	38.63 	38.75 	39.82 	: 	: 	: 
A,CRIM,CRT_BGHT,NR,AL	: 	: 	: 	: 	: 	11150 	14234 	27149 	17219 	15090 	16883 	17270 	16922 	14945 	: 
A,CRIM,CRT_BGHT,NR,AT	59812 	62000 	60726 	57862 	57668 	56110 	54588 	54172 	53104 	52320 	51160 	52554 	46419 	43153 	47499 
A,CRIM,CRT_BGHT,NR,BA	23575 	35904 	48744 	56092 	62220 	65371 	62823 	55474 	54216 	53108 	51872 	49983 	43524 	48992 	48893 
A,CRIM,CRT_BGHT,NR,BE	: 	: 	329910 	330911 	309227 	303226 	298935 	286810 	: 	268434 	258500 	229645 	191132 	241447 	223845 
A,CRIM,CRT_BGHT,NR,BG	: 	: 	: 	155030 	148167 	142261 	135589 	145555 	157079 	155039 	150324 	142755 	128853 	169591 	147256 
A,CRIM,CRT_BGHT,NR,CH	79166 	: 	195818 	: 	57573 	: 	: 	: 	33794 	: 	: 	: 	: 	: 	: 
A,CRIM,CRT_BGHT,NR,CZ	: 	: 	: 	155144 	152880 	165561 	151426 	87674 	81641 	76475 	74115 	73115 	65131 	62238 	65299 
A,CRIM,CRT_BGHT,NR,DE	826559 	803465 	776447 	770532 	727112 	700679 	679438 	664867 	670036 	657774 	659932 	661044 	625780 	566305 	560364 
A,CRIM,CRT_BGHT,NR,DK	106720 	116683 	114124 	117650 	152157 	126638 	132917 	148951 	141728 	135035 	167564 	160688 	162899 	139350 	153429 
A,CRIM,CRT_BGHT,NR,EE	11929 	10341 	9473 	9848 	9129 	8418 	7699 	7540 	7628 	6724 	5876 	5666 	5210 	4764 	3877 
A,CRIM,CRT_BGHT,NR,EL	: 	: 	: 	: 	: 	: 	: 	164754 	222036 	184350 	214663 	196798 	106457 	102186 	264496 
A,CRIM,CRT_BGHT,NR,ES	5760355 	5815477 	1308871 	1306902 	1306258 	348921 	332606 	293569 	302929 	289859 	287852 	298940 	248714 	309737 	326349 
A,CRIM,CRT_BGHT,NR,FI	65267 	60831 	61572 	59732 	60472 	55428 	54409 	53219 	51645 	53395 	58716 	54359 	56932 	56753 	51566 
A,CRIM,CRT_BGHT,NR,FR	: 	: 	: 	1003668 	1013050 	1031658 	1002289 	1005756 	4992686 	4765672 	4687990 	4496208 	4124168 	4306541 	4370413 
A,CRIM,CRT_BGHT,NR,HR	33114 	46627 	44819 	26547 	21978 	19312 	17666 	18257 	17992 	16830 	17113 	17596 	17944 	18640 	17707 
A,CRIM,CRT_BGHT,NR,HU	78491 	75429 	82260 	79938 	72569 	141887 	141977 	141514 	136403 	127853 	115730 	113333 	125130 	130909 	131595 
A,CRIM,CRT_BGHT,NR,IS	: 	: 	: 	: 	: 	: 	: 	: 	1914 	1753 	1858 	: 	1972 	1447 	1474 
A,CRIM,CRT_BGHT,NR,IT	: 	1612608 	1653571 	1593472 	1577944 	1577463 	1518873 	1499291 	1484199 	1348398 	1331892 	1291316 	1071254 	1158120 	1138283 
A,CRIM,CRT_BGHT,NR,LI	: 	28 	26 	31 	15 	27 	46 	22 	27 	24 	26 	32 	31 	35 	: 
A,CRIM,CRT_BGHT,NR,LT	16472 	17534 	18014 	18128 	20273 	20698 	21146 	18358 	16774 	20178 	19746 	18111 	17725 	15516 	15413 
A,CRIM,CRT_BGHT,NR,LU	: 	: 	: 	: 	: 	: 	: 	5335 	4973 	4134 	4500 	: 	: 	: 	: 
A,CRIM,CRT_BGHT,NR,LV	12280 	11700 	9958 	9592 	9610 	9132 	9133 	10476 	10407 	9394 	9164 	8741 	8271 	6345 	4557 
A,CRIM,CRT_BGHT,NR,ME	8817 	8691 	6856 	6002 	6277 	5091 	4820 	4093 	3849 	3765 	3781 	3619 	4237 	3907 	3543 
A,CRIM,CRT_BGHT,NR,MT	: 	: 	: 	: 	: 	: 	1412 	1179 	1027 	1718 	1410 	1070 	1778 	1519 	1320 
A,CRIM,CRT_BGHT,NR,PL	2304825 	2431620 	2537159 	2412893 	2452570 	2610007 	2599496 	2561991 	2354780 	2269110 	2134568 	2074734 	1862695 	2027328 	2027558 
A,CRIM,CRT_BGHT,NR,PT	114960 	112222 	107025 	106853 	104451 	91210 	132336 	73652 	71674 	62839 	61815 	64242 	51656 	59272 	62101 
A,CRIM,CRT_BGHT,NR,RO	171119 	167770 	171480 	181995 	194500 	226626 	247142 	232750 	349292 	381927 	383576 	379893 	341840 	358589 	366408 
A,CRIM,CRT_BGHT,NR,RS	: 	: 	: 	: 	: 	155601 	131790 	141013 	143471 	164191 	225285 	271718 	321469 	221741 	197424 
A,CRIM,CRT_BGHT,NR,SE	83037 	87476 	92415 	90929 	89823 	85543 	83699 	82844 	83863 	90492 	97472 	104300 	119941 	122423 	122018 
A,CRIM,CRT_BGHT,NR,SI	15910 	15175 	14388 	13505 	12690 	12302 	12785 	11020 	10374 	9833 	9466 	9324 	9222 	8613 	8420 
A,CRIM,CRT_BGHT,NR,SK	37307 	40726 	40990 	39773 	43940 	43344 	41468 	37544 	35255 	72163 	72209 	70891 	66868 	63773 	66374 
A,CRIM,CRT_BGHT,NR,TR	: 	1759568 	1902667 	1665706 	1843820 	1648082 	1578447 	1551056 	1410834 	1421877 	1601160 	1684483 	1322502 	1621787 	1804267 
A,CRIM,CRT_BGHT,NR,UKC-L	: 	: 	: 	: 	1169522 	1537272 	1607170 	1591592 	1635820 	: 	: 	: 	: 	: 	: 
A,CRIM,CRT_BGHT,NR,UKM	117034 	147034 	153105 	140121 	129682 	148741 	153681 	136262 	134488 	109881 	: 	: 	: 	: 	: 
A,CRIM,CRT_BGHT,NR,UKN	56373 	58568 	59556 	58229 	55553 	49929 	45797 	46269 	42553 	41747 	42553 	: 	: 	: 	: 
A,CRIM,CRT_BGHT,NR,XK	15723 	13612 	12381 	19465 	21681 	21356 	19790 	22356 	24859 	26797 	23640 	21550 	: 	: 	: 
A,CRIM,CRT_BGHT,P_HTHAB,AL	: 	: 	: 	: 	: 	: 	491.51 	940.78 	598.80 	524.58 	588.19 	603.33 	594.60 	528.14 	: 
A,CRIM,CRT_BGHT,P_HTHAB,AT	719.93 	743.85 	727.11 	690.88 	685.86 	663.88 	641.69 	631.65 	611.09 	596.38 	579.90 	593.24 	521.50 	483.09 	529.01 
A,CRIM,CRT_BGHT,P_HTHAB,BA	613.32 	934.03 	1268.04 	1459.52 	1620.62 	: 	: 	: 	: 	: 	: 	: 	: 	: 	: 
A,CRIM,CRT_BGHT,P_HTHAB,BE	: 	: 	3043.48 	3008.11 	2787.12 	2716.68 	2673.64 	2552.31 	: 	2364.70 	2267.82 	2004.67 	1658.78 	2089.59 	1926.77 
A,CRIM,CRT_BGHT,P_HTHAB,BG	: 	: 	: 	2103.69 	2022.14 	1952.91 	1871.31 	2020.98 	2195.75 	2183.08 	2132.25 	2039.35 	1853.60 	2451.96 	2153.20 
A,CRIM,CRT_BGHT,P_HTHAB,CH	1042.55 	: 	2515.06 	: 	723.76 	: 	: 	: 	405.83 	: 	: 	: 	: 	: 	: 
A,CRIM,CRT_BGHT,P_HTHAB,CZ	: 	: 	: 	1479.43 	1455.25 	1574.35 	1440.45 	831.96 	773.57 	722.91 	698.54 	686.54 	609.05 	581.57 	620.91 
A,CRIM,CRT_BGHT,P_HTHAB,DE	1005.33 	979.81 	949.18 	960.50 	905.18 	870.15 	841.23 	818.83 	815.37 	797.09 	797.09 	796.25 	752.44 	681.02 	673.21 
A,CRIM,CRT_BGHT,P_HTHAB,DK	1948.94 	2117.10 	2061.96 	2115.77 	2726.58 	2260.33 	2362.03 	2631.78 	2483.30 	2348.94 	2898.43 	2767.58 	2797.62 	2386.11 	2612.26 
A,CRIM,CRT_BGHT,P_HTHAB,EE	891.26 	774.18 	710.50 	740.64 	688.87 	637.64 	585.11 	573.44 	579.66 	511.08 	445.44 	427.68 	392.03 	358.18 	291.11 
A,CRIM,CRT_BGHT,P_HTHAB,EL	: 	: 	: 	: 	: 	: 	: 	1517.35 	2058.99 	1711.99 	1998.51 	1835.01 	993.20 	956.92 	2528.70 
A,CRIM,CRT_BGHT,P_HTHAB,ES	12613.29 	12576.92 	2815.59 	2800.47 	2790.06 	746.71 	715.09 	632.02 	652.30 	622.98 	616.93 	636.90 	525.46 	653.47 	688.02 
A,CRIM,CRT_BGHT,P_HTHAB,FI	1231.34 	1142.08 	1150.57 	1111.24 	1119.59 	1021.40 	998.10 	972.61 	941.17 	970.24 	1065.02 	985.14 	1030.39 	1025.57 	929.41 
A,CRIM,CRT_BGHT,P_HTHAB,FR	: 	: 	: 	1544.61 	1551.93 	1572.64 	1519.95 	1512.68 	7492.21 	7133.19 	6994.26 	6693.01 	6126.20 	6365.29 	6439.21 
A,CRIM,CRT_BGHT,P_HTHAB,HR	767.96 	1081.88 	1041.61 	618.83 	513.99 	453.11 	415.98 	432.09 	429.33 	405.13 	416.83 	431.67 	442.17 	461.80 	458.46 
A,CRIM,CRT_BGHT,P_HTHAB,HU	781.36 	751.96 	821.42 	800.52 	730.66 	1431.93 	1437.40 	1435.88 	1387.55 	1304.95 	1183.53 	1159.68 	1280.82 	1345.31 	1358.19 
A,CRIM,CRT_BGHT,P_HTHAB,IS	: 	: 	: 	: 	: 	: 	: 	: 	575.59 	518.10 	533.22 	: 	541.56 	392.36 	391.76 
A,CRIM,CRT_BGHT,P_HTHAB,IT	: 	2733.21 	2793.66 	2684.21 	2656.73 	2642.97 	2498.86 	2466.12 	2446.53 	2225.47 	2202.06 	2158.79 	1796.16 	1955.09 	1928.31 
A,CRIM,CRT_BGHT,P_HTHAB,LI	: 	78.68 	72.44 	85.76 	41.12 	73.29 	123.89 	58.88 	71.77 	63.48 	68.22 	83.38 	80.01 	89.62 	: 
A,CRIM,CRT_BGHT,P_HTHAB,LT	512.73 	550.72 	573.33 	593.86 	674.95 	696.46 	718.40 	628.43 	580.70 	708.52 	702.98 	648.17 	634.37 	555.00 	549.29 
A,CRIM,CRT_BGHT,P_HTHAB,LU	: 	: 	: 	: 	: 	: 	: 	947.67 	862.99 	699.89 	747.50 	: 	: 	: 	: 
A,CRIM,CRT_BGHT,P_HTHAB,LV	560.27 	540.96 	469.61 	462.35 	469.97 	451.22 	456.32 	527.47 	528.55 	481.71 	473.74 	455.27 	433.56 	335.14 	242.94 
A,CRIM,CRT_BGHT,P_HTHAB,ME	1432.39 	1408.23 	1107.59 	968.30 	1011.92 	819.95 	775.52 	657.93 	618.59 	604.93 	607.53 	581.66 	681.33 	629.41 	573.60 
A,CRIM,CRT_BGHT,P_HTHAB,MT	: 	: 	: 	: 	: 	: 	331.94 	274.60 	236.42 	373.24 	296.40 	216.79 	345.54 	294.32 	253.37 
A,CRIM,CRT_BGHT,P_HTHAB,PL	6046.93 	6376.20 	6672.72 	6339.26 	6443.31 	6857.15 	6837.57 	6741.09 	6202.14 	5975.59 	5620.73 	5463.74 	4907.23 	5357.63 	5384.67 
A,CRIM,CRT_BGHT,P_HTHAB,PT	1089.32 	1062.41 	1012.20 	1010.65 	990.77 	869.72 	1269.13 	709.91 	693.08 	609.52 	600.67 	625.13 	501.71 	575.55 	599.89 
A,CRIM,CRT_BGHT,P_HTHAB,RO	829.25 	820.78 	798.99 	849.90 	967.85 	1131.99 	1238.97 	1171.33 	1767.64 	1944.21 	1963.97 	1956.75 	1768.55 	1867.49 	1924.16 
A,CRIM,CRT_BGHT,P_HTHAB,RS	: 	: 	: 	: 	: 	2166.69 	1844.05 	1982.08 	2027.47 	2332.17 	3217.69 	3901.88 	4641.01 	3226.94 	2904.53 
A,CRIM,CRT_BGHT,P_HTHAB,SE	904.25 	945.04 	989.38 	965.73 	947.21 	895.19 	867.81 	849.91 	851.31 	905.36 	963.14 	1019.53 	1161.36 	1179.49 	1167.38 
A,CRIM,CRT_BGHT,P_HTHAB,SI	791.44 	746.67 	702.89 	658.72 	617.37 	597.53 	620.30 	534.21 	502.57 	475.97 	457.98 	448.07 	440.01 	408.40 	399.59 
A,CRIM,CRT_BGHT,P_HTHAB,SK	693.95 	756.65 	760.42 	737.57 	813.05 	801.06 	765.66 	692.52 	649.71 	1327.66 	1326.61 	1300.65 	1225.17 	1168.05 	1221.30 
A,CRIM,CRT_BGHT,P_HTHAB,TR	: 	2460.35 	2622.15 	2259.41 	2467.50 	2179.21 	2058.81 	1996.32 	1791.74 	1781.47 	1981.38 	2054.15 	1590.41 	1939.60 	2130.68 
A,CRIM,CRT_BGHT,P_HTHAB,UKC-L	: 	: 	: 	: 	2074.72 	2708.44 	2810.90 	2759.75 	2813.23 	: 	: 	: 	: 	: 	: 
A,CRIM,CRT_BGHT,P_HTHAB,UKM	2256.74 	2818.41 	2918.20 	2653.51 	2443.94 	2795.82 	2879.29 	2543.86 	2501.35 	2029.30 	: 	: 	: 	: 	: 
A,CRIM,CRT_BGHT,P_HTHAB,UKN	3184.26 	3278.94 	3310.47 	3217.89 	3054.15 	2733.36 	2492.62 	2504.95 	2291.43 	2236.48 	2268.34 	: 	: 	: 	: 
A,CRIM,CRT_BGHT,P_HTHAB,XK	730.24 	624.21 	560.71 	1084.90 	: 	: 	: 	: 	1403.19 	1502.47 	1314.42 	1200.11 	: 	: 	: 
A,CRIM,CRT_PEN,NR,AL	: 	: 	: 	: 	: 	3683 	3670 	3933 	3937 	2704 	3056 	5739 	7131 	3154 	: 
A,CRIM,CRT_PEN,NR,AT	: 	: 	: 	: 	: 	17279 	15707 	14689 	14482 	14309 	13747 	13752 	14085 	12614 	13353 
A,CRIM,CRT_PEN,NR,BA	22234 	24025 	24904 	24565 	23894 	22733 	21492 	19536 	18729 	17671 	16407 	15554 	15346 	15801 	16089 
A,CRIM,CRT_PEN,NR,BE	: 	: 	12651 	12304 	11530 	10952 	44714 	10550 	: 	: 	: 	: 	: 	: 	: 
A,CRIM,CRT_PEN,NR,BG	: 	: 	: 	29158 	30786 	29038 	28323 	27105 	21415 	18561 	21468 	21184 	23280 	23393 	21007 
A,CRIM,CRT_PEN,NR,CH	11941 	47565 	35966 	20782 	21406 	: 	: 	: 	8859 	: 	: 	: 	: 	: 	: 
A,CRIM,CRT_PEN,NR,CZ	: 	: 	: 	21108 	21008 	18645 	18799 	15689 	14669 	13951 	13383 	13052 	12884 	10870 	10151 
A,CRIM,CRT_PEN,NR,DE	261746 	246618 	232980 	230645 	222204 	222489 	222804 	216884 	224508 	227745 	238028 	237886 	248678 	232799 	234909 
A,CRIM,CRT_PEN,NR,DK	35086 	40782 	32888 	23365 	16051 	14928 	17022 	16389 	14983 	15851 	18687 	19239 	26978 	31329 	32254 
A,CRIM,CRT_PEN,NR,EE	: 	: 	3572 	2261 	1742 	: 	: 	: 	: 	: 	: 	: 	: 	: 	: 
A,CRIM,CRT_PEN,NR,EL	: 	: 	: 	: 	: 	: 	: 	: 	: 	: 	: 	: 	38880 	70305 	113307 
A,CRIM,CRT_PEN,NR,ES	1049519 	1067630 	511436 	508471 	560384 	332394 	317034 	285023 	274965 	259484 	251687 	253335 	276038 	284198 	296839 
A,CRIM,CRT_PEN,NR,FI	16253 	15503 	17487 	17317 	18832 	18583 	17965 	17255 	16538 	18764 	21383 	20381 	26325 	27256 	26198 
A,CRIM,CRT_PEN,NR,HR	35305 	34081 	30640 	22029 	18297 	19437 	21950 	23230 	24204 	24992 	26338 	27040 	29337 	31164 	30902 
A,CRIM,CRT_PEN,NR,HU	52603 	52701 	55379 	50645 	45694 	47917 	43469 	40167 	37062 	33891 	25851 	20753 	23407 	23266 	23027 
A,CRIM,CRT_PEN,NR,IS	: 	: 	: 	: 	: 	: 	: 	: 	449 	427 	578 	: 	722 	481 	619 
A,CRIM,CRT_PEN,NR,IT	: 	1353376 	1409547 	1431853 	1497220 	1524940 	1517328 	1510668 	1355234 	1317777 	1300851 	1290530 	1331167 	1276797 	1162164 
A,CRIM,CRT_PEN,NR,LI	: 	12 	13 	13 	10 	13 	27 	17 	12 	15 	16 	23 	18 	23 	: 
A,CRIM,CRT_PEN,NR,LT	4036 	4738 	5083 	5139 	4747 	4708 	4180 	3575 	3234 	3554 	3294 	3230 	4176 	4065 	3933 
A,CRIM,CRT_PEN,NR,LV	4799 	5160 	5159 	5251 	5334 	5246 	5055 	2861 	3453 	4793 	4116 	3750 	4162 	3391 	3179 
A,CRIM,CRT_PEN,NR,ME	6774 	4033 	3306 	2744 	2932 	2876 	2546 	2099 	1697 	1590 	1725 	1564 	2140 	2428 	2656 
A,CRIM,CRT_PEN,NR,MT	: 	: 	: 	: 	: 	: 	2917 	3795 	3627 	3542 	3310 	3428 	3684 	2454 	2281 
A,CRIM,CRT_PEN,NR,PL	370756 	272816 	408741 	386527 	358795 	430311 	419599 	421510 	376237 	368249 	368936 	374052 	410425 	400266 	383289 
A,CRIM,CRT_PEN,NR,PT	102911 	92607 	85971 	83154 	78472 	69948 	62953 	55619 	49942 	41341 	39162 	37774 	41084 	41016 	40817 
A,CRIM,CRT_PEN,NR,RO	33668 	38378 	38942 	34811 	21530 	49778 	77382 	62160 	96271 	100282 	102916 	106157 	105661 	103879 	112002 
A,CRIM,CRT_PEN,NR,RS	: 	: 	: 	: 	: 	73359 	59139 	47172 	40328 	39408 	44866 	44275 	46193 	45385 	44412 
A,CRIM,CRT_PEN,NR,SE	30697 	32163 	33687 	31771 	30690 	29967 	29582 	28774 	30216 	34341 	38619 	42191 	46959 	47334 	46437 
A,CRIM,CRT_PEN,NR,SI	19237 	17791 	17317 	17114 	14986 	11193 	9833 	9403 	9505 	9621 	9292 	9095 	11001 	11099 	10765 
A,CRIM,CRT_PEN,NR,SK	19797 	19857 	19136 	18182 	17625 	16677 	15770 	15468 	14798 	25797 	24410 	22497 	22560 	23218 	23710 
A,CRIM,CRT_PEN,NR,TR	: 	1226795 	1432691 	1336457 	1137519 	1042748 	1005395 	995665 	1082384 	1228484 	1316110 	1352612 	1458741 	1325127 	1386850 
A,CRIM,CRT_PEN,NR,XK	36201 	36190 	35927 	36947 	38960 	45968 	41969 	44142 	45169 	46154 	43650 	36123 	: 	: 	: 
A,CRIM,CRT_PEN,P_HTHAB,AL	: 	: 	: 	: 	: 	: 	126.73 	136.29 	136.91 	94.00 	106.47 	200.49 	250.57 	111.46 	: 
A,CRIM,CRT_PEN,P_HTHAB,AT	: 	: 	: 	: 	: 	204.44 	184.64 	171.28 	166.65 	163.11 	155.82 	155.24 	158.24 	141.21 	148.71 
A,CRIM,CRT_PEN,P_HTHAB,BA	578.43 	625.00 	647.86 	639.18 	622.36 	: 	: 	: 	: 	: 	: 	: 	: 	: 	: 
A,CRIM,CRT_PEN,P_HTHAB,BE	: 	: 	116.71 	111.85 	103.92 	98.12 	399.92 	93.88 	: 	: 	: 	: 	: 	: 	: 
A,CRIM,CRT_PEN,P_HTHAB,BG	: 	: 	: 	395.66 	420.16 	398.62 	390.90 	376.34 	299.35 	261.35 	304.51 	302.63 	334.89 	338.22 	307.17 
A,CRIM,CRT_PEN,P_HTHAB,CH	157.25 	617.58 	461.94 	264.06 	269.10 	: 	: 	: 	106.39 	: 	: 	: 	: 	: 	: 
A,CRIM,CRT_PEN,P_HTHAB,CZ	: 	: 	: 	201.28 	199.97 	177.30 	178.83 	148.88 	138.99 	131.88 	126.14 	122.56 	120.48 	101.57 	96.52 
A,CRIM,CRT_PEN,P_HTHAB,DE	318.36 	300.75 	284.81 	287.51 	276.62 	276.30 	275.86 	267.11 	273.20 	275.98 	287.50 	286.54 	299.01 	279.96 	282.22 
A,CRIM,CRT_PEN,P_HTHAB,DK	640.75 	739.95 	594.21 	420.19 	287.63 	266.45 	302.49 	289.57 	262.53 	275.73 	323.24 	331.36 	463.32 	536.45 	549.15 
A,CRIM,CRT_PEN,P_HTHAB,EE	: 	: 	267.91 	170.04 	131.45 	: 	: 	: 	: 	: 	: 	: 	: 	: 	: 
A,CRIM,CRT_PEN,P_HTHAB,EL	: 	: 	: 	: 	: 	: 	: 	: 	: 	: 	: 	: 	362.74 	658.37 	1083.26 
A,CRIM,CRT_PEN,P_HTHAB,ES	2298.10 	2308.92 	1100.18 	1089.57 	1196.94 	711.34 	681.61 	613.62 	592.09 	557.69 	539.42 	539.73 	583.19 	599.59 	625.81 
A,CRIM,CRT_PEN,P_HTHAB,FI	306.63 	291.06 	326.77 	322.16 	348.66 	342.44 	329.56 	315.35 	301.39 	340.96 	387.86 	369.36 	476.45 	492.54 	472.19 
A,CRIM,CRT_PEN,P_HTHAB,HR	818.77 	790.78 	712.09 	513.51 	427.90 	456.04 	516.86 	549.78 	577.57 	601.61 	641.53 	663.36 	722.91 	772.08 	800.09 
A,CRIM,CRT_PEN,P_HTHAB,HU	523.65 	525.38 	553.00 	507.17 	460.07 	483.58 	440.09 	407.56 	377.01 	345.91 	264.37 	212.36 	239.59 	239.10 	237.66 
A,CRIM,CRT_PEN,P_HTHAB,IS	: 	: 	: 	: 	: 	: 	: 	: 	135.03 	126.20 	165.88 	: 	198.28 	130.43 	164.52 
A,CRIM,CRT_PEN,P_HTHAB,IT	: 	2293.83 	2381.39 	2411.96 	2520.82 	2554.97 	2496.32 	2484.83 	2233.94 	2174.93 	2150.74 	2157.48 	2231.95 	2155.43 	1968.76 
A,CRIM,CRT_PEN,P_HTHAB,LI	: 	33.72 	36.22 	35.96 	27.42 	35.29 	72.72 	45.50 	31.90 	39.67 	41.98 	59.93 	46.46 	58.89 	: 
A,CRIM,CRT_PEN,P_HTHAB,LT	125.63 	148.81 	161.78 	168.35 	158.04 	158.42 	142.01 	122.38 	111.96 	124.79 	117.27 	115.60 	149.46 	145.40 	140.16 
A,CRIM,CRT_PEN,P_HTHAB,LV	218.95 	238.58 	243.29 	253.11 	260.86 	259.21 	252.56 	144.05 	175.37 	245.78 	212.78 	195.32 	218.17 	179.11 	169.48 
A,CRIM,CRT_PEN,P_HTHAB,ME	1100.49 	653.48 	534.09 	442.69 	472.67 	463.20 	409.64 	337.41 	272.73 	255.47 	277.17 	251.37 	344.12 	391.15 	429.99 
A,CRIM,CRT_PEN,P_HTHAB,MT	: 	: 	: 	: 	: 	: 	685.73 	883.91 	834.94 	769.50 	695.82 	694.55 	715.95 	475.49 	437.84 
A,CRIM,CRT_PEN,P_HTHAB,PL	972.71 	715.38 	1074.99 	1015.50 	942.61 	1130.54 	1103.69 	1109.07 	990.95 	969.77 	971.48 	985.05 	1081.26 	1057.79 	1017.92 
A,CRIM,CRT_PEN,P_HTHAB,PT	975.15 	876.71 	813.08 	786.50 	744.35 	666.98 	603.73 	536.10 	482.94 	401.00 	380.55 	367.57 	399.03 	398.28 	394.29 
A,CRIM,CRT_PEN,P_HTHAB,RO	163.16 	187.76 	181.44 	162.56 	107.14 	248.64 	387.93 	312.82 	487.19 	510.49 	526.95 	546.79 	546.65 	540.99 	588.17 
A,CRIM,CRT_PEN,P_HTHAB,RS	: 	: 	: 	: 	: 	1021.50 	827.49 	663.05 	569.90 	559.75 	640.81 	635.79 	666.88 	660.48 	653.40 
A,CRIM,CRT_PEN,P_HTHAB,SE	334.28 	347.47 	360.65 	337.43 	323.64 	313.60 	306.71 	295.20 	306.73 	343.58 	381.60 	412.42 	454.69 	456.04 	444.27 
A,CRIM,CRT_PEN,P_HTHAB,SI	956.94 	875.39 	845.98 	834.75 	729.07 	543.66 	477.08 	455.82 	460.47 	465.71 	449.57 	437.07 	524.89 	526.27 	510.87 
A,CRIM,CRT_PEN,P_HTHAB,SK	368.24 	368.92 	355.00 	337.18 	326.13 	308.21 	291.18 	285.32 	272.71 	474.62 	448.46 	412.76 	413.35 	425.26 	436.27 
A,CRIM,CRT_PEN,P_HTHAB,TR	: 	1715.39 	1974.46 	1812.81 	1522.29 	1378.80 	1311.36 	1281.49 	1374.61 	1539.17 	1628.64 	1649.45 	1754.24 	1584.81 	1637.75 
A,CRIM,CRT_PEN,P_HTHAB,XK	1681.31 	1659.57 	1627.05 	2059.27 	: 	: 	: 	: 	2549.61 	2587.79 	2427.01 	2011.68 	: 	: 	: 
A,CRIM,CRT_RESL,NR,AL	: 	: 	: 	: 	: 	7512 	13587 	15624 	13282 	12398 	13827 	11531 	9791 	11791 	: 
A,CRIM,CRT_RESL,NR,AT	0 	68486 	65269 	63252 	62439 	57054 	56160 	55190 	53311 	52493 	51722 	52549 	46086 	44624 	46760 
A,CRIM,CRT_RESL,NR,BA	16689 	34112 	47863 	56430 	62891 	66532 	64077 	56464 	55019 	54161 	53134 	50835 	43733 	48538 	48608 
A,CRIM,CRT_RESL,NR,BE	: 	: 	329826 	326885 	309126 	302877 	296192 	279370 	: 	267166 	258130 	231006 	180946 	231425 	214735 
A,CRIM,CRT_RESL,NR,BG	: 	: 	: 	153526 	149071 	144090 	138797 	148159 	164126 	158734 	151267 	144545 	128186 	131463 	126266 
A,CRIM,CRT_RESL,NR,CH	78339 	: 	207416 	: 	58949 	: 	: 	: 	33661 	: 	: 	: 	: 	: 	: 
A,CRIM,CRT_RESL,NR,CZ	: 	: 	: 	111523 	167624 	182538 	165125 	89020 	82670 	77956 	74683 	73446 	65264 	64352 	66020 
A,CRIM,CRT_RESL,NR,DE	844424 	818593 	790085 	772867 	736029 	700394 	679123 	670787 	662412 	654537 	648918 	660816 	614781 	582112 	558208 
A,CRIM,CRT_RESL,NR,DK	102784 	110014 	121285 	126911 	158437 	127848 	130872 	149814 	143426 	134780 	165858 	160047 	155064 	134781 	152630 
A,CRIM,CRT_RESL,NR,EE	11478 	10050 	9070 	10040 	9183 	8429 	7721 	7359 	7463 	6802 	5749 	5689 	5114 	4704 	3921 
A,CRIM,CRT_RESL,NR,EL	: 	: 	: 	: 	: 	: 	: 	: 	: 	: 	: 	: 	104812 	104770 	185752 
A,CRIM,CRT_RESL,NR,ES	5748470 	5842733 	1282485 	1279915 	1300280 	376826 	371601 	329099 	326348 	323030 	305603 	305298 	234348 	312980 	322873 
A,CRIM,CRT_RESL,NR,FI	56670 	55173 	52869 	53255 	52507 	49233 	48013 	46651 	45739 	45561 	49549 	48918 	44420 	55702 	52307 
A,CRIM,CRT_RESL,NR,FR	: 	: 	: 	1082956 	1134767 	1081985 	1089507 	1096657 	1200575 	1180949 	798886 	696222 	663293 	694760 	692705 
A,CRIM,CRT_RESL,NR,HR	35536 	48858 	48254 	29527 	25711 	18170 	17556 	16968 	16974 	16057 	15773 	16895 	15769 	17039 	18026 
A,CRIM,CRT_RESL,NR,HU	77293 	75331 	79582 	84672 	77520 	142586 	146425 	144070 	140254 	131024 	123770 	118430 	122476 	131050 	131834 
A,CRIM,CRT_RESL,NR,IS	: 	: 	: 	: 	: 	: 	: 	: 	1923 	1786 	1712 	: 	1752 	1538 	1466 
A,CRIM,CRT_RESL,NR,IT	: 	1539288 	1563858 	1525664 	1475665 	1515000 	1434432 	1455041 	1594629 	1329982 	1310105 	1256498 	974890 	1162784 	1185406 
A,CRIM,CRT_RESL,NR,LI	: 	27 	24 	31 	18 	24 	32 	32 	32 	21 	25 	25 	36 	29 	: 
A,CRIM,CRT_RESL,NR,LT	16082 	16832 	17669 	18072 	20665 	20737 	21674 	18963 	17115 	19858 	20006 	18175 	16779 	15627 	15545 
A,CRIM,CRT_RESL,NR,LU	: 	: 	: 	: 	: 	: 	: 	4985 	4947 	4225 	4176 	4465 	4617 	5036 	: 
A,CRIM,CRT_RESL,NR,LV	11164 	11339 	9959 	9500 	9527 	9220 	9227 	10568 	10351 	10212 	9652 	8798 	7855 	7032 	4764 
A,CRIM,CRT_RESL,NR,ME	11241 	10857 	7541 	6047 	6089 	5147 	5073 	4500 	4080 	3796 	3638 	3775 	3583 	3609 	3304 
A,CRIM,CRT_RESL,NR,MT	: 	: 	: 	: 	: 	: 	1439 	1291 	1294 	2184 	1512 	1800 	1456 	1208 	1281 
A,CRIM,CRT_RESL,NR,NL	127389 	127082 	110027 	105465 	99723 	104610 	102071 	106373 	94350 	93049 	: 	: 	: 	: 	: 
A,CRIM,CRT_RESL,NR,NO	21120 	19753 	21986 	19837 	18562 	20627 	18459 	19367 	: 	16700 	15787 	15724 	15558 	15021 	14548 
A,CRIM,CRT_RESL,NR,PL	2296367 	2530039 	2401642 	2435084 	2480287 	2538459 	2610184 	2559970 	2400063 	2277100 	2133911 	2069342 	1826322 	2037487 	2044535 
A,CRIM,CRT_RESL,NR,PT	129737 	122217 	113037 	109670 	109133 	99735 	139344 	80754 	77284 	71262 	63846 	65591 	48346 	59340 	62300 
A,CRIM,CRT_RESL,NR,RO	170413 	163060 	170072 	186075 	208378 	219785 	248840 	248102 	315804 	377916 	382490 	377046 	342767 	361774 	357069 
A,CRIM,CRT_RESL,NR,RS	: 	: 	: 	: 	: 	175800 	155577 	161756 	159380 	176649 	231957 	271624 	320767 	222121 	198388 
A,CRIM,CRT_RESL,NR,SE	82504 	85714 	90627 	92692 	90732 	86083 	83887 	83548 	82337 	86288 	93191 	100696 	115153 	122026 	122921 
A,CRIM,CRT_RESL,NR,SI	16854 	16630 	14716 	13709 	14799 	15996 	14107 	11445 	10279 	9729 	9805 	9521 	7303 	8518 	8752 
A,CRIM,CRT_RESL,NR,SK	37590 	40667 	41710 	40727 	44497 	44292 	42496 	37846 	35360 	74713 	73642 	71913 	66805 	63115 	65882 
A,CRIM,CRT_RESL,NR,TR	: 	1722284 	1696635 	1760476 	2042675 	1743048 	1618250 	1743048 	1618250 	1408367 	1615463 	1757759 	1374732 	1965068 	1916890 
A,CRIM,CRT_RESL,NR,UKM	: 	: 	: 	: 	: 	: 	: 	: 	: 	104105 	: 	: 	: 	: 	: 
A,CRIM,CRT_RESL,NR,UKN	56209 	57675 	57420 	58743 	56223 	50791 	45922 	45136 	: 	41934 	41747 	: 	: 	: 	: 
A,CRIM,CRT_RESL,NR,XK	13057 	13612 	12381 	19465 	21681 	21356 	22596 	20077 	23832 	25698 	26197 	29077 	: 	: 	: 
A,CRIM,CRT_RESL,P_HTHAB,AL	: 	: 	: 	: 	: 	: 	496.17 	541.41 	461.89 	431.00 	481.72 	402.84 	344.03 	416.68 	: 
A,CRIM,CRT_RESL,P_HTHAB,AT	0.00 	821.67 	781.51 	755.23 	742.60 	675.05 	660.17 	643.52 	613.47 	598.36 	586.27 	593.19 	517.76 	499.56 	520.77 
A,CRIM,CRT_RESL,P_HTHAB,BA	434.17 	887.41 	1245.12 	1468.31 	1638.10 	: 	: 	: 	: 	: 	: 	: 	: 	: 	: 
A,CRIM,CRT_RESL,P_HTHAB,BE	: 	: 	3042.70 	2971.51 	2786.21 	2713.55 	2649.10 	2486.10 	: 	2353.53 	2264.58 	2016.55 	1570.38 	2002.85 	1848.36 
A,CRIM,CRT_RESL,P_HTHAB,BG	: 	: 	: 	2083.28 	2034.48 	1978.02 	1915.58 	2057.14 	2294.25 	2235.10 	2145.62 	2064.92 	1844.01 	1900.70 	1846.28 
A,CRIM,CRT_RESL,P_HTHAB,CH	1031.66 	: 	2664.03 	: 	741.06 	: 	: 	: 	404.23 	: 	: 	: 	: 	: 	: 
A,CRIM,CRT_RESL,P_HTHAB,CZ	: 	: 	: 	1063.47 	1595.59 	1735.79 	1570.76 	844.73 	783.32 	736.91 	703.89 	689.65 	610.29 	601.32 	627.76 
A,CRIM,CRT_RESL,P_HTHAB,DE	1027.06 	998.26 	965.85 	963.41 	916.28 	869.80 	840.84 	826.12 	806.09 	793.17 	783.79 	795.98 	739.22 	700.03 	670.62 
A,CRIM,CRT_RESL,P_HTHAB,DK	1877.06 	1996.10 	2191.34 	2282.31 	2839.11 	2281.93 	2325.69 	2647.02 	2513.05 	2344.50 	2868.92 	2756.54 	2663.07 	2307.88 	2598.66 
A,CRIM,CRT_RESL,P_HTHAB,EE	857.57 	752.39 	680.27 	755.08 	692.94 	638.48 	586.78 	559.68 	567.12 	517.01 	435.82 	429.42 	384.81 	353.67 	294.41 
A,CRIM,CRT_RESL,P_HTHAB,EL	: 	: 	: 	: 	: 	: 	: 	: 	: 	: 	: 	: 	977.85 	981.12 	1775.87 
A,CRIM,CRT_RESL,P_HTHAB,ES	12587.26 	12635.87 	2758.83 	2742.65 	2777.29 	806.43 	798.93 	708.51 	702.73 	694.27 	654.98 	650.44 	495.11 	660.31 	680.69 
A,CRIM,CRT_RESL,P_HTHAB,FI	1069.15 	1035.86 	987.94 	990.74 	972.12 	907.24 	880.77 	852.58 	833.54 	827.89 	898.75 	886.53 	803.94 	1006.58 	942.77 
A,CRIM,CRT_RESL,P_HTHAB,FR	: 	: 	: 	1666.63 	1738.39 	1649.36 	1652.22 	1649.40 	1801.63 	1767.63 	1191.90 	1036.39 	985.28 	1026.89 	1020.61 
A,CRIM,CRT_RESL,P_HTHAB,HR	824.13 	1133.65 	1121.44 	688.30 	601.29 	426.31 	413.39 	401.58 	405.04 	386.52 	384.19 	414.47 	388.57 	422.14 	466.72 
A,CRIM,CRT_RESL,P_HTHAB,HU	769.44 	750.98 	794.68 	847.93 	780.51 	1438.98 	1482.43 	1461.81 	1426.73 	1337.31 	1265.75 	1211.84 	1253.65 	1346.76 	1360.66 
A,CRIM,CRT_RESL,P_HTHAB,IS	: 	: 	: 	: 	: 	: 	: 	: 	578.30 	527.86 	491.32 	: 	481.14 	417.04 	389.64 
A,CRIM,CRT_RESL,P_HTHAB,IT	: 	2608.94 	2642.09 	2569.99 	2484.53 	2538.32 	2359.94 	2393.33 	2628.56 	2195.07 	2166.04 	2100.58 	1634.58 	1962.96 	2008.14 
A,CRIM,CRT_RESL,P_HTHAB,LI	: 	75.87 	66.86 	85.76 	49.35 	65.15 	86.19 	85.64 	85.06 	55.54 	65.59 	65.14 	92.91 	74.25 	: 
A,CRIM,CRT_RESL,P_HTHAB,LT	500.59 	528.67 	562.35 	592.02 	688.00 	697.77 	736.34 	649.14 	592.51 	697.28 	712.24 	650.46 	600.52 	558.97 	553.99 
A,CRIM,CRT_RESL,P_HTHAB,LU	: 	: 	: 	: 	: 	: 	: 	885.50 	858.48 	715.29 	693.68 	727.32 	737.41 	793.41 	: 
A,CRIM,CRT_RESL,P_HTHAB,LV	509.35 	524.27 	469.65 	457.92 	465.91 	455.57 	461.01 	532.10 	525.71 	523.66 	498.97 	458.24 	411.76 	371.43 	253.98 
A,CRIM,CRT_RESL,P_HTHAB,ME	1826.19 	1759.20 	1218.25 	975.56 	981.61 	828.97 	816.22 	723.36 	655.72 	609.91 	584.55 	606.74 	576.16 	581.40 	534.90 
A,CRIM,CRT_RESL,P_HTHAB,MT	: 	: 	: 	: 	: 	: 	338.28 	300.69 	297.88 	474.48 	317.85 	364.70 	282.96 	234.06 	245.89 
A,CRIM,CRT_RESL,P_HTHAB,NL	776.51 	770.86 	663.81 	633.20 	596.06 	623.44 	606.51 	629.40 	555.68 	544.74 	: 	: 	: 	: 	: 
A,CRIM,CRT_RESL,P_HTHAB,NO	445.84 	411.58 	452.55 	403.17 	372.29 	408.35 	361.38 	374.86 	: 	317.59 	298.11 	295.11 	289.85 	278.61 	268.15 
A,CRIM,CRT_RESL,P_HTHAB,PL	6024.74 	6634.28 	6316.31 	6397.56 	6516.13 	6669.18 	6865.68 	6735.77 	6321.41 	5996.63 	5619.00 	5449.54 	4811.41 	5384.48 	5429.76 
A,CRIM,CRT_RESL,P_HTHAB,PT	1229.35 	1157.03 	1069.06 	1037.29 	1035.18 	951.01 	1336.34 	778.37 	747.33 	691.22 	620.40 	638.25 	469.57 	576.21 	601.81 
A,CRIM,CRT_RESL,P_HTHAB,RO	825.83 	797.74 	792.43 	868.95 	1036.91 	1097.82 	1247.49 	1248.59 	1598.17 	1923.79 	1958.41 	1942.09 	1773.35 	1884.08 	1875.12 
A,CRIM,CRT_RESL,P_HTHAB,RS	: 	: 	: 	: 	: 	2447.95 	2176.89 	2273.64 	2252.28 	2509.12 	3312.99 	3900.53 	4630.87 	3232.47 	2918.71 
A,CRIM,CRT_RESL,P_HTHAB,SE	898.45 	926.00 	970.24 	984.45 	956.80 	900.84 	869.76 	857.14 	835.82 	863.30 	920.84 	984.30 	1115.00 	1175.67 	1176.02 
A,CRIM,CRT_RESL,P_HTHAB,SI	838.40 	818.26 	718.91 	668.67 	719.97 	776.95 	684.45 	554.81 	497.97 	470.93 	474.39 	457.54 	348.45 	403.89 	415.34 
A,CRIM,CRT_RESL,P_HTHAB,SK	699.21 	755.56 	773.78 	755.26 	823.36 	818.58 	784.65 	698.09 	651.65 	1374.58 	1352.94 	1319.40 	1224.01 	1156.00 	1212.24 
A,CRIM,CRT_RESL,P_HTHAB,TR	: 	2408.21 	2338.21 	2387.96 	2733.62 	2304.78 	2110.73 	2243.42 	2055.15 	1764.54 	1999.07 	2143.51 	1653.22 	2350.16 	2263.68 
A,CRIM,CRT_RESL,P_HTHAB,UKM	: 	: 	: 	: 	: 	: 	: 	: 	: 	1922.63 	: 	: 	: 	: 	: 
A,CRIM,CRT_RESL,P_HTHAB,UKN	3175.00 	3228.95 	3191.74 	3246.30 	3090.98 	2780.55 	2499.43 	2443.61 	: 	2246.50 	2225.37 	: 	: 	: 	: 
A,CRIM,CRT_RESL,P_HTHAB,XK	606.42 	624.21 	560.71 	1084.90 	: 	: 	: 	: 	1345.22 	1440.85 	1456.60 	1619.29 	: 	: 	: 
A,OTH,CRT_BGHT,NR,AL	: 	: 	: 	: 	: 	7064 	10914 	13823 	14039 	15265 	15170 	13778 	9841 	15332 	: 
A,OTH,CRT_BGHT,NR,BA	0 	0 	0 	0 	0 	0 	0 	0 	0 	0 	: 	: 	: 	0 	0 
A,OTH,CRT_BGHT,NR,BE	: 	: 	: 	: 	: 	: 	: 	: 	: 	10498 	9951 	9937 	9008 	: 	: 
A,OTH,CRT_BGHT,NR,CH	48887 	: 	219417 	: 	80468 	: 	: 	: 	52050 	: 	: 	: 	: 	: 	: 
A,OTH,CRT_BGHT,NR,DE	: 	: 	: 	: 	: 	833973 	789267 	766416 	753370 	707242 	748040 	729106 	671945 	575196 	526491 
A,OTH,CRT_BGHT,NR,DK	489878 	559320 	561793 	539000 	500198 	498875 	492922 	484805 	493845 	518477 	529837 	539045 	482709 	463066 	499927 
A,OTH,CRT_BGHT,NR,EE	13566 	31166 	4875 	5111 	6917 	8790 	10861 	11695 	10032 	7352 	7067 	6942 	5952 	5500 	5113 
A,OTH,CRT_BGHT,NR,ES	361967 	424795 	386711 	378975 	407066 	422319 	375070 	345989 	0 	0 	0 	: 	0 	0 	0 
A,OTH,CRT_BGHT,NR,FI	19336 	20904 	20924 	20282 	19625 	20334 	19515 	19866 	19163 	19303 	20974 	21314 	21324 	16969 	19645 
A,OTH,CRT_BGHT,NR,HR	953045 	902150 	480665 	493502 	496364 	499097 	650312 	626578 	657729 	651161 	635421 	644117 	622721 	718517 	730176 
A,OTH,CRT_BGHT,NR,HU	68115 	112742 	118299 	130120 	206762 	1140378 	948533 	942769 	889212 	914082 	820758 	750192 	742276 	773916 	736038 
A,OTH,CRT_BGHT,NR,IT	10922 	13940 	11032 	9605 	6923 	6359 	6359 	: 	: 	5785 	7956 	: 	9099 	6376 	: 
A,OTH,CRT_BGHT,NR,LI	: 	: 	: 	: 	: 	: 	: 	132 	136 	129 	135 	174 	171 	209 	: 
A,OTH,CRT_BGHT,NR,LT	86274 	91339 	92894 	79795 	74882 	76318 	79139 	88663 	77492 	21518 	19323 	22039 	19633 	12402 	4573 
A,OTH,CRT_BGHT,NR,LU	: 	: 	: 	: 	: 	: 	: 	: 	4084 	3972 	4295 	4079 	: 	: 	: 
A,OTH,CRT_BGHT,NR,LV	25689 	18934 	17075 	16368 	10150 	8796 	7407 	7385 	7446 	8183 	7747 	8530 	5797 	2936 	2405 
A,OTH,CRT_BGHT,NR,ME	39029 	38535 	33101 	31896 	23023 	27298 	31498 	4019 	4912 	4757 	5080 	6672 	4679 	5777 	7116 
A,OTH,CRT_BGHT,NR,MT	: 	: 	: 	: 	: 	: 	: 	: 	: 	: 	620 	427 	363 	387 	389 
A,OTH,CRT_BGHT,NR,PL	981836 	1007247 	978646 	1000553 	1040316 	1090679 	1073204 	992519 	896116 	914046 	972123 	934378 	786415 	849025 	923993 
A,OTH,CRT_BGHT,NR,PT	37105 	18717 	18071 	19939 	16039 	13675 	20272 	17630 	18580 	17216 	15811 	14037 	11740 	14940 	16669 
A,OTH,CRT_BGHT,NR,RO	131309 	344752 	607145 	639375 	552947 	583186 	282321 	195770 	260845 	196304 	183001 	187257 	182041 	182595 	201957 
A,OTH,CRT_BGHT,NR,RS	: 	: 	: 	: 	: 	519902 	527224 	653729 	599822 	508178 	467833 	682692 	530154 	602851 	555216 
A,OTH,CRT_BGHT,NR,SE	3001 	3219 	3138 	4649 	5473 	5853 	5581 	5777 	6896 	6109 	7164 	7328 	7291 	6845 	7307 
A,OTH,CRT_BGHT,NR,SI	123508 	155936 	158412 	146696 	193374 	189344 	174098 	168685 	185555 	186854 	176033 	174340 	158800 	220688 	233105 
A,OTH,CRT_BGHT,NR,SK	668588 	672961 	746768 	930620 	1026761 	1155732 	954863 	722447 	709243 	601399 	377665 	572200 	435673 	561627 	555663 
A,OTH,CRT_BGHT,NR,UKC-L	: 	: 	: 	263716 	265997 	253166 	229280 	227349 	224541 	: 	: 	: 	: 	: 	: 
A,OTH,CRT_BGHT,NR,UKN	0 	0 	0 	0 	0 	0 	0 	0 	0 	0 	0 	: 	: 	: 	: 
A,OTH,CRT_BGHT,NR,XK	68970 	68757 	62414 	56962 	57363 	56990 	48186 	50820 	39470 	38460 	40304 	46146 	: 	: 	: 
A,OTH,CRT_BGHT,P_HTHAB,AL	: 	: 	: 	: 	: 	: 	376.87 	479.00 	488.21 	530.66 	528.51 	481.34 	345.79 	541.82 	: 
A,OTH,CRT_BGHT,P_HTHAB,BA	0.00 	0.00 	0.00 	0.00 	0.00 	: 	: 	: 	: 	: 	: 	: 	: 	: 	: 
A,OTH,CRT_BGHT,P_HTHAB,BE	: 	: 	: 	: 	: 	: 	: 	: 	: 	92.48 	87.30 	86.74 	78.18 	: 	: 
A,OTH,CRT_BGHT,P_HTHAB,CH	643.80 	: 	2818.17 	: 	1011.58 	: 	: 	: 	625.07 	: 	: 	: 	: 	: 	: 
A,OTH,CRT_BGHT,P_HTHAB,DE	: 	: 	: 	: 	: 	1035.69 	977.21 	943.89 	916.78 	857.04 	903.51 	878.24 	807.95 	691.72 	632.52 
A,OTH,CRT_BGHT,P_HTHAB,DK	8946.25 	10148.33 	10150.31 	9693.15 	8963.29 	8904.30 	8759.58 	8565.89 	8652.94 	9018.92 	9164.84 	9284.15 	8290.03 	7929.15 	8511.68 
A,OTH,CRT_BGHT,P_HTHAB,EE	1013.57 	2333.24 	365.64 	384.38 	521.95 	665.82 	825.42 	889.44 	762.34 	558.82 	535.73 	524.00 	447.86 	413.51 	383.92 
A,OTH,CRT_BGHT,P_HTHAB,ES	792.59 	918.69 	831.88 	812.08 	869.46 	903.78 	806.39 	744.87 	0.00 	0.00 	0.00 	: 	0.00 	0.00 	0.00 
A,OTH,CRT_BGHT,P_HTHAB,FI	364.80 	392.47 	391.00 	377.32 	363.34 	374.70 	357.99 	363.06 	349.22 	350.75 	380.44 	386.27 	385.93 	306.64 	354.08 
A,OTH,CRT_BGHT,P_HTHAB,HR	22102.33 	20932.55 	11170.86 	11503.93 	11608.18 	11710.01 	15312.96 	14829.14 	15695.08 	15674.71 	15477.34 	15801.72 	15344.89 	17801.13 	18905.19 
A,OTH,CRT_BGHT,P_HTHAB,HU	678.07 	1123.94 	1181.30 	1303.06 	2081.79 	11508.74 	9603.10 	9565.85 	9045.45 	9329.69 	8393.61 	7676.36 	7597.87 	7953.28 	7596.63 
A,OTH,CRT_BGHT,P_HTHAB,IT	18.62 	23.63 	18.64 	16.18 	11.66 	10.65 	10.46 	: 	: 	9.55 	13.15 	: 	15.26 	10.76 	: 
A,OTH,CRT_BGHT,P_HTHAB,LI	: 	: 	: 	: 	: 	: 	: 	353.26 	361.49 	341.18 	354.20 	453.38 	441.32 	535.14 	: 
A,OTH,CRT_BGHT,P_HTHAB,LT	2685.48 	2868.82 	2956.55 	2614.01 	2493.04 	2567.98 	2688.63 	3035.09 	2682.72 	755.57 	687.92 	788.75 	702.66 	443.61 	162.97 
A,OTH,CRT_BGHT,P_HTHAB,LU	: 	: 	: 	: 	: 	: 	: 	: 	708.72 	672.46 	713.45 	664.45 	: 	: 	: 
A,OTH,CRT_BGHT,P_HTHAB,LV	1172.05 	875.43 	805.23 	788.97 	496.38 	434.62 	370.08 	371.83 	378.17 	419.62 	400.49 	444.28 	303.88 	155.08 	128.21 
A,OTH,CRT_BGHT,P_HTHAB,ME	6340.58 	6243.95 	5347.49 	5145.76 	3711.54 	4396.57 	5067.89 	646.04 	789.43 	764.32 	816.25 	1072.36 	752.40 	930.66 	1152.05 
A,OTH,CRT_BGHT,P_HTHAB,MT	: 	: 	: 	: 	: 	: 	: 	: 	: 	: 	130.33 	86.51 	70.55 	74.99 	74.67 
A,OTH,CRT_BGHT,P_HTHAB,PL	2575.94 	2641.21 	2573.84 	2628.70 	2733.09 	2865.49 	2822.89 	2611.51 	2360.24 	2407.10 	2559.79 	2460.65 	2071.80 	2243.72 	2453.89 
A,OTH,CRT_BGHT,P_HTHAB,PT	351.59 	177.19 	170.91 	188.59 	152.14 	130.40 	194.41 	169.93 	179.67 	166.99 	153.64 	136.59 	114.03 	145.07 	161.02 
A,OTH,CRT_BGHT,P_HTHAB,RO	636.33 	1686.63 	2828.91 	2985.81 	2751.53 	2913.01 	1415.33 	985.22 	1320.04 	999.29 	936.99 	964.52 	941.81 	950.93 	1060.56 
A,OTH,CRT_BGHT,P_HTHAB,RS	: 	: 	: 	: 	: 	7239.46 	7377.11 	9188.82 	8476.41 	7218.16 	6681.95 	9803.49 	7653.77 	8773.15 	8168.42 
A,OTH,CRT_BGHT,P_HTHAB,SE	32.68 	34.78 	33.59 	49.38 	57.71 	61.25 	57.86 	59.27 	70.00 	61.12 	70.79 	71.63 	70.60 	65.95 	69.91 
A,OTH,CRT_BGHT,P_HTHAB,SI	6143.85 	7672.65 	7738.83 	7155.24 	9407.66 	9196.72 	8446.91 	8177.18 	8989.25 	9044.70 	8516.85 	8378.07 	7576.84 	10464.22 	11062.42 
A,OTH,CRT_BGHT,P_HTHAB,SK	12436.38 	12502.99 	13853.64 	17257.85 	18998.89 	21359.58 	17630.58 	13325.96 	13070.59 	11064.60 	6938.39 	10498.27 	7982.47 	10286.62 	10224.33 
A,OTH,CRT_BGHT,P_HTHAB,UKC-L	: 	: 	: 	471.49 	471.88 	446.04 	401.00 	394.21 	386.16 	: 	: 	: 	: 	: 	: 
A,OTH,CRT_BGHT,P_HTHAB,UKN	0.00 	0.00 	0.00 	0.00 	0.00 	0.00 	0.00 	0.00 	0.00 	0.00 	0.00 	: 	: 	: 	: 
A,OTH,CRT_BGHT,P_HTHAB,XK	3203.23 	3153.00 	2826.58 	3174.82 	: 	: 	: 	: 	2227.92 	2156.40 	2240.97 	2569.85 	: 	: 	: 
A,OTH,CRT_PEN,NR,AL	: 	: 	: 	: 	: 	1597 	5444 	3341 	3160 	3296 	3503 	3442 	4457 	6162 	: 
A,OTH,CRT_PEN,NR,BA	: 	: 	: 	: 	: 	: 	0 	0 	0 	0 	: 	: 	: 	0 	: 
A,OTH,CRT_PEN,NR,CH	8442 	28915 	37801 	17051 	13069 	: 	: 	: 	10538 	: 	: 	: 	: 	: 	: 
A,OTH,CRT_PEN,NR,DE	: 	: 	: 	: 	: 	659668 	631117 	613370 	600679 	577834 	625776 	613146 	593331 	536660 	492468 
A,OTH,CRT_PEN,NR,DK	126083 	144510 	143079 	110360 	89318 	88614 	93769 	98315 	107676 	115329 	122614 	109528 	97586 	92482 	94583 
A,OTH,CRT_PEN,NR,EE	912 	1174 	1301 	1153 	890 	: 	: 	: 	: 	: 	: 	: 	: 	: 	: 
A,OTH,CRT_PEN,NR,ES	176230 	229454 	245958 	268719 	297403 	333726 	321172 	287838 	257602 	: 	: 	: 	: 	: 	0 
A,OTH,CRT_PEN,NR,FI	9411 	9745 	9736 	9785 	9599 	10533 	3807 	4418 	3711 	3965 	2713 	2349 	2375 	1946 	2037 
A,OTH,CRT_PEN,NR,HR	236789 	222880 	69254 	62682 	59488 	48303 	129332 	105448 	102739 	89977 	90788 	101104 	104495 	117525 	109109 
A,OTH,CRT_PEN,NR,HU	21454 	28374 	30310 	29057 	61399 	178106 	145508 	183496 	168398 	153028 	110590 	101660 	116762 	90946 	85442 
A,OTH,CRT_PEN,NR,IT	65113 	56582 	45711 	32255 	25524 	17645 	17645 	: 	: 	13770 	11051 	12287 	15126 	11376 	: 
A,OTH,CRT_PEN,NR,LI	: 	: 	: 	: 	: 	: 	: 	42 	39 	47 	58 	55 	59 	70 	: 
A,OTH,CRT_PEN,NR,LT	4553 	4126 	4070 	3596 	3008 	2943 	3246 	4366 	2404 	1154 	1274 	1063 	1451 	575 	561 
A,OTH,CRT_PEN,NR,LU	: 	: 	: 	: 	: 	: 	: 	: 	1440 	1340 	1319 	1033 	: 	: 	: 
A,OTH,CRT_PEN,NR,LV	840 	655 	680 	770 	1596 	1312 	1272 	624 	800 	1200 	1307 	1748 	917 	917 	826 
A,OTH,CRT_PEN,NR,ME	24403 	17807 	16256 	15153 	11119 	10222 	9056 	1764 	1008 	695 	749 	778 	688 	701 	988 
A,OTH,CRT_PEN,NR,MT	: 	: 	: 	: 	: 	: 	: 	: 	: 	: 	483 	464 	531 	544 	567 
A,OTH,CRT_PEN,NR,PL	226631 	246197 	256422 	265629 	280931 	325849 	342124 	322466 	285117 	293906 	332984 	362439 	366512 	346244 	346800 
A,OTH,CRT_PEN,NR,PT	15983 	13358 	11633 	10197 	7644 	6422 	7031 	6399 	5580 	3760 	3568 	3124 	3462 	3876 	4531 
A,OTH,CRT_PEN,NR,RO	9226 	9387 	12797 	13942 	9651 	6684 	59538 	102151 	99793 	109599 	102766 	101839 	120270 	124925 	120053 
A,OTH,CRT_PEN,NR,RS	: 	: 	: 	: 	: 	400563 	445944 	592635 	614540 	612318 	540059 	550784 	575711 	584777 	437685 
A,OTH,CRT_PEN,NR,SE	2726 	2751 	2541 	3147 	3162 	3385 	3118 	3001 	3331 	3010 	3597 	3461 	3410 	3396 	3485 
A,OTH,CRT_PEN,NR,SI	22554 	23224 	21071 	22375 	47006 	38258 	33781 	28367 	27503 	29111 	27850 	27467 	28712 	28342 	27555 
A,OTH,CRT_PEN,NR,SK	311165 	165153 	138369 	185446 	206512 	253913 	230757 	160178 	203288 	121949 	92269 	171842 	85943 	89022 	89818 
A,OTH,CRT_PEN,NR,XK	152664 	179047 	190318 	165342 	159433 	175470 	166344 	147139 	124709 	116103 	113865 	115438 	: 	: 	: 
A,OTH,CRT_PEN,P_HTHAB,AL	: 	: 	: 	: 	: 	: 	187.99 	115.77 	109.89 	114.58 	122.04 	120.25 	156.61 	217.76 	: 
A,OTH,CRT_PEN,P_HTHAB,CH	111.17 	375.43 	485.51 	216.65 	164.29 	: 	: 	: 	126.55 	: 	: 	: 	: 	: 	: 
A,OTH,CRT_PEN,P_HTHAB,DE	: 	: 	: 	: 	: 	819.22 	781.40 	755.40 	730.97 	700.22 	755.84 	738.56 	713.42 	645.37 	591.64 
A,OTH,CRT_PEN,P_HTHAB,DK	2302.55 	2622.00 	2585.11 	1984.67 	1600.53 	1581.65 	1666.34 	1737.10 	1886.65 	2006.15 	2120.91 	1886.44 	1675.94 	1583.58 	1610.36 
A,OTH,CRT_PEN,P_HTHAB,EE	68.14 	87.89 	97.58 	86.71 	67.16 	: 	: 	: 	: 	: 	: 	: 	: 	: 	: 
A,OTH,CRT_PEN,P_HTHAB,ES	385.89 	496.23 	529.09 	575.82 	635.23 	714.19 	690.51 	619.68 	554.70 	: 	: 	: 	: 	: 	0.00 
A,OTH,CRT_PEN,P_HTHAB,FI	177.55 	182.96 	181.93 	182.04 	177.72 	194.10 	69.84 	80.74 	67.63 	72.05 	49.21 	42.57 	42.98 	35.17 	36.71 
A,OTH,CRT_PEN,P_HTHAB,HR	5491.44 	5171.47 	1609.49 	1461.17 	1391.21 	1133.30 	3045.39 	2495.62 	2451.61 	2165.92 	2211.38 	2480.32 	2574.93 	2911.66 	2824.97 
A,OTH,CRT_PEN,P_HTHAB,HU	213.57 	282.86 	302.67 	290.99 	618.20 	1797.45 	1473.15 	1861.85 	1713.02 	1561.90 	1130.97 	1040.24 	1195.17 	934.62 	881.84 
A,OTH,CRT_PEN,P_HTHAB,IT	111.01 	95.90 	77.23 	54.33 	42.97 	29.56 	29.03 	: 	: 	22.73 	18.27 	20.54 	25.36 	19.20 	: 
A,OTH,CRT_PEN,P_HTHAB,LI	: 	: 	: 	: 	: 	: 	: 	112.40 	103.66 	124.31 	152.18 	143.31 	152.27 	179.23 	: 
A,OTH,CRT_PEN,P_HTHAB,LT	141.72 	129.59 	129.54 	117.80 	100.15 	99.03 	110.28 	149.46 	83.22 	40.52 	45.36 	38.04 	51.93 	20.57 	19.99 
A,OTH,CRT_PEN,P_HTHAB,LU	: 	: 	: 	: 	: 	: 	: 	: 	249.89 	226.86 	219.10 	168.27 	: 	: 	: 
A,OTH,CRT_PEN,P_HTHAB,LV	38.32 	30.28 	32.07 	37.12 	78.05 	64.83 	63.55 	31.42 	40.63 	61.53 	67.57 	91.04 	48.07 	48.44 	44.04 
A,OTH,CRT_PEN,P_HTHAB,ME	3964.47 	2885.33 	2626.17 	2444.62 	1792.50 	1646.34 	1457.07 	283.56 	162.00 	111.67 	120.35 	125.04 	110.63 	112.93 	159.95 
A,OTH,CRT_PEN,P_HTHAB,MT	: 	: 	: 	: 	: 	: 	: 	: 	: 	: 	101.53 	94.01 	103.19 	105.41 	108.84 
A,OTH,CRT_PEN,P_HTHAB,PL	594.59 	645.58 	674.39 	697.87 	738.05 	856.09 	899.90 	848.47 	750.96 	773.99 	876.81 	954.47 	965.57 	915.02 	921.01 
A,OTH,CRT_PEN,P_HTHAB,PT	151.45 	126.46 	110.02 	96.45 	72.51 	61.24 	67.43 	61.68 	53.96 	36.47 	34.67 	30.40 	33.63 	37.64 	43.77 
A,OTH,CRT_PEN,P_HTHAB,RO	44.71 	45.92 	59.63 	65.11 	48.02 	33.39 	298.48 	514.08 	505.02 	557.92 	526.18 	524.55 	622.23 	650.59 	630.45 
A,OTH,CRT_PEN,P_HTHAB,RS	: 	: 	: 	: 	: 	5577.70 	6239.81 	8330.09 	8684.39 	8697.36 	7713.54 	7909.29 	8311.47 	8510.12 	6439.29 
A,OTH,CRT_PEN,P_HTHAB,SE	29.69 	29.72 	27.20 	33.42 	33.34 	35.42 	32.33 	30.79 	33.81 	30.11 	35.54 	33.83 	33.02 	32.72 	33.34 
A,OTH,CRT_PEN,P_HTHAB,SI	1121.94 	1142.71 	1029.37 	1091.36 	2286.84 	1858.25 	1638.99 	1375.12 	1332.39 	1409.12 	1347.44 	1319.95 	1369.94 	1343.87 	1307.67 
A,OTH,CRT_PEN,P_HTHAB,SK	5787.97 	3068.39 	2566.95 	3439.00 	3821.24 	4692.68 	4260.69 	2954.58 	3746.38 	2243.63 	1695.15 	3152.82 	1574.66 	1630.50 	1652.67 
A,OTH,CRT_PEN,P_HTHAB,XK	7090.30 	8210.58 	8619.06 	9215.46 	: 	: 	: 	: 	7039.33 	6509.73 	6331.09 	6428.70 	: 	: 	: 
A,OTH,CRT_RESL,NR,AL	: 	: 	: 	: 	: 	5564 	10273 	6454 	10879 	11964 	11667 	10336 	5384 	13351 	: 
A,OTH,CRT_RESL,NR,BA	0 	0 	0 	0 	0 	0 	0 	0 	0 	0 	: 	: 	: 	0 	: 
A,OTH,CRT_RESL,NR,CH	47766 	: 	212531 	: 	84450 	: 	: 	: 	49990 	: 	: 	: 	: 	: 	: 
A,OTH,CRT_RESL,NR,DE	: 	: 	: 	: 	: 	835073 	817818 	784163 	766061 	730087 	700068 	741841 	692195 	632199 	570950 
A,OTH,CRT_RESL,NR,DK	466296 	539022 	571519 	577157 	524714 	501540 	490107 	483232 	486018 	514154 	525651 	556955 	498453 	470156 	498615 
A,OTH,CRT_RESL,NR,EE	10351 	23651 	11559 	5034 	5903 	7507 	10329 	10872 	10628 	7380 	6771 	6905 	5926 	5446 	4878 
A,OTH,CRT_RESL,NR,ES	286064 	341521 	342766 	333820 	353657 	355334 	357335 	365173 	0 	0 	0 	: 	0 	0 	0 
A,OTH,CRT_RESL,NR,FI	20897 	19584 	20014 	19223 	18696 	18235 	17934 	18289 	17922 	17940 	20262 	20402 	21031 	16268 	18898 
A,OTH,CRT_RESL,NR,HR	979094 	905208 	506717 	505610 	499196 	510229 	707721 	638810 	659606 	662508 	635162 	628632 	621175 	705915 	736646 
A,OTH,CRT_RESL,NR,HU	72865 	111228 	116391 	131373 	174420 	1241377 	980426 	956058 	923208 	908592 	833811 	760113 	727040 	799732 	741542 
A,OTH,CRT_RESL,NR,IT	31376 	22466 	21449 	19507 	16504 	14161 	14161 	: 	: 	5915 	8503 	7229 	6188 	10270 	: 
A,OTH,CRT_RESL,NR,LI	: 	: 	: 	: 	: 	: 	: 	139 	139 	121 	124 	177 	169 	198 	: 
A,OTH,CRT_RESL,NR,LT	85400 	91766 	92950 	80269 	75470 	76383 	78863 	87543 	79454 	22768 	19203 	22250 	19245 	13278 	4587 
A,OTH,CRT_RESL,NR,LU	: 	: 	: 	: 	: 	: 	: 	: 	4290 	4072 	4290 	4365 	: 	: 	: 
A,OTH,CRT_RESL,NR,LV	25501 	19119 	17050 	16278 	9324 	9080 	7443 	7439 	7368 	8411 	7604 	8031 	6628 	2936 	2496 
A,OTH,CRT_RESL,NR,ME	40272 	39973 	29381 	32982 	25645 	28399 	35151 	7388 	5632 	5056 	5025 	6613 	4738 	5742 	6808 
A,OTH,CRT_RESL,NR,MT	: 	: 	: 	: 	: 	: 	: 	: 	: 	: 	423 	329 	197 	240 	368 
A,OTH,CRT_RESL,NR,PL	964985 	987678 	968318 	991525 	1025090 	1045701 	1056931 	1012180 	932831 	906050 	933045 	901653 	782270 	869377 	923415 
A,OTH,CRT_RESL,NR,PT	90136 	21342 	19783 	21375 	18592 	14924 	19666 	18229 	19396 	19017 	15964 	14478 	11402 	14526 	16014 
A,OTH,CRT_RESL,NR,RO	56272 	53170 	49831 	43458 	41705 	32294 	87992 	214286 	189741 	186498 	193738 	189924 	165126 	204398 	197584 
A,OTH,CRT_RESL,NR,RS	: 	: 	: 	: 	: 	655698 	570670 	692154 	815815 	739320 	732276 	676731 	505031 	593812 	702220 
A,OTH,CRT_RESL,NR,SE	3084 	3283 	3354 	3941 	5463 	5636 	5860 	5901 	6564 	6435 	6577 	7374 	7343 	6860 	7219 
A,OTH,CRT_RESL,NR,SI	119127 	155371 	159797 	145412 	204450 	197415 	178516 	174125 	186290 	185169 	178069 	174643 	157444 	221049 	233773 
A,OTH,CRT_RESL,NR,SK	553335 	697075 	743384 	926423 	1006530 	1108811 	976483 	793026 	665875 	620046 	408220 	489780 	521572 	558548 	554867 
A,OTH,CRT_RESL,NR,UKC-L	: 	: 	: 	232633 	233931 	206636 	216744 	190724 	195820 	: 	: 	: 	: 	: 	: 
A,OTH,CRT_RESL,NR,UKN	0 	0 	0 	0 	0 	0 	: 	: 	: 	: 	: 	: 	: 	: 	: 
A,OTH,CRT_RESL,NR,XK	37776 	39322 	42147 	55522 	61019 	48855 	58401 	47111 	61900 	47149 	42399 	44250 	: 	: 	: 
A,OTH,CRT_RESL,P_HTHAB,AL	: 	: 	: 	: 	: 	: 	354.74 	223.65 	378.32 	415.91 	406.47 	361.09 	189.18 	471.81 	: 
A,OTH,CRT_RESL,P_HTHAB,BA	0.00 	0.00 	0.00 	0.00 	0.00 	: 	: 	: 	: 	: 	: 	: 	: 	: 	: 
A,OTH,CRT_RESL,P_HTHAB,CH	629.04 	: 	2729.72 	: 	1061.64 	: 	: 	: 	600.33 	: 	: 	: 	: 	: 	: 
A,OTH,CRT_RESL,P_HTHAB,DE	: 	: 	: 	: 	: 	1037.05 	1012.56 	965.75 	932.22 	884.72 	845.57 	893.58 	832.30 	760.27 	685.93 
A,OTH,CRT_RESL,P_HTHAB,DK	8515.59 	9780.04 	10326.04 	10379.35 	9402.61 	8951.87 	8709.55 	8538.10 	8515.80 	8943.72 	9092.44 	9592.62 	8560.42 	8050.55 	8489.35 
A,OTH,CRT_RESL,P_HTHAB,EE	773.36 	1770.63 	866.95 	378.59 	445.44 	568.64 	784.99 	826.85 	807.63 	560.95 	513.29 	521.20 	445.91 	409.45 	366.27 
A,OTH,CRT_RESL,P_HTHAB,ES	626.39 	738.60 	737.34 	715.32 	755.38 	760.43 	768.26 	786.17 	0.00 	0.00 	0.00 	: 	0.00 	0.00 	0.00 
A,OTH,CRT_RESL,P_HTHAB,FI	394.25 	367.68 	373.99 	357.62 	346.14 	336.03 	328.99 	334.24 	326.61 	325.99 	367.52 	369.74 	380.63 	293.98 	340.61 
A,OTH,CRT_RESL,P_HTHAB,HR	22706.44 	21003.50 	11776.32 	11786.17 	11674.41 	11971.19 	16664.77 	15118.63 	15739.87 	15947.86 	15471.03 	15421.84 	15306.80 	17488.92 	19072.70 
A,OTH,CRT_RESL,P_HTHAB,HU	725.36 	1108.85 	1162.25 	1315.61 	1756.16 	12528.03 	9925.99 	9700.69 	9391.28 	9273.65 	8527.10 	7777.88 	7441.92 	8218.59 	7653.43 
A,OTH,CRT_RESL,P_HTHAB,IT	53.49 	38.08 	36.24 	32.86 	27.79 	23.73 	23.30 	: 	: 	9.76 	14.06 	12.09 	10.38 	17.34 	: 
A,OTH,CRT_RESL,P_HTHAB,LI	: 	: 	: 	: 	: 	: 	: 	372.00 	369.46 	320.02 	325.34 	461.20 	436.16 	506.98 	: 
A,OTH,CRT_RESL,P_HTHAB,LT	2658.28 	2882.23 	2958.33 	2629.54 	2512.62 	2570.17 	2679.25 	2996.75 	2750.65 	799.47 	683.65 	796.30 	688.78 	474.95 	163.47 
A,OTH,CRT_RESL,P_HTHAB,LU	: 	: 	: 	: 	: 	: 	: 	: 	744.47 	689.39 	712.62 	711.03 	: 	: 	: 
A,OTH,CRT_RESL,P_HTHAB,LV	1163.47 	883.98 	804.05 	784.63 	455.98 	448.66 	371.88 	374.55 	374.21 	431.31 	393.10 	418.29 	347.44 	155.08 	133.07 
A,OTH,CRT_RESL,P_HTHAB,ME	6542.52 	6476.96 	4746.52 	5320.96 	4134.24 	4573.90 	5655.64 	1187.59 	905.15 	812.36 	807.41 	1062.87 	761.89 	925.03 	1102.18 
A,OTH,CRT_RESL,P_HTHAB,MT	: 	: 	: 	: 	: 	: 	: 	: 	: 	: 	88.92 	66.66 	38.28 	46.50 	70.64 
A,OTH,CRT_RESL,P_HTHAB,PL	2531.73 	2589.89 	2546.67 	2604.98 	2693.08 	2747.32 	2780.09 	2663.24 	2456.94 	2386.04 	2456.89 	2374.47 	2060.88 	2297.51 	2452.35 
A,OTH,CRT_RESL,P_HTHAB,PT	854.10 	202.04 	187.10 	202.17 	176.35 	142.31 	188.60 	175.70 	187.56 	184.46 	155.13 	140.88 	110.74 	141.05 	154.69 
A,OTH,CRT_RESL,P_HTHAB,RO	272.70 	260.12 	232.18 	202.94 	207.53 	161.31 	441.12 	1078.40 	960.21 	949.37 	991.97 	978.26 	854.30 	1064.48 	1037.60 
A,OTH,CRT_RESL,P_HTHAB,RS	: 	: 	: 	: 	: 	9130.37 	7985.02 	9728.93 	11528.72 	10501.30 	10458.93 	9717.89 	7291.07 	8641.61 	10331.16 
A,OTH,CRT_RESL,P_HTHAB,SE	33.58 	35.47 	35.91 	41.86 	57.61 	58.98 	60.76 	60.54 	66.63 	64.38 	64.99 	72.08 	71.10 	66.09 	69.07 
A,OTH,CRT_RESL,P_HTHAB,SI	5925.92 	7644.85 	7806.49 	7092.61 	9946.50 	9588.74 	8661.26 	8440.89 	9024.86 	8963.14 	8615.35 	8392.63 	7512.14 	10481.34 	11094.12 
A,OTH,CRT_RESL,P_HTHAB,SK	10292.57 	12951.00 	13790.86 	17180.01 	18624.54 	20492.42 	18029.77 	14627.84 	12271.36 	11407.67 	7499.74 	8986.09 	9556.32 	10230.23 	10209.69 
A,OTH,CRT_RESL,P_HTHAB,UKC-L	: 	: 	: 	415.92 	414.99 	364.06 	379.08 	330.71 	336.76 	: 	: 	: 	: 	: 	: 
A,OTH,CRT_RESL,P_HTHAB,UKN	0 	0 	0 	0 	0 	0 	: 	: 	: 	: 	: 	: 	: 	: 	: 
A,OTH,CRT_RESL,P_HTHAB,XK	1754.46 	1803.19 	1908.74 	3094.56 	: 	: 	: 	: 	3494.01 	2643.58 	2357.46 	2464.27 	: 	: 	: 
